Fecha;ICA_diario_avg;Temperatura;Velocidad.del.viento;Precipitacion;Radiacion.solar;NOx;PM10;O3
2015-01-01;1.8;9.8;2;0;101;76;15;28
2015-01-02;2.2;11.4;2;0;109;201;19.1592248903749;20
2015-01-03;2.2;14.1;2;0;111;178;21.4895696672525;17
2015-01-04;2;13.4;2.1;0;108;111;23.8199144441301;28
2015-01-05;2.4;10.4;2.2;0;106;153.648945493346;26.1502592210078;24
2015-01-06;3.4;9.6;1;0;97;163.986422497029;28.4806039978854;28
2015-01-07;3.2;10.5;1.9;0;67;210;37;22
2015-01-08;3.6;10.3;1.5;0;105;167;36;18
2015-01-09;2.6;11.9;1.8;0;113;226;36;16
2015-01-10;2.2;15.3;1.9;0;117;178;27;17
2015-01-11;2.2;14.9;2.3;0;110;144;20;16
2015-01-12;2.2;11.7;2.1;0;103;145;23;23.4701316249719
2015-01-13;2.8;12.8;1.8;0;109;153;30;28.2246931007986
2015-01-14;2.4;13.8;2;0;114;112;32;32.9792545766253
2015-01-15;2.6;14.8;2.4;0;109;164;45;33
2015-01-16;2;13.1;4.4;0;75;74;33;55
2015-01-17;1.4;10.1;3.5;0;120;71;17;58
2015-01-18;1.4;8.3;1.2;1.4;82;62;12;49
2015-01-19;1.6;7.5;1.2;5.2;20;108;8;32
2015-01-20;1.8;7.5;1.7;0;103;133;33;28
2015-01-21;1.4;8.4;3.8;0;101;72;34;37
2015-01-22;1.4;9.5;3.8;0;102;73;24;55
2015-01-23;1.8;11;4.4;0;131;72;20;65
2015-01-24;1.6;11.3;4;0;129;68;23;51
2015-01-25;2;13.8;3.5;0;134;87;16;60
2015-01-26;2.2;10.3;1.5;0;135;174;36;31
2015-01-27;2;12.3;3.5;0;126;103;61;46.9591767141619
2015-01-28;2;11.5;2.4;0;139;128;48;51.6630980968154
2015-01-29;2.4;13.8;5.7;0;107;56;63;56.3670194794689
2015-01-30;3.2;17.7;15.2;5.8;127;18;87;61
2015-01-31;2;13.3;7.7;2.4;130;31;13;70
2015-02-01;2;10.2;6.9;0;137;22;8;70
2015-02-02;1.6;9.5;4.7;0;94;45;24;49
2015-02-03;2;11.9;6.4;0.2;144;35;26.3179983257796;63
2015-02-04;2;7.2;4.8;0;84;55.2341881118058;25.8922063717001;69
2015-02-05;2.2;7.4;6.4;0;134;61.759377971339;25.4664144176205;69
2015-02-06;2;6.7;4.2;0;141;71;25.040622463541;53
2015-02-07;2.2;5.9;0.8;0;50;88;24.6148305094614;23
2015-02-08;1.6;8.3;3;0;157;57;24.1890385553819;48
2015-02-09;1.8;8.6;2.7;0;122;96;23.7632466013024;53
2015-02-10;1.8;10.2;1.1;0;116;113;23.3374546472228;70
2015-02-11;1.8;10.5;2.8;0;57;56;22;64
2015-02-12;2;9.6;0.7;1.8;37;122;25;37
2015-02-13;2;12.2;2.2;0.2;145;113;28;33
2015-02-14;1.8;14.4;4.2;0;87;43;16;61
2015-02-15;1.4;16.2;2.4;0;119;45;9;59
2015-02-16;1.6;14.2;2.5;0;139;92;23;53
2015-02-17;1.4;12;5.2;0.6;63;41;13;56
2015-02-18;1.8;11.8;1.9;0;101;91;20;59
2015-02-19;2.2;10.3;1.6;0.2;89;102;27;59
2015-02-20;2.4;9.9;2.6;0;167;98;26;53
2015-02-21;2;11.9;5.1;0;99;43;24;57.8341733526805
2015-02-22;2;12.8;4.9;0;182;41;12;59.8246072444716
2015-02-23;1.6;15.4;5.5;0;111;43;19;61.8150411362626
2015-02-24;2;13.5;7.1;0;158;42;11;63.8054750280536
2015-02-25;2;14.6;5.4;0;79;59;16;65.7959089198447
2015-02-26;1.8;18.4;5.2;0;194;63;12;67.7863428116357
2015-02-27;2;14.9;6.4;0;186;44;24;78
2015-02-28;1.8;12.2;2.1;0;179;88;18;61
2015-03-01;1.2;18.4;3.7;0;175;45;11;49
2015-03-02;1.2;21.3;3.7;0;210;49;15;36
2015-03-03;1.6;15.6;1.7;0;151;66;16;49
2015-03-04;2.4;14.2;4.3;0.1;156;59;39;53
2015-03-05;2.4;12.7;3.9;0;215;97;18;65
2015-03-06;2.4;11.7;2.7;0;211;118;23;43
2015-03-07;2.4;13.2;1.9;0;214;90;27;55
2015-03-08;2.2;11.9;0.8;0;145;65;26;68
2015-03-09;2.8;13;0.9;0;182;122;30;52
2015-03-10;3.4;13.2;1.5;0;208;126;37;49
2015-03-11;4;13.9;1.3;0;202;154;48;39
2015-03-12;3.8;15.8;2.5;0;213;120;44;62
2015-03-13;4;13.1;1.4;0;173;87;38;69
2015-03-14;2.2;12.1;2.5;0.5;148;84;25;62
2015-03-15;2;11.1;2.4;0.4;168;68;22;78
2015-03-16;2;10;1.5;0.6;217;89;17;75
2015-03-17;2;9.9;2.4;0;200;62;24;82
2015-03-18;2.2;11.1;4.5;5;42;52.0215149182787;22.0998881182068;100
2015-03-19;2.6;12;11.5;3.9;25;14;24;117
2015-03-20;2.4;11.5;13.5;11.7;50;16;21;112
2015-03-21;2;9.7;2.6;21.6;96;42.5241263887154;17.9206776018059;88
2015-03-22;2;7.6;2.4;4;37;45.9035018118182;16.0562008075887;81
2015-03-23;2;6.4;2.6;17.8;48;49.282877234921;14.1917240133714;93
2015-03-24;2;9.334167650514;3.8;4.8;49;52.6622526580238;12.3272472191542;89
2015-03-25;2;12;5.1;0;218;46;6;88
2015-03-26;2;12.9;3.8;0;247;88;8;76
2015-03-27;1.6;19.8;5.1;0;256;48;7;73
2015-03-28;1.6;20.2;2.8;0;261;67;8;68
2015-03-29;1.4;18.3;2.6;0;243;52;11;73
2015-03-30;2;22.8;3;0;213;81;15;61
2015-03-31;2.2;22.5;1.7;0;261;110;18;61
2015-04-01;2;17;2.2;0;259;78;15;68
2015-04-02;2;15;1.7;0;262;71;14;57
2015-04-03;2;14.8;1.1;0;258;29;14;58
2015-04-04;2;13.7;2.1;0;221;26;9;60
2015-04-05;2;14.1;1.6;0;262;23;10;63
2015-04-06;2;12.8;1.7;2.6;139;25;6;84
2015-04-07;2;13.1;3.3;0;195;24;9;80
2015-04-08;2;13.2;2.2;0;252;36;8;94
2015-04-09;2;13.1;1.6;0;161;35;8;83
2015-04-10;2;13.8;1.2;0;240;54;12;79
2015-04-11;2;13.2;0.9;0.2;77;43;17;72
2015-04-12;2.2;13.8;2;0;214;19;16;88
2015-04-13;2;15.2;0.9;0;228;28;13;92
2015-04-14;2;15.9;0.8;0;237;71;16;58
2015-04-15;2;14.8;1.4;0.2;93;61;20;65
2015-04-16;2.2;18.2;2.3;0;243;57;16;54
2015-04-17;1.8;18.8;3.6;0;262;52;10;68
2015-04-18;2.2;17.4;1.1;0;262;40;12;74
2015-04-19;2;17.8;3.9;0;254;19;5;84
2015-04-20;2;16.2;1.6;0;287;49;10;72
2015-04-21;2;16;0.7;0;249;53;17;77
2015-04-22;2;16.5;1.1;0;211;48;20;77
2015-04-23;2.4;17.2;1.6;0;260;70;29;64
2015-04-24;3;17;2.2;0;247;51;37;68
2015-04-25;2.6;19.2;1.7;0;185;38;36;63
2015-04-26;2.4;20.5;4.2;0;220;19;24;65
2015-04-27;2.2;19.2;6.7;0;289;21;11;79
2015-04-28;1.8;17.7;3.5;2;299;43;14;72
2015-04-29;2;17.1;1.2;0;287;39;21;75
2015-04-30;2;17.4;1.6;0;308;45;26;75
2015-05-01;2.2;23.6;3;0;230;32;24;62
2015-05-02;1.8;22.9;2.2;0;313;43;19;69
2015-05-03;2.2;25.5;1.6;0;268;38;24;70
2015-05-04;2;20.9;1.6;0;209;27;24;96
2015-05-05;1.8;24.4;3.5;0;188;34;20;64
2015-05-06;1.8;20.8;2.7;0;323;42;14;73
2015-05-07;2;19.1;1.3;0;297;32;18;76
2015-05-08;2.4;24.1;3;0;330;66;35;56
2015-05-09;2;22.1;2.1;0;321;49;20;71
2015-05-10;2;20.7;2.2;0;314;42;16;74
2015-05-11;2;20.8;1.2;0;328;85;14;70
2015-05-12;2;20.9;1.2;0;327;83;19;68
2015-05-13;2;22.5;0.9;0;290;102;29;62
2015-05-14;3.6;32.3;3.5;0;291;148;102;55
2015-05-15;2;21.3;4.5;0.4;344;60;28;80
2015-05-16;2;20;3.1;0;344;53;8;84
2015-05-17;2;19.4;1.7;0;342;49;8;70
2015-05-18;2;19.4;3.4;0;332;78;13;66
2015-05-19;2;17.3;3;12;109;37;9;67
2015-05-20;2;16;3.2;0;343;66;8;71
2015-05-21;2;16.8;3.4;0;347;68;6;79
2015-05-22;2;16.5;3.2;0;341;71;9;78
2015-05-23;2;17.5;2.9;0;341;48;10;80
2015-05-24;2;18.2;1.7;0;242;47;9;85
2015-05-25;2;20.4;1.7;0;324;83;14;70
2015-05-26;2;20;3.5;0;343;72;11;65
2015-05-27;2;19.4;2.1;0;339;63;12;75
2015-05-28;2;19.2;2.5;0;283;59;15;83
2015-05-29;2;19.7;1.8;0;297;75;13;89
2015-05-30;2;19.8;1.7;1.2;316;43;13;83
2015-05-31;2;20.2;1.4;0;297;38;11;86
2015-06-01;2;20.8;1.7;0;301;53;13;82
2015-06-02;2;21.7;1.5;0;323;50;16;78
2015-06-03;2;22.2;1.6;0;336;85;13;79
2015-06-04;2;22.8;1.9;0;343;92;15;72
2015-06-05;2;22.8;1.1;0;338;88;16;72
2015-06-06;2;22.9;1.6;0;341;69;12;71
2015-06-07;2;23.3;1.9;0;348;60;10;74
2015-06-08;2;24.3;2.8;0;338;84;16;81
2015-06-09;2.2;23.7;1.7;0;323;87;20;88
2015-06-10;2.2;23.3;1.7;0;272;53;20;100
2015-06-11;2.6;22.1;1.6;0.6;112;49;24;82
2015-06-12;2;23.3;3.3;0;306;66;21;78
2015-06-13;2;20.6;3.7;25.2;158;32;17;76
2015-06-14;2;22.3;3.7;0;290;31;11;74
2015-06-15;2;19.9;2.6;19;227;68;15;75
2015-06-16;2;19.4;2;0.8;252;74;12;72
2015-06-17;2;21;2;0;323;93;18;65
2015-06-18;2;22.3;2;0;336;86;19;65
2015-06-19;2;23.2;2.4;0;335;79;25;82
2015-06-20;2;22.7;1.3;0;336;42;16;70
2015-06-21;2;23.3;2.3;0;329;41;16;75
2015-06-22;2;24;1.8;0;280;69;21;75
2015-06-23;2;25;3.2;0.2;240;79;18;76
2015-06-24;2;23;2;0;318;57;16;86
2015-06-25;2;23.6;2.3;0;325;71;15;77
2015-06-26;2;25.7;2.4;0;331;83;17;82
2015-06-27;2;26.4;1.2;0;329;55;21;84
2015-06-28;2;25.8;1.2;0;326;34;17;82
2015-06-29;2;25.5;1.5;0;321;45;17;85
2015-06-30;2;26;1.5;0;322;75;18;79
2015-07-01;2.2;25.3;1.1;0;298;54;18;63
2015-07-02;2;25.6;2.1;0;192;50;16;77
2015-07-03;2.2;25.6;2.9;0;276;34;16;87
2015-07-04;2;26.7;1.1;0;314;43;17;87
2015-07-05;2;26.6;1.6;0;322;36;20;94
2015-07-06;2.2;27.5;0.8;0;318;78;24;80
2015-07-07;2.2;28.5;1.7;0;315;91;30;72
2015-07-08;2.2;27.3;2.2;0;305;47;26;74
2015-07-09;2.6;25.7;3.2;0;287;50;23;75
2015-07-10;2;26.1;2.9;0;314;56;24;68
2015-07-11;2.4;25.5;2.1;0;200;30;20;70
2015-07-12;2;25.6;1.8;0;314;36;15;71
2015-07-13;2.4;26.2;1.4;0;313;55;21;62
2015-07-14;2.6;26.2;1.3;0;299;50;20;60
2015-07-15;2.2;26.3;1.4;0;305;52;19;73
2015-07-16;2.2;26.6;1.8;0;295;61;18;80
2015-07-17;2.2;26.6;1.7;0;299;70;20;74
2015-07-18;2.6;26.5;1.6;1;237;41;19;70
2015-07-19;2.4;26.5;2.1;0;228;39;23;56
2015-07-20;3;26.7;1.3;0;298;53;25;57
2015-07-21;3.2;27.1;1.8;0;293;50;28;57
2015-07-22;2;26.6;3.7;4;286;58;22;69
2015-07-23;1.8;26.3;2.4;0;316;70;14;59
2015-07-24;2.8;29;1.9;1.4;336;63;23;69
2015-07-25;1.8;27.3;2.4;0;291;30;18;70
2015-07-26;2.4;26.6;3.8;0.6;292;24;20;61
2015-07-27;2.4;27.8;1.3;0;319;50;22;59
2015-07-28;2.2;27.4;2.2;0;285;43;17;65
2015-07-29;2.6;27.2;1.8;0;269;53;18;58
2015-07-30;1.8;25.8;3.2;0.6;99;46;14;58
2015-07-31;2;24.7;4.7;2;150;52;10;63
2015-08-01;1.8;23.5;1.9;0.8;259;32;6;85
2015-08-02;2;24.5;2.4;0;307;35;7;70.5566587000584
2015-08-03;2;26;2.2;0;256;53;11;62
2015-08-04;2;26.7;1.5;0;289;53;12;69
2015-08-05;2;26.6;1.8;0;296;47;11;66
2015-08-06;2.4;27.1;1.3;0;243;45;11;66
2015-08-07;2.4;27.6;2;6.4;221;49;14;58
2015-08-08;2.2;25.5;1.6;6.8;103;34;14;53
2015-08-09;2;24.4;2;0;192;26;10;57
2015-08-10;2;25.3;1.3;0;272;46;11;65
2015-08-11;2.2;26.4;1.9;0.4;211;42;14;60
2015-08-12;2.2;27;2.1;0;269;38;18;62
2015-08-13;2;29.3;4.2;0;309;36;16;59
2015-08-14;2;25.7;2.8;0;290;50;7;69
2015-08-15;2;23.4;2;0;150;25;5;67
2015-08-16;2;23.7;3.4;0;262;28;6;63
2015-08-17;2;24.5;2.9;0.2;172;41;10;61
2015-08-18;2;23;5.9;0;157;22;7;67
2015-08-19;2;24;2.5;0;178;30;5;69
2015-08-20;2;25.7;2.5;0;268;40;8;70
2015-08-21;2;25.4;2.3;0;251;45;9;70
2015-08-22;2;24.8;2;0;229;29;7;73
2015-08-23;2;26.9;3.4;0;264;19;9;59
2015-08-24;2.4;26.6;5.1;0;292;37;57;66
2015-08-25;2;24.8;2.1;0;279;46;11;73
2015-08-26;2;25;2.6;0;267;51;14;69
2015-08-27;2;25.2;3.3;0;280;49;7;62
2015-08-28;2;25.5;1.4;0;274;58;12;66
2015-08-29;2;25.6;1.2;0;220;36;6;63
2015-08-30;2;25.7;1.3;0;255;29;9;61
2015-08-31;2;25.6;2.2;3.6;185;56;16;53
2015-09-01;2;25;1.3;0;240;63;10;63
2015-09-02;2;24.2;2;0;191;48;8;70
2015-09-03;2;23.8;4.5;0.2;179;54;8;73
2015-09-04;2;21.2;6.5;2.6;105;28;5;77
2015-09-05;2.4;21.1;1.9;0;172;45;4;72
2015-09-06;2.4;19.5;1.1;4;70;35;5;67
2015-09-07;2.4;18.7;0.7;11.4;44;90;11;39
2015-09-08;2.4;20;1.4;11.4;160;69;7;60
2015-09-09;2;20.9;1.8;0;244;81;8;64
2015-09-10;2.4;22.7;3.2;0;197;75;11;64
2015-09-11;2;24;1.8;0;222;77;8;78
2015-09-12;2.4;22.9;1.1;0.4;118;64;9;77
2015-09-13;2;25;4.2;0;202;28;8;60
2015-09-14;2;24.2;5.2;0;245;43;13;60
2015-09-15;2;23.8;2.7;0;229;70;15;55
2015-09-16;2;26.1;4.8;0;247;47;16.6173503429518;60
2015-09-17;2;23.1;4.8;0;254;35;18.406114747151;70
2015-09-18;2;21.3;1.9;3.2;208;69;20.1948791513502;67
2015-09-19;2;20.8;2.7;0;252;57;17;69
2015-09-20;2;21.8;3.1;0;249;37;20;65
2015-09-21;2.2;22.5;2.5;0;245;82;36;67
2015-09-22;2.4;22.4;1.8;0;246;99;40;63
2015-09-23;2.2;22.2;2.3;0;239;82;44;59
2015-09-24;2;20.4;2.2;0;241;83;20;64
2015-09-25;2.2;20.6;2;0;237;95;36;53
2015-09-26;2.2;21.2;1.5;0;198;59;31;69
2015-09-27;2.2;19.2;2;28.2;46;54;30;51
2015-09-28;2;17.7;1.8;0;96;78;26;57
2015-09-29;2.2;17.5;3.1;6.5;115;60;34;63
2015-09-30;2.2;19.4;1.7;2.8;209;78;29;73
2015-10-01;2.4;19.3;2.6;0.4;195;77;62;64
2015-10-02;2.4;20.2;2.9;0;199;89;67;66
2015-10-03;2.2;20.6;1.7;0;83;87;48;35
2015-10-04;2.2;22;1;0;173;73;47;46
2015-10-05;2.4;25.6;5.2;0;81;79;74;36
2015-10-06;2.4;24.2;4.7;0;126;45;63;52
2015-10-07;2;20.5;2.8;0;194;92;34;59
2015-10-08;2.2;17.7;1.8;4.2;58;100;35;56.0095218961286
2015-10-09;1.6;18.4;2;0.2;191;53;21;59
2015-10-10;2;18.5;1.7;0;197;54;29;55
2015-10-11;2;21.5;2.2;0;159;43;34;49
2015-10-12;2;21.7;1.8;0;157;58;32;40
2015-10-13;1.6;17.5;2;13.2;50;63;20;41
2015-10-14;2;16.2;1.7;0;198;99;38;47
2015-10-15;2.2;15.7;1.8;0;207;167;52;51
2015-10-16;2.4;17.4;1.9;0;148;106;55;63
2015-10-17;2.4;19;2.3;0;134;38;31;78
2015-10-18;2.4;19.9;1.1;0;174;46;33;66
2015-10-19;2.4;18.5;2.2;0.8;64;67;30;57
2015-10-20;2.4;16.9;2;3.6;36;61;30;40
2015-10-21;2.4;15.6;2.1;0;160;94;39;33
2015-10-22;2.4;15.4;2.3;0;189;105;47;38
2015-10-23;2.6;16.5;1.8;0;151;144;54;28
2015-10-24;2.8;16.9;1.4;0;80;87;42;40
2015-10-25;2.6;17.2;2.5;1.4;57;42;34;58
2015-10-26;2.4;17.3;0.7;0;48;100;35;49
2015-10-27;2.4;17.8;1.9;1;122;105;46;29
2015-10-28;1.8;17.3;4.7;0;156;59;27;49
2015-10-29;2.4;18.9;2.1;0;163;106;44;39
2015-10-30;2.2;17.7;1.4;0;128;97;36;46
2015-10-31;2;16.7;1.9;0.6;65;52;28;49
2015-11-01;2.4;17.6;4.6;1.8;91;22;42;76
2015-11-02;2.4;17.2;4.6;32.8;38;73;45;56
2015-11-03;2;16.1;1;0;131;114;24;22
2015-11-04;2.2;17.8;2.2;0;152;130;26;28
2015-11-05;2.4;19.8;1.9;0;152;106;34;31
2015-11-06;2.4;18.4;1;0;153;160;45;25
2015-11-07;2.6;17.8;1.6;0;152;83;50;19
2015-11-08;2.8;16.7;1.3;0;135;68;43;38
2015-11-09;2.8;15.8;1.5;0;150;122;50;29
2015-11-10;2.6;16.1;1.4;0;153;155;55;19
2015-11-11;3.2;16;1.2;0;142;202;68;28
2015-11-12;3.4;15;0.9;0;72;152;62;22
2015-11-13;3.4;16.1;0.8;0;108;93;42;37
2015-11-14;3;15.5;1.5;0;136;84;28;29
2015-11-15;2.4;14.5;1.5;0;142;81;20;27
2015-11-16;2.6;15.2;1.2;0;143;178;35;17
2015-11-17;2.6;15;1.6;0;143;178;37;17
2015-11-18;2.8;14.5;1.9;0;136;184;42;18
2015-11-19;2.8;16.3;1.3;0;134;197;41;19
2015-11-20;2.8;19;3.9;0;129;113;62;20
2015-11-21;2.8;16.1;7.7;0;88;25;63;59
2015-11-22;1.8;11.4;3.8;0;125;48;10;49
2015-11-23;2;9.1;3.1;0;88;89;23;36
2015-11-24;2.2;10.4;2.2;0.4;138;161;47;29
2015-11-25;2;15.1;4.2;0;104;89;80;38
2015-11-26;2.6;17.3;8.3;0;121;45;100;78
2015-11-27;2;15;2.4;0;125;120;32;48
2015-11-28;2;14.6;1.7;0;129;124;18;31
2015-11-29;1.8;11.6;2.5;0;130;74;11;39
2015-11-30;3;11.8;1.3;0;128;237;80;17
2015-12-01;3.4;11.7;1.4;0;110;190;63;18
2015-12-02;3.4;11.2;1.4;0;111;226;43;15
2015-12-03;3.4;11.4;2.6;0;115;184;47;19
2015-12-04;3.6;12.1;1.9;0;117;185;46;20
2015-12-05;3.4;12.4;2.3;0;106;88;32;32
2015-12-06;3.6;14.2;1.3;0;74;89;33;38
2015-12-07;3.6;14.2;0.8;0;59;97;32;22
2015-12-08;3.2;14;1.3;0;107;92;24;22
2015-12-09;3;13.8;1.1;0;71;112;31;26
2015-12-10;3.4;13.8;0.9;0;60;206;50;13
2015-12-11;2.8;13;1;0;67;171;40;21
2015-12-12;3;13.1;0.6;0;50;119;29;26
2015-12-13;2;12.9;1.4;0;102;71;19;36
2015-12-14;2.6;13.5;2.2;0;83;148;60;16
2015-12-15;3.6;16.5;2.1;0;91;217;90;11
2015-12-16;3.4;16;1.4;0;103;191;69;12
2015-12-17;3.6;13.8;1.5;0;91;209;60;8
2015-12-18;3.6;13.9;1;0;98;274;63;7
2015-12-19;3.6;12.8;0.8;0;104;193;60.3910817497582;9
2015-12-20;3.8;12.3;1.5;0;87;109;59.4445439634944;20
2015-12-21;3.6;12.4;2.1;0;97;170;58.4980061772306;19
2015-12-22;3.6;11.9;2.4;0;103;149;45;18
2015-12-23;3.6;11.4;1.2;0;39;182;76;14
2015-12-24;3.6;12.5;1.4;0;120;115;58.1954071302502;24
2015-12-25;3.4;11.4;2.2;0;72;92;56.3161955650442;20
2015-12-26;3.2;12.5;2;0;94;89;54.4369839998382;28
2015-12-27;2.6;11.6;1.8;0;105;64;52.5577724346322;34
2015-12-28;2.8;13.7;1.1;0;62;159;33;35
2015-12-29;3;14.1;1.9;0;71;114;72;19
2015-12-30;2.4;13.5;2.3;0;114;109;72;26
2015-12-31;1.6;15.5;3.4;0;60;53;28;36
2016-01-01;2.2;13.9;0.9;0;73;63;16;28
2016-01-02;2;14.6;4.5;0;86;35;47;50
2016-01-03;2;13.7;5.5;0;32;23;36;52
2016-01-04;2.6;19.3;8.8;0;43;26;77;49
2016-01-05;2;13.4;4.2;0;95;44;47;54
2016-01-06;2;10.7;8;0;82;16;33;61
2016-01-07;2.4;16.5;9.5;0;46;25;83;52
2016-01-08;1.8;17.2;5.5;0;116;50;58;50
2016-01-09;2.2;16.7;6.2;0;88;24;45;65
2016-01-10;2.2;16.4;7.9;0;57;14;49;74
2016-01-11;2.4;15.9;7.8;0;43;32;78;65
2016-01-12;2.2;12.1;6.2;0;122;48;97;54
2016-01-13;2;10.5;1.8;0;105;126;35;31
2016-01-14;2.2;13.8;4.5;0;40;65;55;42
2016-01-15;1.6;12.1;3.5;0.6;68;84;26;45
2016-01-16;1.8;9.3;6.1;0;134;37;15;65
2016-01-17;2;7.4;1.5;0;103;80;18;36
2016-01-18;2.6;11.7;3.7;0;127;89;54;31
2016-01-19;2;11;1.8;0;113;126;36;35
2016-01-20;2.2;11;1.5;0;126;103;32;37
2016-01-21;2.4;10.9;2.1;0;129;138;40;26
2016-01-22;2.6;11.8;1.9;0;100;123;34;28.2856712094279
2016-01-23;3;12.5;1.2;0;92;122;28;27.5230179406195
2016-01-24;3.6;12.4;0.8;0;67;74;34.4784022176513;26.7603646718112
2016-01-25;3.6;13.3;0.7;0;108;94;40;25.9977114030028
2016-01-26;3.8;12.7;0.4;0;39;120;37;28
2016-01-27;3.6;13.5;0.9;0;114;139;36;17
2016-01-28;2.8;13.3;1.9;0;126;119;37;22
2016-01-29;2.8;12.5;1.6;1.4;39;91;24;16
2016-01-30;2.4;13.6;2.4;0;142;69;17;27
2016-01-31;2;15.4;3.9;0;116;36;15;42
2016-02-01;2.6;14.5;2.4;0;154;131;41;23
2016-02-02;2.4;13.1;0.9;0;146;156;24;27
2016-02-03;2;13.3;2;0;126;121;32;33
2016-02-04;2;10.2;2.2;0;155;121;22;38
2016-02-05;2;9.9;2;0;136;128;20;36
2016-02-06;2.4;12.5;1.6;0;133;128;17;33
2016-02-07;2.2;13.7;7.2;1.2;151;15;44;81
2016-02-08;2.4;14.4;6.8;0;168;61.9986874315359;57.0930127130174;69
2016-02-09;3;15.9;8.3;0.2;79;30;113;69
2016-02-10;2.4;17.5;7.8;0;96;32;86;67
2016-02-11;2;17.3;5.5;0.6;86;89;62;46
2016-02-12;2.2;17.4;6.2;0;70;58;54;53
2016-02-13;1.8;19.4;8.5;0;93;16;33;52
2016-02-14;2;14.5;9;0.4;116;16;23;89
2016-02-15;2;10.8;5;0;140;63;20;83
2016-02-16;2;8.7;3.6;0;188;108;29;68
2016-02-17;2.2;8.4;3.4;0;192;86;86;50
2016-02-18;2;10.9;1.8;0;100;80;21;66
2016-02-19;2;10.1;1;0;134;121;22;46
2016-02-20;2;9.6;2.3;0;180;91;25;55
2016-02-21;1.8;10.4;2;0;161;49;12;57
2016-02-22;3;14.1;1.5;0;165;127;65;46
2016-02-23;3.6;14.7;2.2;0;187;108;118;53
2016-02-24;3;14.6;4.5;0;169;72;115;55
2016-02-25;2;15.3;4.5;0;192;73;32;72
2016-02-26;2.4;12.9;4;0.4;122;73;51;68
2016-02-27;2;9.4;7.8;0;37;19;10;86
2016-02-28;2;11.4;3.4;0;107;39;6;81
2016-02-29;2;13.1;6.7;0.2;199;54;35;95
2016-03-01;2;12.7;2.1;0;215;125;39;54
2016-03-02;2.6;17.7;3.3;0;213;76;75;58
2016-03-03;2.2;16.1;1.6;0;217;115;44;73
2016-03-04;3;16.2;5.5;0;190;71;111;60
2016-03-05;2;12.8;6.7;0;228;23;23;70
2016-03-06;2;11.6;3.1;0;177;44;15;62
2016-03-07;1.6;8.9;2.8;2.8;67;107;33;36
2016-03-08;2;10.6;3.8;0;213;113;22;64
2016-03-09;2;11.1;4.5;0.2;107;86;75;49
2016-03-10;2;10.9;3.3;0;177;108;24;65
2016-03-11;1.8;11.4;2.6;0;240;132;43;44
2016-03-12;2;10.4;3.3;0;239;80;27;56
2016-03-13;2;10.4;3.8;0;234;51;25;70
2016-03-14;2;10.8;4.9;0;114;46;21;73
2016-03-15;2;10.9;2.5;0;119;48;18;65
2016-03-16;2.8;12.4;2.4;0;242;91;56;59
2016-03-17;2;11.6;1.7;0;166;72;34;64
2016-03-18;2.2;12.5;1.3;0.6;125;69;42;76
2016-03-19;3;12.6;2.7;2.2;53;88;48;58
2016-03-20;2.6;12.6;1.5;0;238;58;24;52
2016-03-21;2;12.5;2.2;0.2;157;50;21;62
2016-03-22;2;13.1;2.7;0;109;90;41;51
2016-03-23;1.8;14.3;2.4;0;276;116;33;52
2016-03-24;2;13.6;2.7;0;269;58;18;62
2016-03-25;2;16.8;3.2;0;246;43;35;56
2016-03-26;1.8;18.7;2.9;0;264;43;16;48
2016-03-27;2;18.2;5.1;0;199;21;31;61
2016-03-28;2;17.4;4.1;0;136;24;10;63
2016-03-29;2.4;18.6;4;0;267;55;31;62
2016-03-30;2.2;15.1;0.9;0;251;53.6498925884724;28.0492703347921;53
2016-03-31;2.8;15.1;6;0;262;48;50;65
2016-04-01;2;12.4;2.7;0;264;89;20;66
2016-04-02;2;12.9;3.6;0;285;64;22;64
2016-04-03;2;13.7913190990593;2.82251034806206;0;237.429660088468;49;16;64
2016-04-04;2;14.7;1.5;10.6;108;72;13;62
2016-04-05;1.4;14.7480854927549;2.64700781694115;2.4;240.480448206798;77;8;44
2016-04-06;1.6;14.8740905728619;2.84926911069766;0;247.257969855673;112;24;48
2016-04-07;1.8;15.1;3.6;0;284;104;26;48
2016-04-08;2;14;2.9;0.6;247;73;16;70
2016-04-09;2;15.5;2.4;0;291;60;12;58
2016-04-10;2;16.5;1.7;0;281;58;13;64
2016-04-11;2;15.2;5;0;254;65;26;65
2016-04-12;2;16.3;3.8;0;292;83;30;54
2016-04-13;2.6;17.9;5.2;0;297;39;92;72
2016-04-14;2;16.7;3.4;0;308;89;34;62
2016-04-15;2.4;17.3;1.1;0;262;134;31;54
2016-04-16;2;19.9;4.6;0;288;54;39;62
2016-04-17;2;20;3.5;0;271;24;18;72
2016-04-18;2;16;3.3;0;265;37;16;65
2016-04-19;2;14.6;4.3;0;213;37;15;80
2016-04-20;2;14.9;2.5;0;112;57;18;82
2016-04-21;2.6;16.9;3.2;0;303;55;47;80
2016-04-22;2.2;15.9;0.7;0;154;89;29;59
2016-04-23;2.2;17;2.7;0;293;65;18;60
2016-04-24;2;17.2;3.8;0;331;45;6;70
2016-04-25;2;14.4;1.9;0;321;81;21;72
2016-04-26;2;15.4;2.5;0;311;85;23;71
2016-04-27;2;15.4;1.4;0;215;60;16;63
2016-04-28;2;13.8;3.5;0;77;39;10;66
2016-04-29;2;14.2;0.6;0;94;76;15;68
2016-04-30;2.4;15.4;1.6;0;234;61;15;56
2016-05-01;2;14.4;3.5;0;338;40;7;79
2016-05-02;2;14.7;3;0;339;87;18;65
2016-05-03;2;17;2.6;0;337;100;25;68
2016-05-04;2;17.2;1.7;0;365;72;16;83
2016-05-05;2.2;15.4;0.9;0;123;107;35;56
2016-05-06;2;16;1;0;163;60;16;80
2016-05-07;2;16.5;1.7;0;207;36;17;93
2016-05-08;2;15.6;2.9;0;62;44;12;88
2016-05-09;2;15.3;2.2;0;74;86;11;52
2016-05-10;1.6;14.6;1;0;87;98;11;40
2016-05-11;2;18.1;3;0;338;58;20;59
2016-05-12;2;17.2;5.5;0;235;40;22;69
2016-05-13;2;18.2;3.3;0;271;74;20;62
2016-05-14;2;19.7;3.2;0;285;57;9;59
2016-05-15;2;19.4;2.9;0;336;55;9;81
2016-05-16;2.4;17.9;1.8;0;341;83;17;73
2016-05-17;2.4;16.9;1.2;0;203;83;23;66
2016-05-18;2.4;18;2.2;0.2;260;62;22;62
2016-05-19;2.4;18.7;2.6;0;333;78;15;59
2016-05-20;2;18.5;3.3;0;337;92;20;63
2016-05-21;2;18.2;2.9;0;338;51;16;66
2016-05-22;2.6;21.2;3.3;0;319;25;56;66
2016-05-23;2.2;17.3;3.1;0;303;61;22;55
2016-05-24;2;17.9;2.1;0;321;69;17;59
2016-05-25;2.2;19.2;1.1;0;324;69;21;63
2016-05-26;2.2;19.5;1.7;0;285;60;19;76
2016-05-27;2.4;19.5;1.2;0;290;66;25;78
2016-05-28;3.2;22.3;4.7;0;269;45;56;60
2016-05-29;2.4;22;5.8;0;332;14;15;67
2016-05-30;2.4;20.6;2.4;0;322;63;19;72
2016-05-31;2.4;19.3;2.7;0;318;88;22;55
2016-06-01;2.4;19.3;3.3;0;350;75;27;71
2016-06-02;2.2;19.5;1.6;0;340;81;24;71
2016-06-03;2;20.4;1.4;0;296;74;22;72
2016-06-04;2;20.5;0.7;0.6;138;74;19;54
2016-06-05;2.2;20.9;1.1;0;321;57;18;59
2016-06-06;2;21.3;2.6;0;328;75;20;63
2016-06-07;2;21.9;1.2;0;334;81;26;57
2016-06-08;2.4;22.3;2.9;0;335;80;28;55
2016-06-09;2;23.5;0.9;0;323;88;19;58
2016-06-10;2;23;1.8;0;306;59;21;75
2016-06-11;2;22.6;1.8;0;287;39;17;79
2016-06-12;2;22.7;1.8;0;278;41;21;66
2016-06-13;2.4;25.1;3.6;0;336;94;25;61
2016-06-14;2;22.5;4.7;0;337;80;22;56
2016-06-15;3;25;5.5;0;326;55;109;54
2016-06-16;2.4;22.2;4.4;0;312;60;65;52
2016-06-17;2;21.4;4.9;0;284;72;25;62
2016-06-18;2;20.4;2.5;0;293;62;11;55
2016-06-19;2;19.6;3.5;0;326;43;10;67
2016-06-20;2;20.8;2.6;0;343;89;22;59
2016-06-21;2;21.8;2.6;0;334;102;24;55
2016-06-22;2;22.2;2.2;0;343;93;15;55
2016-06-23;2;22.6;2.6;0;342;89;20;60
2016-06-24;2;22.9;2.5;0.2;341;79;22;67
2016-06-25;2;22.9;1.6;0;292;43;13;69
2016-06-26;2;22.7;2.6;0;314;33;20;67
2016-06-27;2;22.3;2;0;298;79;20;57
2016-06-28;2;22.9;2.3;0;282;103;24;63
2016-06-29;2;24.2;1.2;0.2;264;87;17;63
2016-06-30;2;23.9;2.1;0.4;222;76;20;54
2016-07-01;2;24.3;1.5;0;307;74;18;58
2016-07-02;2;24.4;1.4;0;323;48;15;49
2016-07-03;2;24.1;2.5;0;315;38;17;56
2016-07-04;1.8;24;1.3;0;304;65;15;52
2016-07-05;2;25.3;1.2;0;317;78;17;60
2016-07-06;2;25.2;3.2;0;323;97;21;65
2016-07-07;2.2;25.3;1.7;0;156;99;22;59
2016-07-08;2;26.4;2.2;2.2;321;96;22;66
2016-07-09;2;26.1;1.2;0;329;48;14;77
2016-07-10;2;26.8;2.3;0;323;47;14;66
2016-07-11;2;26.3;2.2;0;314;88;24;75
2016-07-12;2.2;25.6;1.4;0;319;64;22;64
2016-07-13;1.8;23.4;3.3;0;120;69;15;59
2016-07-14;2;22.9;2.5;0;257;80;12;61
2016-07-15;2;22.8;3;0;287;72;13;62
2016-07-16;2;23;3.1;0;331;50;12;64
2016-07-17;2;23.3;2.4;0;342;46;9;71
2016-07-18;2;23.4;1.6;0;338;83;12;66
2016-07-19;2;23.6;1.8;0;298;81;15;63
2016-07-20;2.2;25.1;1.3;0;156;78;22;59
2016-07-21;2.2;25.7;1.5;0;285;59;16;53
2016-07-22;2.2;24.3;1.5;0;246;64;22;59
2016-07-23;1.8;24.6;2.6;0;313;58;13;57
2016-07-24;2;25.1;3.2;0;323;46;12;65
2016-07-25;2;25.7;3.6;0;324;98;22;66
2016-07-26;2.2;25.7;2;0;295;79;23;65
2016-07-27;2.2;25.3;2.1;0;247;56;14;65
2016-07-28;2;25.6;1.5;0;307;92;17;57
2016-07-29;2;25.5;2;0;310;82;17;62
2016-07-30;2.2;26.4;1.9;0;307;56;16;55
2016-07-31;2.4;28.2;1.9;0;279;51;24;38
2016-08-01;1.8;25.6;3.1;0;299;62;16;53
2016-08-02;1.8;25.1;2.5;0;304;71;16;49
2016-08-03;1.8;25.5;3.2;0;299;62;16;57
2016-08-04;2.4;26.2;1.3;0;292;58;15;59
2016-08-05;1.6;25.2;2.3;0.2;157;60;16;48
2016-08-06;1.6;25;3.1;0;299;61;13;49
2016-08-07;2;24.8;3.7;0;308;40;9;58
2016-08-08;2;25.8;2;0;311;72;14;60
2016-08-09;2;25.8;3.1;0;307;91;19;69
2016-08-10;2;22.3;2.1;9;137;70;10;65.2303133927184
2016-08-11;2;23;2.1;0;284;89;18;65.0506071383233
2016-08-12;2;23.7;2.9;0;253;72;18;65
2016-08-13;2;23.7;2.3;0;308;48;11;65
2016-08-14;2;23.8;1.9;0;307;40;9;66
2016-08-15;2;23.6;2.4;0;274;37;7;64
2016-08-16;1.8;24.7;2.2;1.2;101;91;15;39
2016-08-17;2.2;26;2.4;0;284;88;19;50
2016-08-18;2.4;25.7;1.6;0;287;49;19;52
2016-08-19;2.4;25.5;2.4;0;286;54;23;50
2016-08-20;2.4;26.2;1.4;0;261;36;21;47
2016-08-21;1.8;24.8;3.1;0;150;32;11;60
2016-08-22;1.8;24.8;2.7;0;282;103;13;48
2016-08-23;1.8;24.4;1.6;0;283;89;13;49
2016-08-24;2;24.7;1.1;0;294;66;10;58
2016-08-25;2;24.4;1.2;0;290;68;10;67
2016-08-26;2;24.1;1.4;0;261;67;8;60
2016-08-27;2;24.4;1.8;0;264;45;8;57
2016-08-28;2.2;25.2;2.3;0;247;28;13;51
2016-08-29;2;25.8;1.9;0;250;42;14;53
2016-08-30;1.8;25.2;3.4;0;228;52;12;59
2016-08-31;2;25;2.3;0;244;78;10;59
2016-09-01;2;24.9;1.9;0;261;104;11;56
2016-09-02;1.8;24.7;2.2;0;268;80.1727576930852;13;47
2016-09-03;2;26.5;2.5;0;265;81.2616178487372;13;45
2016-09-04;2.2;28.4;2.2;0;257;82.3504780043893;12;53
2016-09-05;2.4;29.7;2.4;0;251;83.4393381600413;17;50
2016-09-06;2.6;26.9;1.9;0;258;84.5281983156934;17;55
2016-09-07;2.4;25.2;2.2;0;215;85.6170584713454;21;57
2016-09-08;2;25.6;1.7;0;223;86.7059186269975;12;53
2016-09-09;2;25.3;2.9;0;246;87.7947787826496;12;52
2016-09-10;2;24.7;1.9;0;211;88.8836389383016;12;66
2016-09-11;2;24.7;2;0;234;89.9724990939537;12;60
2016-09-12;2;24.4;2.2;0;226;91.0613592496057;13;56
2016-09-13;2;23.5;3.1;11.4;185;104;13;57
2016-09-14;1.8;21.1;4.5;0;230;69;15;45
2016-09-15;1.6;20.2;2.6;0;218;106;25;40
2016-09-16;1.4;21.8;1.8;0;258;119;12;42
2016-09-17;1.4;21.3;2;0;214;76;5;41
2016-09-18;1.2;20.8;2.5;0;244;49;4;45
2016-09-19;1.6;20.2;2.2;0;255;105;14;42
2016-09-20;1.6;21.2;1.2;0;153;106;13;45
2016-09-21;1.8;21.9;1.5;0;237;95;11;47
2016-09-22;2.2;22.4;1;0;182;93;15;53
2016-09-23;2;21.8;1.7;6.4;178;92;18;57
2016-09-24;2;20.3;1.5;0;232;68;5;56
2016-09-25;1.8;21.6;1.3;0;182;48;7;55
2016-09-26;2;21.8;1.8;0.2;90;81;8;55
2016-09-27;1.8;22.7;1.2;0;215;104;9;48
2016-09-28;1.8;20.9;3.9;1.6;171;49;8;66
2016-09-29;2;21.1;1.4;0;151;100;11;65
2016-09-30;2;20.6;2.2;0;226;103;16;46
2016-10-01;2.2;21.5;2.4;0;199;65;15;48
2016-10-02;2.2;22.2;1.5;0;198;55;15;52
2016-10-03;2;22.1;1.3;0;195;79;16;49
2016-10-04;1.6;21.1;2.6;0;213;73;14;48
2016-10-05;1.6;22.1;1.9;0;196;73;11;48
2016-10-06;1.8;21.4;2.9;0;168;67.8350744943963;12.0453891410753;45
2016-10-07;2;21.9;2;0;200;87;13;53
2016-10-08;1.6;21.3;1.4;0;205;57;11;48
2016-10-09;2;20.5;2.9;0;156;24;8;57
2016-10-10;1.8;20.1;3.6;0;161;37;7;56
2016-10-11;1.8;20.4;1.6;0;200;70;14;57
2016-10-12;2;19.3;1.1;3;72;31;10;62
2016-10-13;1.4;17.7;2.4;0.2;73;55;6;32
2016-10-14;1.2;19.6;2.9;0;166;55;10;38
2016-10-15;1.6;19.5;2.4;0;195;69;8;49
2016-10-16;1.8;18.9;1.6;0;158;52;7;51
2016-10-17;2;20.5;1.7;0;141;61.1125530945997;9.25814134733789;52
2016-10-18;1.6;19.5;1;8;53;63.1781780326823;9.7526021017681;34
2016-10-19;2;19.1;0.9;0.2;84;65.2438029707649;10.2470628561983;35
2016-10-20;1.6;18.1;0.5;0;38;67.3094279088476;10.7415236106285;30
2016-10-21;1.4;17.5;1.2;0;33;72;7;48
2016-10-22;2.4;17.4;0.8;13.6;80;61;13;37
2016-10-23;2.6;20;1;0;169;50;17;34
2016-10-24;2;19.8;1.4;0.8;100;87;14;22
2016-10-25;2.2;20.2;1.2;1;64;104;15;17
2016-10-26;2.6;20.8;1;0;99;116;20;16
2016-10-27;2.4;20;1.8;0;154;118;19;29
2016-10-28;2.2;19.5;1.3;0;105;136;31;32
2016-10-29;2.4;18.2;1.65931549968468;0;166;99;24;26
2016-10-30;2.2;17.1;1.8090602562736;0;168;68;15;38
2016-10-31;2.4;17.5;1.95880501286252;0;149;98;20;50
2016-11-01;2.4;17.9;2.10854976945144;0;151;68;18;43
2016-11-02;2.2;17.4;2.25829452604036;0;151;175;22;25
2016-11-03;2.4;18.8;2.3;0;136;140;28;18
2016-11-04;3;18.5;1;0;80;138;27;11
2016-11-05;2;19.7;5.6;0.2;116;31;46;36
2016-11-06;1.8;15.2;4.8;0;162;28;3;48
2016-11-07;1.2;12.5;2.2;0;156;73;12;34
2016-11-08;1.4;12.6;5;0;161;61;31;40
2016-11-09;1.8;14.7;5.5;0;149;59;54;30
2016-11-10;1.6;14.6;1.9;0;155;168;20;20
2016-11-11;2.2;14.6;2.1;0;153;153;22;18
2016-11-12;1.8;14.4;2.1;0;138;105;14;25
2016-11-13;1.8;15.8;1.6;0;134;94;13;23
2016-11-14;1.8;13.2;2.6;0;52;123;19;28
2016-11-15;1.8;12.2;3.2;0;128;109;15;28
2016-11-16;1.8;12.1;2.9;0;137;138;16;27
2016-11-17;2.2;13.1;1.8;0;142;166;18;19
2016-11-18;2.6;15.5;1.9;0;134;174;24;13
2016-11-19;2.4;15.7;1.8;0;133;120;14;21
2016-11-20;1.6;15.3;4.3;0;66;59;15;36
2016-11-21;1.8;16;1.8;1.2;40;144;11;18
2016-11-22;1.6;12.1;1.8;10.2;17;96;3;23
2016-11-23;1.4;11.5;2.1;2.8;30;102;3;18
2016-11-24;1.2;10.6;3.3;0;127;84;15;24
2016-11-25;1.6;10.7;1.6;0;105;123;17;23
2016-11-26;1.4;13.1;4.2;3.4;57;103;7;34
2016-11-27;1.4;12.5;5.6;86;15;41;3;47
2016-11-28;1.8;12.1;0.9;2.2;32;179;5;22
2016-11-29;1.6;11.9;3.1;17;22;66;6;27
2016-11-30;1.6;13.3;5.2;1;28;60;4;52
2016-12-01;1.8;12.8;2.1;0;56;138;10;29
2016-12-02;2.2;12.4;1.1;0;114;205;20;11
2016-12-03;2;12;2.7;0.2;80;79;14;16
2016-12-04;1.6;14.2;4.9;8.8;19;43;6;49
2016-12-05;1.8;15.2;9.4;8.6;17;40;5;53
2016-12-06;1.8;14.2;2.5;0;71;89;7;36
2016-12-07;2.2;12.6;1.5;0;71;145;11;21
2016-12-08;2.2;12.6;1.9;0;93;75;10;43
2016-12-09;2.2;14;1;0;71;174;14;12
2016-12-10;2;13.9;1.3;0;92;126;13;14
2016-12-11;2;12.6;1.6;0;110;132;8;13
2016-12-12;2;11.8;1.4;0;114;195;13;7
2016-12-13;2.4;10.9;1.7;0;110;194;17;9
2016-12-14;2.8;11.2;1.4;0;109;185;21;12
2016-12-15;2.6;11;1.9;0;41;139;17;9
2016-12-16;2;11.7;2.1;16.8;40;145;10;27
2016-12-17;2;13;8.4;33.6;20;33;5;64
2016-12-18;2;10.5;13.5;48;29;23;5;52
2016-12-19;1.4;9.8;9.1;22.2;14;62;4;42
2016-12-20;1.6;11.7;3;0;106;119;6;23
2016-12-21;1.8;11.6;2.3;0;77;202;15;17
2016-12-22;1.8;12.6;2.5;0;111;245;14;18
2016-12-23;2;12.4;1.7;0;112;201;17;7
2016-12-24;2;12.4;2.3;0;114;134;11;11
2016-12-25;1.6;11.9;1.9;0;113;82;6;17
2016-12-26;1.8;11.9;1.4;0;115;120;9;15
2016-12-27;2.4;11;1.9;0.2;100;219;17;9
2016-12-28;2;10.8;2.4;0;104;163;16;17
2016-12-29;1.8;10.3;2.8;0;121;143;15;17
2016-12-30;2.4;8.7;2.8;0;102;176;16;17
2016-12-31;2.6;10.3;1.8;0;89;97;15;24
2017-01-01;2;9.1;2.4;0;116;57;10;25
2017-01-02;2.6;7.7;1.4;0;89;160;16;13
2017-01-03;3;10.1;1.1;0;92;264;25;8
2017-01-04;2.8;12.4;2;0;115;183;20;9
2017-01-05;1.8;11.1;1.9;0;120;153;16;20
2017-01-06;2;9.6;2.1;0;113;85;10;25
2017-01-07;2.6;9.1;1.1;0;117;113;12;17
2017-01-08;2.2;8.8;1.8;0;121;92;12;16
2017-01-09;2.4;9.2;2.3;0;107;169;17;12
2017-01-10;1.8;11.3;5.4;0;36;86;17;26
2017-01-11;1.8;12.4;2.7;0;116;154;8;36
2017-01-12;1.8;14.4;3.4;0.8;129;128;21;15
2017-01-13;1.4;12.9;4.9;0;118;57;12;41
2017-01-14;2;9.3;9.1;0;128;34;17;57
2017-01-15;2;10.4;8.4;0;113;28;9;57
2017-01-16;1.8;12.8;7.1;0;122;60;31;50
2017-01-17;1.6;9.1;4.6;0.6;85;88;6;45
2017-01-18;1.4;4.7;2.6;0;122;72.9384133191287;10;37
2017-01-19;1.8;6.4;10.7;53.6;9;74.2601922865712;10;45
2017-01-20;1.8;7.2;3.9;31.2;6;87;2;37.4658297883264
2017-01-21;2;10;8.7;3.8;17;22;3;33.4542829132637
2017-01-22;1.8;10.5;4.4;0.4;33;52;3;29.4427360382011
2017-01-23;1.8;10.1;1.7;0;83;135;8;25.4311891631384
2017-01-24;2;9.4;1.9;0;89;173;12;15
2017-01-25;1.8;9.3;2.4;0;142;122;12;27
2017-01-26;2.8;8.6;1.9;0;122;135;19;28
2017-01-27;2.2;10.4;2.7;2.6;113;119;15;37
2017-01-28;1.2;12.4;3.5;0;132;81;4;45
2017-01-29;1.2;11;2.4;0;109;59;5;31
2017-01-30;2;14.1;1.8;0;106;176;17;17
2017-01-31;2.8;11.9;0.6;0;132;160;21;18
2017-02-01;3;12.7;1;0.2;118;157;29;11
2017-02-02;1.8;12.9;3.6;1.8;46;101;10;30
2017-02-03;1.8;15.2;6.9;0;105;50;17;47
2017-02-04;2;16.9;7.7;0.2;75;24;7;54
2017-02-05;2;14.5;10.8;1.6;136;16;4;61
2017-02-06;1.6;14.8;4.3;0;124;75;12;40
2017-02-07;1.6;15.6;5.4;0;129;53;26;34
2017-02-08;2.2;11.5;9.8;0.3;166;40;42;62
2017-02-09;1.8;10.6;4.4;0;173;105;11;44
2017-02-10;1.6;9.5;2.2;0;126;122;11;41
2017-02-11;2;11;7.1;0;49;34;6;58
2017-02-12;2.4;13.1;7.4;0;82;27;12;59
2017-02-13;1.8;13.4;6.9;2.9;73;83;9;39
2017-02-14;2;13;1.7;1;175;138;15;26
2017-02-15;2.2;11.3;1.5;0;129;116;15;28
2017-02-16;2.4;11.9;1.1;0;131;155;20;30
2017-02-17;2.4;11.2;1.9;0;162;161;20;18
2017-02-18;2.6;11;1.5;0;178;87;18;34
2017-02-19;2.4;11.8;2.9;0;125;47;14;52
2017-02-20;2.4;11;1.7;0;191;136;18;32
2017-02-21;2.2;11.3;2.5;0;195;154;17;24
2017-02-22;2.4;12.7;1.9;0;142;217;20;21
2017-02-23;2.2;13.4;1.1;0;93;141;21;19
2017-02-24;2.4;12.2;1;4.8;72;131;16;17
2017-02-25;2;11.8;1.8;0;187;84;12;37
2017-02-26;2.4;12.3;1;0;190;57;18;37
2017-02-27;2.2;14.8;4.8;0;200;61;28;34
2017-02-28;1.8;14.6;6.1;0;63;46;16;44
2017-03-01;1.6;13.8;3.1;0;204;79;8;38
2017-03-02;2.2;13.4;1.1;0;204;136;17;23
2017-03-03;2.4;10.8;2.4;3.6;68;117;19;38
2017-03-04;2.2;9.7;7.2;0.1;102;25;2;54
2017-03-05;1.8;12.9;5.5;0;176;22;4;42
2017-03-06;1.6;18.9;4.6;0;181;61;13;42.3233027993988
2017-03-07;1.8;19.5;2.7;0;210;104;24;41.2915145517857
2017-03-08;1.8;16.7;3;0;205;128;12;40.2597263041726
2017-03-09;2.2;19.2;2.1;0;229;158;20;35
2017-03-10;2.2;19;2.1;0;235;104;22;47
2017-03-11;2.6;14.6;0.7;0;212;124;24;37
2017-03-12;2;14.2;3.6;12.1;206;57;20;56
2017-03-13;2;10.7;6;21.6;18;51;4;66
2017-03-14;2;14.1;5.4;0;202;49;13;78
2017-03-15;2.2;13.6;1.9;0;231;95;27;67
2017-03-16;2.8;12.9;1.2;0;237;113;31;60
2017-03-17;2;12.1;1.9;0;248;89;22;49
2017-03-18;2;13.5;2;0;260;89;25;65
2017-03-19;2.8;15;1.3;0;248;81;36;57
2017-03-20;2.6;14.7;1;0.6;237;102;27;62
2017-03-21;2.4;13.8;1;0;192;86;23;63
2017-03-22;2;15.5;4.1;0;235;58;39;54
2017-03-23;2;11.4;4.4;0;265;57;25;74
2017-03-24;2;10;2.1;0;142;83;8;69
2017-03-25;2;12;4;0;202;62;16;71
2017-03-26;2;12.5;2.1;0;246;50;7;63
2017-03-27;2;15;3.4;0.8;241;70;8;66
2017-03-28;1.6;14.6;1.7;0;269;122;10;42
2017-03-29;2;15.3;2.9;0;273;116;14;55
2017-03-30;1.6;15.1;2.5;0;260;137;12;50
2017-03-31;1.8;14.7;1.8;0;220;121;15;59
2017-04-01;1.6;15.2;2.2;0;222;79;17;50
2017-04-02;2;15.2;2.2;0;280;58;6;61
2017-04-03;1.6;14.3;2.1;0;289;114;12;50
2017-04-04;1.8;14.9;1.3;0;232;163;17;51
2017-04-05;1.8;14.5;0.6;0;220;156;14;36
2017-04-06;1.8;15.1;2.8;0;282;119;17;48
2017-04-07;2;15.1;1.5;0;287;165;16;56
2017-04-08;2;15;1.6;0;296;84;13;76
2017-04-09;2;14.4;1.8;0;294;71;12;74
2017-04-10;1.8;14.9;1.7;0;299;144;20;58
2017-04-11;2;17.2;1.8;0;298;157;19;55
2017-04-12;2;17;1;0;297;108;15;59
2017-04-13;2;17.2;0.8;0;281;96;20;59
2017-04-14;2;19.8;2.2;0;281;62;19;67
2017-04-15;2;17.7;0.7;0;271;50;18;75
2017-04-16;2;16.8;2;0;284;49;14;71
2017-04-17;2;17;1;2.2;265;43;14;56
2017-04-18;2;17;1;0.4;226;56;15;62
2017-04-19;2;14.7;2.3;0;33;64;9;82
2017-04-20;2;13.5;2.3;0;97;63;9;84
2017-04-21;2;12.6;1.3;0;272;74;9;82
2017-04-22;2;12.9;2;0;272;50;5;87
2017-04-23;2;14;1.3;0;296;45;7;80
2017-04-24;2;14.8;1.3;0;317;45;8;77
2017-04-25;2;16.3;1.5;1.6;240;87;20;60
2017-04-26;2;16.4;1.7;0.6;234;63;15;55
2017-04-27;1.6;10.5;2.9;11.4;47;59;5;52
2017-04-28;1.8;11.9;0.9;0;133;71;6;61
2017-04-29;2;13.6;1.4;0;79;59;5;77
2017-04-30;2;17.4;4.1;0;296;18;6;66
2017-05-01;2;15.3;2.9;0;328;28;3;82
2017-05-02;2;15.5;2.9;0;316;74;8;65
2017-05-03;2;16;1.7;0;312;75;8;69
2017-05-04;2;16.1;1.5;0;294;71;8;60
2017-05-05;2;16.7;1.7;0;179;61;12;69
2017-05-06;2;20.5;4.3;0;332;33;26;68
2017-05-07;2;19.4;1;0;328;57;6;63
2017-05-08;2;18.4;1.7;0;318;62;8;72
2017-05-09;2;17.8;1.9;0;274;57;9;73
2017-05-10;2;18.6;1.8;0;291;62;12;73
2017-05-11;2.2;20.2;4.8;0.2;288;33;44;68
2017-05-12;2;20.5;4.2;0;314;39;32;68
2017-05-13;2;22.1;2.4;0;289;23;4;66
2017-05-14;2;21.5;1.6;0;335;40;5;76
2017-05-15;2;20.4;1;0;311;91;12;60
2017-05-16;2;21;1.1;0;282;119;18;51
2017-05-17;2;21.2;0.9;0;293;122;11;60
2017-05-18;2;18.7;0.9;5.2;207;105;13;56
2017-05-19;1.8;17.3;2.9;0;336;76;6;66
2017-05-20;1.8;17.9;2;0;337;49;5;74
2017-05-21;1.8;18.4;1;0;211;40;5;71
2017-05-22;1.8;20.1;1.2;0;333;65;9;67
2017-05-23;1.8;20.4;0.7;0;328;65;9;66
2017-05-24;2;21.2;0.8;0;336;110;13;66
2017-05-25;2;21.8;2;0;331;95;15;71
2017-05-26;2;22.3;0.8;0;314;84;12;75
2017-05-27;2.2;21.3;0.9;0;291;37;25;77
2017-05-28;2;22;0.6;0;312;34;20;77
2017-05-29;2;21;1.1;0;297;65;13;75
2017-05-30;2;20;0.4;2.6;136;80;18;74
2017-05-31;2;20.6;1.4;0;276;78;14;77
2017-06-01;2.2;21.7;1.6;0;310;92;18;63
2017-06-02;2.2;22;1.9;0;311;78;15;57
2017-06-03;2.4;22.2;0.9;0.2;217;45;14;61
2017-06-04;2;19.2;2.7;8.2;97;20;8;61
2017-06-05;2;19.1;1.4;0;335;76;6;57
2017-06-06;2;22.3;2.1;0;333;79;11;61
2017-06-07;2;21.5;2.2;0;331;60;8;65
2017-06-08;2;21.7;1.6;0;331;71;9;61
2017-06-09;2;22.2;1.4;0;247;78;8;60
2017-06-10;1.6;22.7;1.5;0;316;58;7;58
2017-06-11;2;23.9;1.7;0;338;48;6;68
2017-06-12;2;24.7;0.9;0;336;108;9;59
2017-06-13;2;25.3;1;0;330;110;9;56
2017-06-14;2;25.7;1.5;0;330;105;10;67
2017-06-15;2;26.4;1;1.8;306;92;11;59
2017-06-16;2.2;26.3;0.6;0;244;75;21;56
2017-06-17;2;26;3.2;0;304;64;14;66
2017-06-18;2;25.7;1.9;0;321;33;8;75
2017-06-19;2;25.4;0.8;0;311;76;13;60
2017-06-20;2;25.6;2;0;313;71;15;62
2017-06-21;2;25.8;1.8;0;306;83;9;58
2017-06-22;1.8;26;2;0;297;89;10;50
2017-06-23;2;26.4;2;0;313;74;10;62
2017-06-24;2;25.8;1;0;300;35;12;57
2017-06-25;2;24.9;1.8;0;218;20;13;54
2017-06-26;2;25.3;2.4;1.4;293;71;12;55
2017-06-27;1.8;27.6;2.7;0;291;82;15;47
2017-06-28;2.4;27.3;5.7;0;327;25;57;51
2017-06-29;2;25.1;3.6;0;336;41;28;72
2017-06-30;2;22.2;2.4;1;294;68;7;65
2017-07-01;2;20.9;2.4;0.2;252;36;3;51
2017-07-02;2;21.1;2.1;0;329;33;3;56
2017-07-03;2;22.7;2.2;0;332;78;6;51
2017-07-04;1.4;23.2;1.7;0;332;73;5;48
2017-07-05;1.6;23.6;1.2;0;314;61;4;50
2017-07-06;1.6;25.1;1;0;159;71;7;49
2017-07-07;2;24.1;2.8;0.2;80;50;15;59
2017-07-08;2;27;2.4;0.4;293;39;9;59
2017-07-09;2;25.9;2;0;314;33;6;85
2017-07-10;2;25.5;1.9;2.4;309;68;11;65
2017-07-11;2;25.5;1.3;1.6;303;60;12;61
2017-07-12;2.2;26;1.1;0;311;74;13;55
2017-07-13;1.8;25.8;1.5;0;283;73;21;49
2017-07-14;1.8;25.7;1.4;0;264;60;13;46
2017-07-15;2;25.5;2.2;0;296;33;7;55
2017-07-16;2;26;2.7;0;306;36;7;53
2017-07-17;2;25.7;0.9;0;285;59;8;63
2017-07-18;2;25.8;1.7;0;260;57;8;66
2017-07-19;2;26;1;0;264;42;11;61
2017-07-20;2.2;25.8;1;0;257;40;15;52
2017-07-21;2;25.3;1.9;0.8;197;46;16;54
2017-07-22;1.8;25.6;2.3;0;270;38;13;46
2017-07-23;2;26;0.8;0;244;24;12;51
2017-07-24;1.6;26;1.9;0;297;63;12;44
2017-07-25;1.6;24.9;1.8;0;303;63;8;46
2017-07-26;1.8;24.3;2.1;0;308;75;19;52
2017-07-27;1.8;26.7;2.4;0;309;65;15;51
2017-07-28;1.8;26.3;1.6;0;289;35;17;47
2017-07-29;1.8;26.3;0.9;0;274;24;17;43
2017-07-30;1.8;26.3;1.2;0;298;25;20;44
2017-07-31;2.2;26.6;0.8;0;283;37;29;33
2017-08-01;2.2;26.5;0.7;0;133;45;38;31
2017-08-02;2.4;27.2;1.1;0.4;105;64;22;27
2017-08-03;2.2;29.2;1.1;0.4;297;81;15;28
2017-08-04;2.2;28.6;1.1;0;296;66;22;38
2017-08-05;2.4;27.8;1.4;0.6;277;33;27;33
2017-08-06;2;26.7;2.6;0;226;16;13;47
2017-08-07;2;26.7;2.4;0;254;45;8;47
2017-08-08;2;27.1;1.3;0;285;45;19.0311773244211;46
2017-08-09;2.2;24.4;3.8;0;225;25;34;59
2017-08-10;2;21.1;2.4;1.6;277;42;18;65
2017-08-11;2;21.8;1.8;0.3;294;45;19;66
2017-08-12;2.2;23.1;2.1;0;299;25;11;75
2017-08-13;2.2;23.4;2.2;0;295;22;8;77
2017-08-14;2.2;23.9;1.2;0;236;35;9;76
2017-08-15;2;24.8;1;0;253;19;10;73
2017-08-16;2.2;26;0.7;0;268;37;24;64
2017-08-17;2.2;26.4;1;0;264;38;29;74
2017-08-18;2;25.9;2.4;0;276;35;22;65
2017-08-19;2;25.7;1.9;0;200;20;14;56
2017-08-20;1.8;25.1;2;0;195;23;14;56
2017-08-21;1.8;25.2;2.6;0;280;44;18;60
2017-08-22;2;24.9;1.8;0;291;46;22;68
2017-08-23;2;24.9;1.2;0;261;51;24;62
2017-08-24;2;25;1.4;0;254;43;18;73
2017-08-25;2;25.2;1.2;0;217;43;22;77
2017-08-26;2.6;25.8;0.8;0;227;28;28;70
2017-08-27;2.8;26;0.4;0;117;25;31;63
2017-08-28;2.6;25.5;1.1;0;148;50;46;53
2017-08-29;1.8;21.6;0.9;16.4;52;45;17;34
2017-08-30;1.6;22.7;1.5;0.6;136;45;11;51
2017-08-31;1.6;23.6;1.2;0.6;169;51;15;55
2017-09-01;1.8;22.9;1.2;1.4;148;35;10;67
2017-09-02;2;22.1;2.9;1.2;255;27;8;70
2017-09-03;2;22.5;1.9;0;235;19;11;74
2017-09-04;2;23.9;1.6;0;241;46;21;65.0510152413804
2017-09-05;2;24.5;1.7;0;215;54;14;60.52023769099
2017-09-06;2;24.3;0.5;0;182;50;14;53
2017-09-07;1.6;23;1.2;0;152;54;14;55
2017-09-08;2;23.5;1.7;0;209;56;19;54
2017-09-09;2.2;22.6;2.2;1.8;75;27;34;60
2017-09-10;1.6;22.1;2.4;0;264;22;4;61
2017-09-11;2;27.1;2.4;0;265;63;48;53
2017-09-12;1.4;23.1;0.8;0;195;76;18;47
2017-09-13;1.6;22.3;2.2;0;253;65;17;50
2017-09-14;2.2;24.4;1.4;0;251;65;34;64
2017-09-15;1.8;18.6;6.2;1.2;90;17;12;61
2017-09-16;1.6;17.9;2;0;201;32;6;57
2017-09-17;2;19.8;2.3;0;233;21;7;62
2017-09-18;2;21.3;1.5;0;251;54;28;67
2017-09-19;1.8;20.3;2.6;0;245;51;14;66
2017-09-20;2;20.6;2.2;21.5;225;44;17;67.916266626643
2017-09-21;2;21.3;1.6;0;220;65;17;69.4369033768889
2017-09-22;1.8;21.7;1;0;220;63;13;70
2017-09-23;1.8;21.3;1.7;0;229;42;11;73.7715585457474
2017-09-24;2.2;22.6;2.1;0;236;22;15;76.5855769643601
2017-09-25;2.6;23.9;4.2;0;226;51;48;79.3995953829727
2017-09-26;2;21.6;2.2;0;179;34;14;86
2017-09-27;2;21.8;1.8;0;191;64;19;80
2017-09-28;2;21.8;1.6;0;202;56;17;78
2017-09-29;2;21.1;1.7;0;215;77;24;70
2017-09-30;2;20.7;1;0;138;35;16;81
2017-10-01;2;21.8;0.9;0;131;36;13;84
2017-10-02;2;21.5;1.9;0;202;70;24;57
2017-10-03;1.6;21.8;2.4;0;210;63;17;49
2017-10-04;1;22.2;1.9;0;206;64;11;44
2017-10-05;2.4;22.3;1.7;0;210;69;24;32
2017-10-06;1.8;21.6;0.9;0;205;100;19;38
2017-10-07;2;18.3;1.5;1.8;89;37;21;36
2017-10-08;1.8;20.5;1;0.2;197;31;11;52
2017-10-09;1.8;20.1;1.3;0.2;205;34;16;56
2017-10-10;2.2;20.2;1.7;0;202;56;16;55
2017-10-11;2.2;20.2;1.6;0;173;57;20;56
2017-10-12;3.2;20.3;1.1;0;171;26;29;61
2017-10-13;3.2;20.7;1;0;183;54;30;56
2017-10-14;2.8;21.5;0.6;0;167;58;25;62
2017-10-15;2.4;20.7;1.1;0;160;45;15;51
2017-10-16;2.4;20.3;1.1;0;163;100;17;47
2017-10-17;2.4;19.9;1.5;0;159;75;20;54
2017-10-18;2.4;19;1.1;7.8;73;93;24;39
2017-10-19;1.4;16.9;2;0.2;156;71;8;39
2017-10-20;1.8;19.1;1.5;0.4;164;101;13;45
2017-10-21;1.8;20.2;2.5;0;177;68;13;36
2017-10-22;1.6;18.8;1.6;0.4;87;47;8;45
2017-10-23;2;18.9750458625787;1.77069144267832;0.2;150.523210651593;78;14;29
2017-10-24;2.2;19;2.4;0;166;118;24;28
2017-10-25;2.4;19.4;0.5;0;179;179;27;32
2017-10-26;3.8;18.8;1.4;0.4;180;121;34;35
2017-10-27;2.6;20.9;1.5;0;177;144;33;33
2017-10-28;2;18.9;1.8;0;158;66;17;35
2017-10-29;1.8;17.6;1.1;0;163;50;16;42
2017-10-30;2;16.8;1.8;0;104;94;17;35
2017-10-31;1.6;17.3;2.1;0.2;58;41;11;47
2017-11-01;1.6;17.498579945269;1.64397737002128;0.6;129.231560427212;42;11;51
2017-11-02;2;17.7;1.1;0;128;92;34;35
2017-11-03;3.2;18.1;0.9;0;125;135;72;33
2017-11-04;2.2;18;1.6;0;95;49;38;35
2017-11-05;2;17.4;4.4;2;160;20;28;60
2017-11-06;2.4;14.6;5.7;0;144;39;57;64
2017-11-07;2.4;13;2.1;0.2;155;105;62;34
2017-11-08;2.4;15;2.3;0;149;72;58;47
2017-11-09;2.4;13.2;2.8;0;145;98;44;53
2017-11-10;2.6;13.7;2;0;150;157;91;38
2017-11-11;2;17.4;2;0;150;85;41;32
2017-11-12;1.6;17.2;2.8;0;153;46;35;34
2017-11-13;3;14.7;5;0;151;39;80;63
2017-11-14;2.8;11.1;1.8;0;151;136;95;36
2017-11-15;3.6;11.6;1.1;0;138;145;99;29
2017-11-16;3.4;12;1.9;0;140;138;92;29
2017-11-17;5.2;12.4;1.7;0;153;208;150;21
2017-11-18;4;13.4;1.9;0;138;117;88;31
2017-11-19;4;13;2.1;0;135;54;58;49
2017-11-20;4;12.8;1.5;0;135;130;97;28
2017-11-21;4.2;12.8;1.4;0;137;177;137;22
2017-11-22;4.2;12.2;1.8;0;128;151;105;15
2017-11-23;4.2;16.4;2.5;0;115;235;161;10
2017-11-24;4.2;18.6;2.5;0;91;133.703054673587;100.057300836597;16
2017-11-25;3.2;17.2;3.2;0;40;78;92;28
2017-11-26;1.8;12.6;2.3;0;125;71;47;39
2017-11-27;2.4;10.2;2.1;0;116;112;75;20
2017-11-28;3.6;13.5;1.8;0.2;58;130;85;19
2017-11-29;2.6;10.8;1.6;4.2;14;86;29;13
2017-11-30;1.4;9.8;2.5;0;134;119;30;34
2017-12-01;2;7.8;6.5;0;119;43;56;49
2017-12-02;2;7.6;7.5;0;129;26;34;64
2017-12-03;1.6;8.1;3;0;134;47;12;50
2017-12-04;2.4;8.1;2.3;0;130;176;65;23
2017-12-05;2.8;8;2.2;0;129;206;81;17
2017-12-06;3;8.2;2.6;0;128;94;48;28
2017-12-07;4;9.1;1.9;0;112;184;84;22
2017-12-08;3.4;13.3;2.1;0;80;120;59;20
2017-12-09;2.6;12.9;1.8;0;69;72;35;22
2017-12-10;2.4;15.8;6.4;0;63;13;65;47
2017-12-11;2.2;13.4;7;1;40;40;48;54
2017-12-12;1.6;10.5;2.3;0;94;93;41;33
2017-12-13;2;9.8;3.4;0;95;63;56;27
2017-12-14;1.8;12.7;7;0;73;30;83;38
2017-12-15;1.2;14.5;4.6;0;75;65;37;46
2017-12-16;1.2;11.5;2.7;0;122;63;32;47
2017-12-17;1.2;8.9;2.4;0;122;67;26;44
2017-12-18;2.2;10.2;2.2;0;114;103;49;26
2017-12-19;1.8;11.5;2.3;1.2;67;75;37;39
2017-12-20;3.2;9.7;1.8;1.4;92;122;55;15
2017-12-21;3.8;10;2.1;0;106;123;66;15
2017-12-22;3.8;11.9;0.9;0;107;282;75;8
2017-12-23;2.6;10.3;1.8;0;57;132;41;9
2017-12-24;3;11.2;2.2;0;117;67;37;16
2017-12-25;2.2;10.2;2.3;0;118;47;27;25
2017-12-26;2.6;12.5;5.8;0;62;37;60;49
2017-12-27;2.4;13.3;8.8;1.4;105;24;72;58
2017-12-28;1.4;15.1;4.2;0;99;74;42;38
2017-12-29;1.6;15.6;3.7;0;108;73;46;21
2017-12-30;1.2;16.5;4.7;0;120;23;21;39
2017-12-31;1.2;14.4;4.1;0;89;16;31;46
2018-01-01;2;12.6;6.3;0;103;36.82251669126;22;62
2018-01-02;1.6;14.4;4.9;0;99;32;42;46
2018-01-03;1.4;15.9;5;0;86;40;43;31
2018-01-04;1.6;16.6;6.1;0;123;29;87;35
2018-01-05;1.6;15.1;4.6;0;124;39;49;44
2018-01-06;2;10.3;1.9;3.4;25;60;27;36
2018-01-07;1.4;9.1;1.8;0.2;123;39;11;50
2018-01-08;2;8.9;1.2;0;109;113;38;28
2018-01-09;2;8.8;3.7;0.2;113;58;41;31
2018-01-10;1.6;11.9;5.4;0.2;124;50;32;44
2018-01-11;2.2;11.2;5.2;0;129;40;42;57
2018-01-12;2;10.5;1.6;0;132;100;40;24
2018-01-13;1.6;9.5;1.8;0;77;72;39;30
2018-01-14;1.4;10;2.7;0;73;56;25;43
2018-01-15;1.8;10;2.7;0;130;81;33;26
2018-01-16;1.8;13.6;4.9;0;131;41;80;38
2018-01-17;2.2;15.5;2.3;0;136;130;53;33
2018-01-18;2.2;11.3;1.5;0;133;118;47;22
2018-01-19;3;12.4;2.1;0;84;160;78;18
2018-01-20;1.6;15.4;3.3;0.2;120;47;43;41
2018-01-21;1.4;18.1;4.6;0;138;14;21;48
2018-01-22;2.2;16.7;2;0;143;61;65;23
2018-01-23;2.6;14.1;1.6;0;137;123;56;12
2018-01-24;3.4;12;1.2;0;137;115;69;23
2018-01-25;4;11.4;0.8;0.2;109;85;76;22
2018-01-26;1.4;10.8;2.1;2.6;41;94;23;38
2018-01-27;1.8;11.1;3.6;0.2;126;39;18;51
2018-01-28;2.2;11.2;9.8;12.8;28;11;25;60
2018-01-29;2.8;11.4;0.9;0;139;130;46;29
2018-01-30;3.2;10.1;1.9;0;148;137;59;19
2018-01-31;3.4;9.8;1.7;0;137;108;59;27
2018-02-01;3.4;9.9;1.4;5.2;81;75;50;26
2018-02-02;1.4;8.4;3.7;0.2;69;57;28;46
2018-02-03;2;10.4;3.5;0;161;39;14;52
2018-02-04;1.6;7.7;2.8;4;38;51;14;41
2018-02-05;1.8;8.2;0.7;4.4;86;118;36;29
2018-02-06;1;5.9;2.6;4.6;41;65;10;43
2018-02-07;1.4;7.2;2.4;0.6;92;91;29;39
2018-02-08;1.6;7.1;2.7;0;169;79;28;51
2018-02-09;2;8.4;2.1;0;164;107;43;41
2018-02-10;1.8;9.5;5;0;95;45;26;63
2018-02-11;1.4;12.4;3.5;0;157;29;10;48
2018-02-12;1.2;11.1;1.9;0.6;51;88;20;45
2018-02-13;1.4;9.8;4.7;0;154;64;38;49
2018-02-14;1.4;13.4;5.2;0;70;44;38;47
2018-02-15;1.8;15;2.8;0;178;93;39;30
2018-02-16;3.6;13.8;0.7;0;154;173;61;20
2018-02-17;3.6;13.2;0.4;1.6;156;100;56;17
2018-02-18;2;11.3;2.2;0;131;46;16;49
2018-02-19;2.2;11.6;1.6;0;186;122;42;25
2018-02-20;1.4;14.4;3.8;0;167;95.4555645249518;38.3550535032401;42
2018-02-21;1.6;11;2.4;0;139;75;23;50
2018-02-22;2.4;7.4;2.1;0;193;109;43;46
2018-02-23;3;7;2.4;0;193;122;59;48
2018-02-24;3.2;8.1;2.4;0;194;78;50;57
2018-02-25;3.4;9.6;1.9;0;199;63;49;55
2018-02-26;3.2;11.3;1.5;1.2;197;158;66;52
2018-02-27;2;6;4.8;11.8;17;54;22;49
2018-02-28;2.2;7.3;0.4;1.4;41;108;29;34
2018-03-01;4;10.3;2.8;4.2;59;114;64;26
2018-03-02;2;12.1;3.4;0.3;66;112;37;48.3172467111778
2018-03-03;2;15.3;5.2;0;138;64;25;67
2018-03-04;2;13.9;1.9;0.1;107;45;15;61
2018-03-05;2;12.4;4.7;1.4;127;54;13;74
2018-03-06;2;13;5.2;0;156;48;21;73
2018-03-07;2;12.5;3.5;0;224;66;30;59
2018-03-08;1.8;12.5;0.8;0.2;125;98;32;49
2018-03-09;2;17.3;3.4;0;191;106;42;48
2018-03-10;1.8;17.8;3.8;2;169;76;28;55
2018-03-11;2;14;7.4;0.6;194;18;11;87
2018-03-12;2;14.7;7.3;0;233;40;38;77
2018-03-13;2;15.2;2.9;0.2;189;67;34;54
2018-03-14;2.6;15.7;1.7;0;120;140;60;34
2018-03-15;2.2;14.7;6.3;0;145;68.4489277954735;41.0201629023432;81
2018-03-16;2.2;13.4;4.1;0;223;54;49;76
2018-03-17;2;11.4;4.3;0.2;108;32;29;73
2018-03-18;2;12.8;3.9;0;176;40;34;72
2018-03-19;2;10.2;4.9;2.4;120;34;40;71
2018-03-20;2;9;6.2;0;190;51;19;83
2018-03-21;2;9.7;2.3;0;250;91;40;77
2018-03-22;2.2;10.1;3.2;0;254;105;41;54
2018-03-23;2.4;14.4;4.9;0;217;58;63;54
2018-03-24;2;13.3;9.9;0;246;15;40;69
2018-03-25;2;12.6;2.5;0.2;178;39;14;59
2018-03-26;2;13.6;3.2;0;234;82;24;52
2018-03-27;2;16.4;2;0.8;218;106;39;44
2018-03-28;2.4;20.7;2.6;0;273;87;60;39
2018-03-29;2.2;17.7;2.9;0;231;52;49;45
2018-03-30;2.4;14.5;6.4;0.3;258;12;60;76
2018-03-31;2.2;13.8;8.3;0.1;287;15;45;77
2018-04-01;2;13.3;2.9;0;245;40;16;66
2018-04-02;2;13.2;0.6;0;199;41;24;68
2018-04-03;2.4;17.6;2.6;0;258;86;59;45
2018-04-04;2.4;17.4;5.9;0;263;37;76;68
2018-04-05;2;15.5;2.5;0;277;77;35;66
2018-04-06;2;14;1.5;0;158;58;30;66
2018-04-07;2.4;13.4;3;2.2;48;27;31;80
2018-04-08;2;14.8;4.3;0;254;19;6;74
2018-04-09;2;13.4;6;0;297;16;10;90
2018-04-10;2;12.1;4.1;2.4;140;69;28;77
2018-04-11;2;11.1;7.6;0;144;33;14;86
2018-04-12;2;14.8;4.7;0.2;261;39;27;77
2018-04-13;2;14;3.8;0.2;254;61;28;80
2018-04-14;2;13.2;1.7;0;233;41;31;73
2018-04-15;2;18.5;3.6;0;289;25;35;68
2018-04-16;2;16.8;3.1;0;180;58;21;70
2018-04-17;2;16.7;2.2;0;301;110;43;51
2018-04-18;2.6;18.1;1;0;302;113;57;66
2018-04-19;3.4;15.6;1.3;0;283;66;58;86
2018-04-20;3.6;15.8;1.6;0;266;40;61;96
2018-04-21;3.6;16.2;0.4;0;176;79;72;74
2018-04-22;3;17.9;0.7;0;269;53;54;74
2018-04-23;3.2;18.8;1;0;221;69.6465963391353;59.8080861325321;75
2018-04-24;3.2;18;1.1;0;188;86;66;72
2018-04-25;3.2;17.8;1.5;0;187;80;59;76
2018-04-26;2.4;17.6;2.7;1.4;292;74;63;48
2018-04-27;3.6;18;1;1.4;270;81;70;61
2018-04-28;4.2;17.2;0.9;0.2;246;41;66;78
2018-04-29;2;16;5.9;0;252;16;37;81
2018-04-30;2;14.8;3.6;0;216;42;14;81
2018-05-01;2;13.2;2.5;0;326;29;8;88
2018-05-02;2;16.5;1.2;0;286;87;39;61
2018-05-03;2;17.9;3.8;0;305;70;28;67
2018-05-04;2;15.8;2.4;0;186;81;26;59
2018-05-05;2.2;17.5;0.6;0;260;69;42;64
2018-05-06;2.4;18;1.5;0;254;33;36;83
2018-05-07;2.8;17.5;0.9;0;321;86;53;70
2018-05-08;3.2;19;0.4;0.4;183;118;63;72
2018-05-09;3.4;18.6;1.4;0;307;83;48;69
2018-05-10;2.8;17.9;2.7;0;248;86;37;70
2018-05-11;2.8;17.7;3.5;0;309;68;44;60
2018-05-12;3;20.1;2.7;0;291;44;58;72
2018-05-13;2;16.4;3.8;0;339;26;21;91
2018-05-14;2.2;16.6;2.2;0;269;66;45;68
2018-05-15;2;16.4;3.2;0;329;57;23;82
2018-05-16;2;17.5;1.3;0;326;93;29;71
2018-05-17;2;17.8;2.6;0;332;82;32;72
2018-05-18;2.4;18.5;0.7;0;321;83;44;96
2018-05-19;2.8;18.6;1.3;0;331;65;37;101
2018-05-20;2.6;19;0.8;0;329;46;36;94.5616538042651
2018-05-21;2.8;18.9;1;0;283;80;53;93.0827098859998
2018-05-22;2.6;19.9;0.5;0;244;87;49;89
2018-05-23;3;20.2;1.5;0;287;58;44;97
2018-05-24;2.4;20;1.6;0;213;49;36;89
2018-05-25;2.8;19.2;4.3;0;178;29;49;97
2018-05-26;3;19.6;1;0;228;34;57;86
2018-05-27;2.6;19;1.8;4.2;191;30;37;71
2018-05-28;2;19.3;2.9;2;190;53;27;68
2018-05-29;2.8;19.3;1;2;195;54;38;76
2018-05-30;2;19.7;1.2;0;272;66;34;89
2018-05-31;2;20.8;1.5;0;326;82;36;78
2018-06-01;2;20.5;1.4;0;314;66;30;85
2018-06-02;2.2;19.5;1.1;0.6;147;49;29;77
2018-06-03;2;18.9;1.6;42.2;264;29;12;90
2018-06-04;2;22.9;2.2;0;290;51;37;65
2018-06-05;2;21.9;4;0;276;42;36;73
2018-06-06;2;19.3;1.5;13;225;56;19;76
2018-06-07;2;19.6;2.4;0;314;68;20;68
2018-06-08;2;21.1;2.4;0;251;72;31;79
2018-06-09;2.4;21.3;0.7;0;241;50;31;84
2018-06-10;2;21.6;0.8;0;250;38;27;74
2018-06-11;2;23.4;3;0;322;41;33;69
2018-06-12;2;23.4;2.1;0.2;302;64;23;76
2018-06-13;2;22.8;3.1;0;316;66;21;94
2018-06-14;2;21.5;2.3;0;329;81;23;85
2018-06-15;2;22.2;2;0;328;75;31;76
2018-06-16;2;22.2;1;0;296;39;21;79
2018-06-17;2;22.9;1.2;0;316;42;18;71
2018-06-18;2;23.3;1.1;0;331;72;22;68
2018-06-19;2;23.1;2.6;0;328;71;24;63
2018-06-20;1.8;23.6;2.1;0;329;92;25;74
2018-06-21;1.8;24.4;1.8;0;330;82;32;71
2018-06-22;2.2;25.4;2.8;0;321;88;45;86
2018-06-23;2;24.3;2.4;0;308;28;23;88
2018-06-24;2;24.2;1;0;272;35;19;91
2018-06-25;2;24.2;1.7;0;317;60;30;76
2018-06-26;2;24.3;1.3;0;299;48;26;85
2018-06-27;2;24.7;2.1;0.8;315;64;35;91
2018-06-28;2.4;24.7;1.1;0;286;61;36;82
2018-06-29;2;24.5;1.2;0;256;48;25;83
2018-06-30;2;24.4;1.1;0;312;31;22;86
2018-07-01;2.4;24.7;1.6;0;318;26;25;79
2018-07-02;2.6;27.1;2.9;0;337;72;58;59
2018-07-03;2.6;25.6;0.8;0;329;60;40;70
2018-07-04;2.4;25.7;1.3;0;324;53;29;81
2018-07-05;2;25.4;2.4;0;329;78;40;77
2018-07-06;2.2;24.7;1.6;0;303;66;30;64
2018-07-07;2;24.8;1.7;0;308;39;20;75
2018-07-08;2;25.6;1.4;0;323;39;22;76
2018-07-09;2.2;26.3;3.3;0;319;72;45;73
2018-07-10;2;26;0.8;0;317;66;32;81
2018-07-11;2.4;25.5;0.9;0;276;53.4438849483756;31.4075750953455;77
2018-07-12;2;26;1.2;0;304;56;29;84
2018-07-13;2;25.4;2.1;1;236;35;24;78
2018-07-14;2.4;25.4;2;0;315;34;29;70
2018-07-15;2.6;27.4;1.7;1.7;295;33;37;66
2018-07-16;2.4;28.6;4.1;0;327;52;56;80
2018-07-17;2;25.8;2.3;0;320;64;28;75
2018-07-18;2;25.6;1.7;0;297;68;31;78
2018-07-19;2;25.5;1.3;0;318;57;32;79
2018-07-20;2.4;25.5;0.9;0;293;53;34;79
2018-07-21;2;25.3;1.6;0;275;30;24;74
2018-07-22;2;24.3;2.5;0;212;24;15;83
2018-07-23;2;25.1;3.2;0;315;62;28;69
2018-07-24;2;26.2;2.2;0;318;50;28;68
2018-07-25;2;26;1.2;0.2;303;44;23;70
2018-07-26;2.4;25.7;2.1;0;307;55;28;67
2018-07-27;2.2;25.5;1.9;0;303;59;28;64
2018-07-28;2.4;26.3;1.1;0;317;38;33;68
2018-07-29;2.8;26.1;1.4;0;314;27;27;76
2018-07-30;2.6;26.2;0.7;0;268;62;28;57
2018-07-31;2.6;26.2;0.9;0;306;62;29;48
2018-08-01;2.2;26.6;0.9;0;274;57;26;52
2018-08-02;2.2;27.5;0.9;0;304;91;36;49
2018-08-03;2.6;27.8;1.1;0;302;71;47;55
2018-08-04;2.2;28.8;1.6;0;303;51;33;65
2018-08-05;2.6;29.7;2.6;3.4;284;36;25;73.7246792657344
2018-08-06;2.2;28.8;1.9;1;263;64;31;97
2018-08-07;2.2;27.3;2.6;1.8;274;50;26;72
2018-08-08;2.2;25.9;1.9;3;214;57;22;48
2018-08-09;2.4;26.6;4;0.2;286;47;25;52
2018-08-10;2;25;6.3;2.8;238;19;16;56
2018-08-11;2;26.1;2.7;0;293;36;15;64
2018-08-12;2;26.3;2.5;0;253;25;15;54
2018-08-13;2;26.6;2.8;0.8;299;41;27;60
2018-08-14;1.8;26.1;1.6;0;288;39;16;46
2018-08-15;1.8;25.5;2.5;0.4;220;24;13;47
2018-08-16;2;24.9;1.1;0.6;110;61;16;50
2018-08-17;2;24.4;2.4;0;277;46;10;70
2018-08-18;2;23.7;1.2;0;201;35;9;58
2018-08-19;2;24.7;1.2;0;323;32;9;61
2018-08-20;2;25.8;2.2;0;317;69;20;58
2018-08-21;2;26.2;2;0;307;71;21;78
2018-08-22;2;26.1;2.5;0;296;56;20;68
2018-08-23;2;26;1.3;0;247;62;22;64
2018-08-24;2;25.8;2;0;285;49;17;66
2018-08-25;2;24.8;1.8;0;263;33;17;55
2018-08-26;2;25.2;2.8;0;271;25;16;64
2018-08-27;2.2;25.9;2.2;0;279;43;21;60
2018-08-28;2;25.7;1.7;0.2;186;45;22;59
2018-08-29;2;25.8;1.6;0.4;268;47;16;57
2018-08-30;2;25.7;1.7;2.2;243;52;24;57
2018-08-31;2;25.2;1.3;0;212;55;21;63
2018-09-01;2;25.3;1.9;0;278;41;17;61
2018-09-02;2;25.4;2;0;258;29;15;67
2018-09-03;2;24.9;1.9;3.6;156;52;20;62
2018-09-04;2;24.7;1.4;0;274;68;23;61
2018-09-05;2.2;25.1;1.3;2.7;206;54;21;58
2018-09-06;2;24.4;1.4;0;254;57;27;61
2018-09-07;2;24.1;1;0;195;58;17;69
2018-09-08;2;23.6464104633793;1.30482347681853;0.6;219.288609437767;47;16;66
2018-09-09;2;23.2043028713578;1.3622790879152;1.53550020554561;217.451818634711;33;12;61
2018-09-10;2;22.7621952793363;1.41973469901188;0;215.615027831654;48;14;65
2018-09-11;2;22.1;1.6;3;160;62;15;52
2018-09-12;2;24;1.6;0;242;73;21;51
2018-09-13;2;24.3;0.9;0;268;82;20;58
2018-09-14;2.2;24.1;2.1;0;242;89;24;64
2018-09-15;1.8;22;1.5;26;99;36;12;58
2018-09-16;1.8;22.7;1;0;259;34;8;55
2018-09-17;1.6;23.2;0.7;32.8;148;69;13;55
2018-09-18;1.6;22.3;0.6;3.6;197;73;13;54
2018-09-19;1.8;23.4;0.5;0;250;67;16;47
2018-09-20;2.4;23.6;1.3;0;253;84;23;43
2018-09-21;2.4;25.1;0.8;0;251;93;37;51
2018-09-22;3;25.2;0.9;0;238;57;36;55
2018-09-23;3;25.8;0.8;0.2;244;50;34;57
2018-09-24;2;25.3;1.6;0;243;91;36;39
2018-09-25;2;21.4;4.8;0.4;35;22;22;55
2018-09-26;2.2;21.4;4.9;4.8;125;23;27;76
2018-09-27;2;21.6;1.5;0.2;229;51;22;66
2018-09-28;2.2;21.5;0.5;0;249;100;36;47
2018-09-29;2;22.1;2.5;0;249;59;33;72
2018-09-30;2;21.3;1.3;0;239;42;20;70
2018-10-01;1.8;21.2;1.9;0;229;94;32;54
2018-10-02;2;19.5;1.5;0;237;75;39;58
2018-10-03;2.4;20.5;1.8;0;237;118;53;47
2018-10-04;1.8;20.3;1.7;0;231;82;32;57
2018-10-05;1.8;20.6;1.3;0;211;88;29;61
2018-10-06;2.2;21.1;0.9;0;218;55;32;59
2018-10-07;2;20.7;1.9;0;192;37;28;62
2018-10-08;1.4;17.3;1.8;0.2;211;52;14;54
2018-10-09;1.4;16;1.5;1;96;27;8;55
2018-10-10;1.6;19.1;1.1;0;175;100;22;53
2018-10-11;2.6;20.2;0.9;0;156;105;33;33
2018-10-12;2.6;22.1;1.1;0;207;53;30;39
2018-10-13;2.2;21.4;1.3;0;159;49;25;54
2018-10-14;2;19;2.1;3.6;63;32;20;48
2018-10-15;1.4;18.3;3.1;0.2;186;46;19;43
2018-10-16;1.4;18.3;2.1;0.4;168;61;20;52
2018-10-17;1.6;18.9;1.4;0;200;71;22;54
2018-10-18;2;15.6;2.5;57.9;8;78;24;25
2018-10-19;1.2;17.5;1.8;24;89;75;12;48
2018-10-20;2.4;18.9;5.5;1.6;76;23;27;73
2018-10-21;3.4;19.7;2.5;0;130;51;41;74
2018-10-22;3.2;19;1.1;0;167;87;47;47
2018-10-23;3.2;18.8;0.5;0;145;99;48;47
2018-10-24;3;19.4;0.9;0;192;122;49;27
2018-10-25;2.8;19.5;1;0;191;155;55;25
2018-10-26;3.2;18.4;0.4;0.2;146;160;52;25
2018-10-27;1.2;15.1;1.1;18.5;58;51;15;43
2018-10-28;1.4;11.2;1.5;4.9;149;26;5;53
2018-10-29;1.2;11.8888869037819;6.6;1.6;172;34;16;51
2018-10-30;1;12.1;1.3;5.2;48;69;15;41
2018-10-31;1;13;4.2;1.2;119;45;9;43
2018-11-01;1;14.3;1.2;0;175;66;12;35
2018-11-02;2;14.8;1;0.6;53;164;30;21
2018-11-03;1.2;14.9;1.9;0;172;82;21;33
2018-11-04;1.4;14.6;1.2;0;165;75;18;35
2018-11-05;1.8;13.4;2.4;0.2;37;116;29;25
2018-11-06;1.6;14.9;5.7;0;161;34;13;56
2018-11-07;1;16.7;4.5;0;128;51;16;46
2018-11-08;1.6;16.5;1;4.4;121;82;22;39
2018-11-09;1.4;15.7;4.8;0;160;44;13;51
2018-11-10;1.2;16.8;4.8;0.2;31;31;13;50
2018-11-11;1.2;19.1;2.3;0;142;41;13;52
2018-11-12;2.4;16.6;1.4;0;63;87;32;32
2018-11-13;3.2;17.6;1.8;0;69;74;44;40
2018-11-14;3.2;17.8;2.4;1.299427344911;56;49;40;51
2018-11-15;2.6;17.3;3.7;1.27920786992196;16;49;32;46
2018-11-16;2.2;16.7;2.3;1.25898839493292;16;63;25;43.8268344189635
2018-11-17;2.2;16.3;1.6;1.23876891994389;64;43;27;42.1134673812222
2018-11-18;1.8;15.1;2.6;0;24;39;17;40.4001003434809
2018-11-19;1.6;14.3;3.7;1.19889761671148;23;50;16;38.6867333057395
2018-11-20;1.2;15;3.7;1.1792457884681;109;44;14;40
2018-11-21;1.6;15.4;3.3;1.15959396022473;81;104;25;33
2018-11-22;2.2;14.7;0.8;1.13994213198135;56;135;46;17
2018-11-23;2;14;1.9;1.12029030373798;50;104;26;13
2018-11-24;1.4;14.1;2.1;1.1006384754946;144;67;19;36
2018-11-25;1.8;16.6;4.2;1.08098664725123;116;21;12;56
2018-11-26;1.8;16.2;5.5;0;134;43;22;53
2018-11-27;1.4;15.7;2.3;0;133;68;26;35
2018-11-28;2;15.2;1;0;135;133;42;27
2018-11-29;2.4;13.3;1.1;0;137;175;50;18
2018-11-30;1.8;15.8;3.4;0;127;73;34;47
2018-12-01;2;13.8;1.2;0;118;81;34;34
2018-12-02;2;15.9;1.8;0;122;63;22;33
2018-12-03;2.8;17.5;1.1;0;126;161;55;19
2018-12-04;2.8;17.4;1.3;0;126;180;54;12
2018-12-05;3.8;15.5;0.5;0;121;123.187947489746;59;12
2018-12-06;3.4;16.5;0.9;0;127;116.496271409317;43;15
2018-12-07;3.4;14.7;1.1;0;127;121;44;15
2018-12-08;2.4;15;1.4;0;103;83;32;21
2018-12-09;2;17.4;2.2;0;126;51;20;26
2018-12-10;2.4;14.5;1.8;0;117;123;45;29
2018-12-11;3.2;12.8;0.8;0;107;106;56;17
2018-12-12;3;14.8;2.5;0;122;102.369330636398;49;22
2018-12-13;1.6;13.6;5.2;0;26;102.296219599378;24;57
2018-12-14;1.8;14.9;5.2;0;117;102.223108562358;13;66
2018-12-15;1.4;14.7;4;0;109;102.149997525339;24;46
2018-12-16;2;15.9;4.6;0;80;102.076886488319;10;57
2018-12-17;2;13.5;1.7;0;110;102.003775451299;32;31
2018-12-18;2.2;11.7;2.2;0;95;134;41;24
2018-12-19;1.4;15.6;4.1;0;99;63;23;45
2018-12-20;1.8;13.7;1.8;0;94;96;25;26
2018-12-21;1.6;12.8;2.6;0;119;86;23;21
2018-12-22;1.6;14;1.8;0;122;59;22;25
2018-12-23;2.2;13.9;1.5;0;121;95;33;15
2018-12-24;3.4;13.6;0.8;0;118;172;47;16
2018-12-25;2.2;12.5;1.7;0;74;67;27;20
2018-12-26;3.2;12.4;1.8;0;107;106;44;19
2018-12-27;3.4;12.8;1;0;98;142;56;21
2018-12-28;3.4;12.7;0.9;0;55;94;43;25
2018-12-29;3.2;11.9;0.9;0;122;104;43;21
2018-12-30;2.2;12;1.8;0;129;109;42;25
2018-12-31;2;13.1;2.6;0;131;111;40;27
2019-01-01;2.2;13;1.6;0;132;91;25;31
2019-01-02;2.2;12.2;1.6;0;132;142;33;23
2019-01-03;2.4;10.7;1.7;0;122;140;34;15
2019-01-04;3;10.8;1.5;0;131;115;35;25
2019-01-05;3;11.8;2.3;0;134;81;42;27
2019-01-06;2.6;13.1;1.7;0.2;134;103;40;27
2019-01-07;2.2;12.3;1.6;0;129;193;40;29
2019-01-08;3.4;11.1;1.8;0;133;148;39;19
2019-01-09;2.4;12.9;2.7;0;137;98;38;35
2019-01-10;1.8;10.7;2.3;0;134;88;23;50
2019-01-11;2.4;7.9;1.9;0;139;172;45;31
2019-01-12;2.2;9.2;1.8;0;138;115;35;30
2019-01-13;2;10.7;1.9;0;139;88;32;30
2019-01-14;2.2;13.5;1.5;0;142;150;34;25
2019-01-15;2.4;11.8;1.8;0;139;179;37;19
2019-01-16;4;11.2;1.1;0;138;180;49;20
2019-01-17;4.2;10.9;1;0;45;193;70;9
2019-01-18;2.2;10.4;1.6;0;113;121;35;24
2019-01-19;2;11;2.7;0;126;60;30;42
2019-01-20;1.8;12.5;2;0.2;77;63;21;41
2019-01-21;1.4;11.3;2.9;0;136;98;19;52
2019-01-22;1.6;10.2;3.5;0;113;37;25;53
2019-01-23;1.6;15.3;6.6;0;122;29;34;61
2019-01-24;1.8;14.5;6.9;0;95;26;19;74
2019-01-25;1.6;16.8;6.9;0;153;42;11;61
2019-01-26;1.8;14.1;1.8;0;158;79;22;39
2019-01-27;1.6;15.9;3.8;0;145;28;25;59
2019-01-28;1.6;14.1;4.5;0;155;46;40;56
2019-01-29;1.8;13.7;5.7;0;96;45;34;55
2019-01-30;1.8;14.2;4.1;3.6;156;50;23;57
2019-01-31;1.8;17.1;7.2;0;79;23;35;59
2019-02-01;2.2;15.8;8.9;0.9;131;21;49;74
2019-02-02;2;11.9;8;0;140;16;24;83
2019-02-03;2;10.2;9.1;0;175;13;32;82
2019-02-04;1.8;10.7;2;0;178;83;23;44
2019-02-05;2.2;14.4;1.4;0;171;117;36;24
2019-02-06;3;14.2;1.6;0;172;119;38;23
2019-02-07;3.2;15;1;0;166;112;35;26
2019-02-08;3.4;12.8;1.5;0;173;108;31.3246681103152;33
2019-02-09;3.8;13.8;0.8;0;177;82;30.036953761982;31
2019-02-10;2.2;15.2;5.7;0;109;21;26;54
2019-02-11;1.8;14.4;1.7;0;163;112;24;43
2019-02-12;2;11.6;1.8;0;189;109;26;33
2019-02-13;2.2;11.7;1.3;0;190;123;34;49
2019-02-14;2;12.2;1;0;115;91;27;55
2019-02-15;2.8;11.3;1.1;0;99;89;32.1219361077184;54
2019-02-16;3.2;12.1;0.5;0;195;63;33.5482747404337;59
2019-02-17;2.2;10.9;1.3;0;135;35;34.9746133731489;62
2019-02-18;2.4;12.9;0.6;0;159;86;29;61
2019-02-19;3.2;12.2;1.2;0;192;83;39;61
2019-02-20;3.6;12.1;1.1;0;179;85;39;60
2019-02-21;3.8;12.3;1.2;0;193;121;52;50
2019-02-22;4;14.5;1.4;0;210;147;74;27
2019-02-23;4;16.1;1.8;0;211;72;56;55
2019-02-24;3.8;13.3;1.1;0;147;50;41;64
2019-02-25;3.6;12.6;1.6;0;215;96;42;51
2019-02-26;3.4;14.3;1.3;0;217;109;41;48
2019-02-27;3.8;16.5;1.1;0.6;220;160;59;33
2019-02-28;3.4;17.3;1.6;0;225;124;45;44
2019-03-01;3.6;15.5;2.4;0;224;103;35;51
2019-03-02;3.8;16.2;1.7;0;229;75;39;51
2019-03-03;2.2;19.7;2.9;0;236;74;28;51
2019-03-04;2.4;20.4;4.3;0;114;36;33.1568516266563;60
2019-03-05;2.4;15.3;1.4;0;123;56;30;70
2019-03-06;3.4;15.6;2.8;0.9;112;65;44;37
2019-03-07;2;15.7;4.6;0;239;45;12;64
2019-03-08;1.8;14.6;2.3;0;249;91;23;55
2019-03-09;2;15.7;2.7;0;245;65;31;54
2019-03-10;2.2;17.9;1.9;0;250;60;31;59
2019-03-11;2;16;1.5;0;233;98;29;49
2019-03-12;2.2;15.1;1.2;0;255;75;34;47
2019-03-13;2.2;17;1.7;0;237;78;32;55
2019-03-14;2;14.7;2.4;0;264;69;29;59
2019-03-15;2.8;16.8;1.8;0;265;108;51;44
2019-03-16;4;17;1.2;0;267;73;58;65
2019-03-17;3.8;19.3;3.2;0;268;55;67;69
2019-03-18;2;14.6;2.7;0;202;43;34;71
2019-03-19;2;13.4;2.4;0.6;219;36;32;80
2019-03-20;2;12.5;1.6;1.2;240;55;21;73
2019-03-21;2.2;12.5;2.6;0;272;71;25;80
2019-03-22;2.2;13.9;1.9;0;243;60;29;81
2019-03-23;3.2;15.2;1.2;0;221;61;34;84
2019-03-24;3;17;1.3;0;268;53;33;61
2019-03-25;2.8;16.7;1.1;0;281;94;39;57
2019-03-26;2.4;14.5;2.6;0;280;64;31;71
2019-03-27;2;14.2;1.5;0;292;69;30;72
2019-03-28;2;13.6;1.5;0;290;77;28;81
2019-03-29;2;13.7;1.3;0.3;268;66;25;86
2019-03-30;2.2;13.5;1.4;0;253;34;22;91
2019-03-31;2;12.3;6.2;19.8;36;16;14;87
2019-04-01;2.2;14.3;2.2;3.9;127;47;21;84
2019-04-02;3.4;15.6;0.8;1.2;169;94;30;33
2019-04-03;2;17.1;3.3;0;259;56;17;64
2019-04-04;2;13.8;3.5;0;302;49;12;74
2019-04-05;1.8;12.7;1.7;4.5;150;71;16;58
2019-04-06;2;12.7;5.2;1.2;204;17;3;83
2019-04-07;2;15.3;3.9;0;295;13;2;89
2019-04-08;2;18.2;3.5;0;198;32;6;67
2019-04-09;2;16.2;5.2;0.3;267;25;9;80
2019-04-10;2;15.5;3.4;1.2;219;39;7;73
2019-04-11;2;16.3;2.6;0;320;56;16;76
2019-04-12;2;16.2;2.9;0;318;64;19;79
2019-04-13;2.2;16.7;1.6;0;328;57;24;81
2019-04-14;2;21;2.8;0;309;30;22;94
2019-04-15;2.8;16.5;2.9;0;242;22;24;107
2019-04-16;2.6;16.7;0.9;0;294;40;28;91
2019-04-17;2.2;16.2;1.1;0;224;36;22;94
2019-04-18;2.2;14.6;6.7;24;21;16;17;95
2019-04-19;2.4;14.5;7.5;28.4;11;12;15;102
2019-04-20;3;15.9;13.4;6.8;47;8;25;122
2019-04-21;3;14.9;10.5;3.3;46;7;20;114
2019-04-22;2.6;15.4;0.9;3.3;50;42;29;66
2019-04-23;2;16;2.3;1.8;167;58;22;50
2019-04-24;2;17.0752209030241;4.00878567032287;0;201.264929873687;34;8;85
2019-04-25;2;18.3;5.7;0;245;25;10;77
2019-04-26;2;17.3;3.4;0;337;49;12;74
2019-04-27;2;17.3;2.9;0;340;37;15;67
2019-04-28;2;17.4;1;0;333;26;12;73
2019-04-29;2.2;16.5;1.4;0;222;28;17;73
2019-04-30;2.4;17.2;1.3;0;322;53;21;67
2019-05-01;2.2;16.9;1.1;0;259;23;18;73
2019-05-02;2;17.5;1;0;196;56;17;70
2019-05-03;2;15.2;0.9;0;160;52;20;72.3860357746584
2019-05-04;2;15.9;2.8;0;348;34;13;73.6206937624838
2019-05-05;2;16.5;3.2;0;354;28;12;74.8553517503091
2019-05-06;2;16.2;1;0;322;50;19;82
2019-05-07;2.8;18;1.3;0;312;51;34;71
2019-05-08;2;23;5.4;0;244;26;30;53
2019-05-09;2;24.1;3.9;0;212;29;10;63
2019-05-10;1.2;26.3;3.6;0;353;38;15;49
2019-05-11;2;21.5;0.9;0;341;24;15;84
2019-05-12;1.8;19.8;1.9;0;351;37;15;66
2019-05-13;2;20;1.7;0;348;34;20;84
2019-05-14;2;19.5;3.6;0;355;42;24;83
2019-05-15;2.2;18.9985270271234;2.43987794861771;1.5;300.008904186195;39;27;85
2019-05-16;2.2;18.5014057999043;2.25363487916744;0.931318109674151;292.421130959544;39;22;99
2019-05-17;2;18.0042845726852;2.06739180971718;0;284.833357732893;22;22;86
2019-05-18;2;17.3;1.5;1.8;154;39;11;79
2019-05-19;2;19.1;1;0;285;26;10;69
2019-05-20;2;18.2;4.3;0;337;40;11;80
2019-05-21;2;18.6;1.6;7.2;240;45;16;67
2019-05-22;2;19.7;1.4;0;350;53;16;71
2019-05-23;2.2;20.9;1.9;0;291;55;22;72
2019-05-24;2.2;17.8;3.6;6.6;48;36;16;77
2019-05-25;2;19.8;1.1;0;242;35;11;65
2019-05-26;1.8;20;2.3;0;356;33;10;57
2019-05-27;2;20.6;1.5;0;319;58;19;69
2019-05-28;2;20.5;1.7;0;346;61;21;59
2019-05-29;2;19.9;2.5;0;364;46;11;66
2019-05-30;1.8;20.4;2.4;0;360;59;20;55
2019-05-31;2;21.4;1.8;0;360;72;22;58
2019-06-01;2;21.2;2.3;0;364;40;12;70
2019-06-02;2;21.6;2.5;0;364;27;9;84
2019-06-03;2;21.8;1.7;0;338;45;16;82
2019-06-04;2.2;21.5;2.2;0;348;41;19;76
2019-06-05;2.2;22.7;3.9;0;348;31;38;75
2019-06-06;2;21;1.2;0;330;44;17;72
2019-06-07;2;23.6;3.2;0;363;31;21;75
2019-06-08;2;20.7;3.1;0;326;14;24;80
2019-06-09;2;21.8;1.5;0;185;25;17;75
2019-06-10;2;21.7;2.7;0;344;40;17;86
2019-06-11;2;20.2;2.1;0;211;27;18;77
2019-06-12;2;18.7;2.3;0;364;43;10;72
2019-06-13;2;20.8;2.2;0;277;24;13;79
2019-06-14;2;24.3;2.6;0;338;51;25;71
2019-06-15;2;24.7;3.3;0;365;22;20;92
2019-06-16;2;21.9;1.5;0;255;23;19;74
2019-06-17;2.2;22.9;2.1;0;353;43;23;71
2019-06-18;2.2;22.8;2.1;0;351;51;18;68
2019-06-19;2.2;24.3;1.2;0;355;48;20;75
2019-06-20;2.6;23.3;1.5;0;319;30;24;73
2019-06-21;2.2;23.9;0.9;0;310;36;17;83
2019-06-22;2;23.5;1.5;0;313;33;15;74
2019-06-23;2.2;24.3;1.4;0;348;22;16;68
2019-06-24;2;24.2;0.8;0;338;15;16;72
2019-06-25;2.6;24.5;0.9;0;261;36;26;67
2019-06-26;2.6;25.2;2;0;325;21;20.7611721544835;81
2019-06-27;2.2;27.5;0.4;0;338;60;20.8967573515605;87
2019-06-28;2;29;1.9;0;366;78;21.0323425486376;50
2019-06-29;2;29.6;1.9;0;367;47;21.1679277457146;66
2019-06-30;2;29.1;0.5;0;356;40;21.3035129427916;77
2019-07-01;2.8;26.6;1.6;0;339;28;21.4390981398686;62
2019-07-02;2.4;26.8;1.7;0;332;30;21.5746833369457;74
2019-07-03;2;27.7;0.8;0;353;62;21.7102685340227;71
2019-07-04;2;28;0.7;0;313;55;21.8458537310997;70
2019-07-05;2.4;27.4;1.3;0;335;57;21.9814389281767;59
2019-07-06;3.2;28.7;0.7;0;264;33;22.1170241252538;57
2019-07-07;3;29.7;2;6.6;221;28;22.2526093223308;48
2019-07-08;3;26.2;1.9;3.9;160;43;22.3881945194078;44
2019-07-09;2.2;26.6;3;0;324;39;22.5237797164848;72
2019-07-10;2;26.1;1.6;0;317;50;22.6593649135619;67
2019-07-11;2;27.4;2.7;0;343;43;22.7949501106389;65
2019-07-12;2;28.3;1.4;0;313;54;22.9305353077159;68
2019-07-13;2;27.6;1.5;0.3;272;20;23.0661205047929;66
2019-07-14;2;27.5;0.7;0;323;20;23.20170570187;63
2019-07-15;2;27.5;1.2;0;330;47;23.337290898947;64
2019-07-16;2;26.9;2.6;0;297;36;23.472876096024;72
2019-07-17;2;26.8;2.2;0;298;38;23.608461293101;78
2019-07-18;2;26.9;1.4;0;323;43;23.7440464901781;70
2019-07-19;2;26.9;1.3;0;312;35;23.8796316872551;71
2019-07-20;2;27.1;1.5;0;316;23;22;76
2019-07-21;2.2;27.9;0.9;0;316;13;21;64
2019-07-22;2;28.6;1.1;0;322;55;26;66
2019-07-23;2;29.6;0.6;0;327;63;30;63
2019-07-24;2.4;30;0.8;0;330;72;34;58
2019-07-25;2;28.8;1.5;0;328;49;28;61
2019-07-26;2.4;27.8;0.8;0;272;46;32;58
2019-07-27;3;28.8;3.1;0;334;19;51;57
2019-07-28;2;26;3.4;0;347;15;9;60
2019-07-29;2;27.7;3.3;0.3;335;43;24;51
2019-07-30;1.8;26.8;2.8;0;313;23;20;56
2019-07-31;2.2;26;2.5;0.6;187;21;22;56
2019-08-01;2.2;26.5;0.7;0;276;33;22;63
2019-08-02;2;27.2;0.7;0;328;34;21;78
2019-08-03;2;27;1.6;0;319;27;20;83
2019-08-04;2;27.7;1.1;0;318;15;21;70.9138172189938
2019-08-05;2.4;27.8;1;0;291;33;33;63
2019-08-06;2.8;28.3;1;0;270;27;39;66
2019-08-07;4;28.5;0.9;0;276;35;50;54
2019-08-08;2.6;30.2;1.8;0;323;42;38;49
2019-08-09;2.4;34.2;2.4;0;329;58;45;34
2019-08-10;2.4;30.3;1.3;0;307;18;27;55
2019-08-11;2.4;28.7;2;0;282;14;22;54
2019-08-12;2;27.5;1;0;264;25;24;37
2019-08-13;1.8;25.9;2.2;0;204;25;21;48
2019-08-14;1.8;27;2.2;0;309;26;23;50
2019-08-15;2;27.3;1.5;0;303;14;21;51
2019-08-16;2;27;2.5;0;254;17;18;55
2019-08-17;1.8;27.2;1.7;0;302;14;17;47
2019-08-18;2;27.7;2.4;0;300;11;18;49
2019-08-19;2.2;27.6;2.6;0;241;13;21;49
2019-08-20;2.4;26;6.6;0;153;10;28;53
2019-08-21;2;24.7;1.6;2.1;125;30;16;63
2019-08-22;2;25.3;1.8;0;314;35;14;62
2019-08-23;2;26.2;1.8;0;314;38;20;68
2019-08-24;2;26.3;1.4;0;308;30;19;68
2019-08-25;2.2;26.3;1.8;0;307;20;20;65
2019-08-26;2.4;26.2;0.7;0;154;26;25;75
2019-08-27;2;23.3;1.4;4.2;174;30;15;68
2019-08-28;2;25.2;1.1;0;301;48;18;65
2019-08-29;2;26.3;1.6;1.2;252;54;23;59
2019-08-30;2;27.4;1.3;0;287;50;25;56
2019-08-31;2;28;1.8;0;301;44;23;58
2019-09-01;2.2;28.2;1.8;0.6;285;21;22;81
2019-09-02;2;25.1;1.5;5.4;168;37;15;78
2019-09-03;2;26.4;1.2;0;204;33;16;60
2019-09-04;2;26.9;1.1;0;223;44;17;59
2019-09-05;2;26;2.3;0;278;40;18;61
2019-09-06;2;24.1;1.8;0.6;234;35;15;60
2019-09-07;2;23.4;1.4;35;146;22;17;72
2019-09-08;2;24.4;2.3;0;248;22;17;63
2019-09-09;2;25.7;1.7;0;265;43;23;63
2019-09-10;1.8;24.1;3.6;0;225;25;23;56
2019-09-11;2;19;4.5;18.9;89;22;10;67
2019-09-12;2;22.5;6.7;32.7;84;19;21;94
2019-09-13;2;22.2;8.5;12.2;30;14;19;97
2019-09-14;2;22.8;4.3;7.2;149;17;20;89
2019-09-15;2.6;24.2;7.1;0;160;6;26;97
2019-09-16;2.6;25.3;1.5;0;235;34;31;78
2019-09-17;3.2;25;0.9;0;210;70;41;50
2019-09-18;2;25.5;1.3;0;259;62;28;56
2019-09-19;2.6;24.5;0.5;0;235;57;35;59
2019-09-20;2.4;24.2;1;0;139;37;32;75
2019-09-21;2.2;25.1;1.2;0;200;28;24;76
2019-09-22;1.6;27.4;2.1;0;240;12;13;49
2019-09-23;1.4;23.8;1.4;0;224;49;18;51
2019-09-24;1.8;27.1;2.7;0;242;54;21;46
2019-09-25;1.8;25.3;1.6;0;246;45;19;57
2019-09-26;2.2;23.5;1.8;0;237;38;23;47
2019-09-27;2.4;24.4;1.7;0;240;48;29;56
2019-09-28;2.2;23.7;0.4;0;218;30;23;53
2019-09-29;2.2;24.2;1.2;0;241;27;27;47
2019-09-30;2.6;23.9;0.8;0;223;43;37;55
2019-10-01;3.2;25.8;1.2;0;226;55;45;47
2019-10-02;1.6;25.3;2.1;0;231;51;24;43
2019-10-03;1.8;22;1.9;0;216;53;24;51
2019-10-04;2;22.8;2.3;0;247;66;32;56
2019-10-05;2;22.5;1.1;0;229;38;22;53
2019-10-06;2;22.2;0.9;0;205;25;19;59
2019-10-07;2;22.4;0.7;0;200;64;36;45
2019-10-08;2;22.3;1.7;0;218;64;29;46
2019-10-09;2.2;23.3;0.3;0;206;35;22;60
2019-10-10;2;21.4;2.5;0;67;19;13;56
2019-10-11;1.8;23;1.6;0;191;52;18;54
2019-10-12;2.2;22.9;0.5;0;126;22;11;53
2019-10-13;2.4;22.9;1;0;173;24;13;62
2019-10-14;2.2;21.4;2.1;2.7;84;37;17;46
2019-10-15;1.6;18.4;3.1;0;214;31;7;48
2019-10-16;1.6;19.2;2.3;0;205;53;14;42
2019-10-17;2;20.9;2;0;190;41;16;54
2019-10-18;1.6;22.4;3;0;169;43;17;38
2019-10-19;1.8;21.7;2.5;0;179;30;16;52
2019-10-20;1.4;17.1;2.6;2.4;61;18;7;50
2019-10-21;1.2;15.4;1.8;0;137;49;10;42
2019-10-22;1;13;2.7;16.8;24;40;4;37
2019-10-23;1.2;13.9;3.4;0;167;26;4;43
2019-10-24;1.2;16.7;2.8;0;190;54;8;40
2019-10-25;2;17.6;1.4;0;191;99;19;36
2019-10-26;2;17.8;0.6;0;186;79;17;42
2019-10-27;2;17.7;1;0;178;50;17;46
2019-10-28;3.2;17.4;0.3;0;91;113;33;25
2019-10-29;3.6;18.7;0.3;0;160;146;42;26
2019-10-30;3.2;19.8;0.9;0;161;130;35;31
2019-10-31;1.8;22.3;1;0;154;103;15;25
2019-11-01;1;23;2.8;0;144;39;10;32
2019-11-02;1.6;22.3;5.4;0;154;13;13;50
2019-11-03;2;20.2;8.6;0.6;146;9;15;73
2019-11-04;2;19.9;6.4;0;129;21;10;60
2019-11-05;2;16.3;6;0;176;27;8;59
2019-11-06;1;16.5;1.9;0;170;71;20;41
2019-11-07;1;15.5;4.2;0;145;32;11;48
2019-11-08;1.4;13;6;0;132;30;10;53
2019-11-09;2;14.5;5.4;0;135;18;7;58
2019-11-10;2;13;4.5;0;125;14;5;67
2019-11-11;1.4;13.5;3.8;0;116;36;8;57
2019-11-12;1.8;15;3.2;0;156;41;9;62
2019-11-13;1.2;14.7;2.7;1.8;103;76;10;35
2019-11-14;1.4;12.9;5.6;0;92;29;8;52
2019-11-15;1;11;3.6;0;139;47;5;45
2019-11-16;1;10.8;2;0;143;45;7;43
2019-11-17;1.4;10.7;4;0.3;97;17;11;51
2019-11-18;1;11.7;3.5;0;114;72;7;47
2019-11-19;1;10.3;1.8;0;147;83;11;33
2019-11-20;1.4;11.4;1.6;0.9;139;75;15;35
2019-11-21;1.6;12.6;2.3;0;84;96;12;32
2019-11-22;1.6;13.2;2.3;0.3;57;103;10;24
2019-11-23;2;13.9;7.1;0;74;18;3;69
2019-11-24;1.6;13.6;4.5;0;129;18;3;56
2019-11-25;1;16.2;4.6;0;132;36;9;44
2019-11-26;1;17.9;4.2;0.3;136;52;12;39
2019-11-27;1.4;17.4;6;0;131;33;15;53
2019-11-28;1.4;15.3;5.3;0;103;29;10;51
2019-11-29;1;17.5;3.5;0;63;52;11;34
2019-11-30;1.2;17.1;2.3;0;130;55;12;31
2019-12-01;1.6;15.1;2.7;0;128;30;10;57
2019-12-02;1.6;12.1;7;15.9;8;22;7;59
2019-12-03;1.4;10;4.9;12.3;14;35;8;44
2019-12-04;1;11.2;6.6;36.4;47;45;3;46
2019-12-05;1;11.2;3.8;13.2;26;47;5;40
2019-12-06;1.8;12.1;0.9;0;38;80;15;33
2019-12-07;2.2;11.9;0.9;0;120;95;18;22
2019-12-08;1.6;12.2;2.4;0;123;42;11;21
2019-12-09;1.4;14.1;3.3;0;127;61;9;31
2019-12-10;1.4;12.9;2.1;0;125;83;14;27
2019-12-11;1.4;12.4;3.7;0;79;66;12;27
2019-12-12;1.2;11.1;6.9;0;52;27;8;43
2019-12-13;1.8;17.2;8.2;0;60;25;6;54
2019-12-14;1.8;15.4;4.6;0;110;25;5;58
2019-12-15;1.4;14;1.9;0;119;58;8;46
2019-12-16;2;11.4;1.8;0;38;89;19;25
2019-12-17;3;13.9;1;0;65;130;36;18
2019-12-18;1.4;12.9;2.4;0;108;56;11;27
2019-12-19;2.4;12.1;1;0;54;145;27;18
2019-12-20;1.2;18.5;5.7;2.1;44;47;14;42
2019-12-21;2;20.1;10;14.3;80;11;21;57
2019-12-22;2;17.4;9.1;1.7;98;11;9;68
2019-12-23;1.2;16.2;3.1;0;115;47;8;48
2019-12-24;1.4;16.2;1.9;0;126;72;14;28
2019-12-25;1.6;14.8;1.4;0;127;85;13;22
2019-12-26;2.2;15.9;1.2;0;112;174;25;13
2019-12-27;2.8;11.9;1.3;0;121;112;25;16
2019-12-28;3.6;9.9;0.6;0.2;123;96;29;22
2019-12-29;3.6;9.3;1.1;0;105;51;29;33
2019-12-30;3.6;9.9;1.3;0;48;100;32;24
2019-12-31;3.6;8.7;1.1;0;71;88;29;14
2020-01-01;3.8;8.5;1;0;99;61;29;23
2020-01-02;3.8;9;0.8;0;117;105;33;21
2020-01-03;4.2;8.3;0.6;0;104;123;38;18
2020-01-04;3.2;9.4;1.3;0;123;93;24;19
2020-01-05;2.2;10.2;1.6;0;129;58;15;24
2020-01-06;2.4;9.4;1.7;0;126;78;19;30
2020-01-07;3.6;8.7;1.2;0;126;153;33;14
2020-01-08;4;9.2;0.8;0;65;222;39;16
2020-01-09;3.6;9.3;1.6;0;123;127;30;20
2020-01-10;3;10.2;2.5;0;106;95;29;27
2020-01-11;1.8;9.6;2;0;133;90;13;31
2020-01-12;2.2;8.4;1.6;0;137;79;19;31
2020-01-13;3.4;8.8;1;0;127;167;34;21
2020-01-14;3.6;9.8;1.1;0;139;177;34;17
2020-01-15;3.6;11.2;0.6;0;115;173;36;14
2020-01-16;3.8;11.9;0.8;0;133;203;32;16
2020-01-17;2.2;13.6;4.1;0;104;74;28;30
2020-01-18;1.6;12.4;1.7;0;88;66;18;29
2020-01-19;1.6;8.4;8.5;25.9;9;17;5;55
2020-01-20;2;9.10201002035302;4.52811065483667;76;84.0886529896167;12;1;54
2020-01-21;3;9.40022405736543;3.99446507771918;31.2;83.5112056368615;63;38;52
2020-01-22;2.4;9.7;4.6;11.4;34;36;28;51
2020-01-23;3.2;9.9;1;0;98;93;53;50.3283874959298
2020-01-24;3.6;11.1;1.2;0;73;120;60;49.7056285408979
2020-01-25;3.6;11.2;0.6;0;55;63;56;49.0828695858659
2020-01-26;2;12.1;1.1;0;131;62;24;48.460110630834
2020-01-27;1.2;11.7;3.9;0;140;38;11;47.8373516758021
2020-01-28;1;14.9;4.6;0;43;31;7;47.2145927207701
2020-01-29;1;16.3;4.3;0;104;36;6;46.5918337657382
2020-01-30;1;16.1;4;0;122;36;8;45.9690748107063
2020-01-31;1;16.5;3.8;0;157;40;9;45.3463158556743
2020-02-01;1;18.6;3.4;0;146;33;4;44.7235569006424
2020-02-02;1;17.4;2.2;0;147;37;7;44.1007979456105
2020-02-03;1.8;17.4;1.4;0;144;132;26;43.4780389905785
2020-02-04;2.4;19.2;1.8;0;169;98;34;42.8552800355466
2020-02-05;1.6;12.2;1.8;0;132;43;13;48
2020-02-06;2.2;11;1.5;0;166;78;20;34
2020-02-07;2.4;11.1;0.3;0;61;126;26;19
2020-02-08;3;11.1;0.9;0;147;70;30;26
2020-02-09;3.4;11.9;1;0;161;55;32;20
2020-02-10;1.4;17.1;2.8;0;176;49;11;28
2020-02-11;1.8;17.1;1.2;0;176;77;18;20
2020-02-12;2.2;13.8;0.8;0;120;74;24;27
2020-02-13;3.8;14.2;0.4;0;165;102;36;23
2020-02-14;2.2;14.6;1.7;0;183;104;21;16
2020-02-15;3.2;12.5;1.8;0;183;50;24;28
2020-02-16;4.2;12;0.5;0;169;38;33;29
2020-02-17;4.2;13.3;1.3;0.6;179;67;41;28
2020-02-18;2.4;12.2;1.5;1.2;22;48;16;42
2020-02-19;1.4;12.3;1.3;0;145;64;12;36
2020-02-20;2.2;11.3;1.1;0;195;86;18;27
2020-02-21;3.4;11.6;0.8;0.3;195;113;29;20
2020-02-22;3.2;12.3;0.7;0;204;73;25;33
2020-02-23;2.4;12.6;1.3;0;209;52;21;33
2020-02-24;2.6;14.2;1.6;0;211;112;25;27
2020-02-25;2.8;16.6;2.6;0;159;80;34;25
2020-02-26;1.8;15.8;1.2;0.3;210;88;18;33
2020-02-27;2.8;16;3.2;0;218;50;40;33
2020-02-28;4.6;15.9;1.9;0;195;62;96;35
2020-02-29;3.8;16.5;5.1;0;171;22;67;41
2020-03-01;2;17;5.9;0;196;11;21;58
2020-03-02;2.8;15.7;9.5;11.4;203;18;48;62
2020-03-03;1.8;14.6;7.2;0;180;22;12;51
2020-03-04;1.2;19.3;4.6;0;194;37;8;36
2020-03-05;1.4;17.5;5.8;0.3;183;25;14;45
2020-03-06;2;13.6;6.4;0;202;25;10;60
2020-03-07;1.6;13.2;4.5;0;155;44;14;53
2020-03-08;1.4;14.3;1.9;0;247;43;13;46
2020-03-09;1.4;16.6;2.3;0;170;67;15;37
2020-03-10;1.6;15.2;1.7;0;150;82;18;38
2020-03-11;3;17;0.4;0;248;129;33;22
2020-03-12;3;15.5;0.5;0;223;82;30;40
2020-03-13;2.4;13.9;1.6;0;186;29;21;53
2020-03-14;1.4;14.4;0.7;0;240;38;13;36
2020-03-15;2;13.9;1.4;0;173;12;11;55
2020-03-16;1.8;11;2.4;5.1;26;28.4064048063187;14.2296307631096;60
2020-03-17;1.2;11.7;5;15.3;18;32;12;45
2020-03-18;2;13.3;2;0;174;16;14;56
2020-03-19;2;12.7;1.5;0;148;8;14;56
2020-03-20;2;12.6;3.7;0.3;99;11;11;67
2020-03-21;2;12;0.9;3.3;64;11;13;67
2020-03-22;2;12.2;1.1;7.8;143;6;7;67
2020-03-23;2;12.9;4.5;1.8;118;11;7;59
2020-03-24;2;12.4;9;0;79;4;11;73
2020-03-25;1.8;9.1;1.8;0.3;53;16;8;54
2020-03-26;1.4;10.2;2.4;0;213;24;12;49
2020-03-27;1.6;8.5;1.3;0.9;63;20;10;58
2020-03-28;1.8;11.3;1.4;0;268;14;12;57
2020-03-29;1.6;14.6;2.7;0;297;10;10;50
2020-03-30;2;11.5;2.3;1.5;86;13;12;53
2020-03-31;1.6;9.6;3.7;10.2;70;12;3;51
2020-04-01;2;13.8;1.8;0.3;218;15;2;62
2020-04-02;2;12.2;0.9;0.3;124;12;4;65
2020-04-03;2;12.9;1.8;0.6;277;23;8;55
2020-04-04;2;12.7;1.6;0;284;13;9;61
2020-04-05;2;13.2;1.4;0;200;11;9;70
2020-04-06;2.2;13.7;0.8;0;185;23;13;65
2020-04-07;2.2;14.9;0.6;0;197;12;12;77
2020-04-08;2.2;14.7;0.6;0;299;21;16;70
2020-04-09;2.2;14.7;0.6;0;241;19;15;74
2020-04-10;2.6;15.9;0.3;0;154;11;20;67
2020-04-11;2.2;16;1.4;0;275;14;15;65
2020-04-12;2.6;15.6;0.9;0;280;6;14;81
2020-04-13;2.6;15.8;1.1;0;268;6;11;93
2020-04-14;2;14.9;2.7;8.4;190;12;6;83
2020-04-15;2.6;13.6;1.1;13.8;32;13;13;56
2020-04-16;2.6;15.7;0.6;0;267;21;15;61
2020-04-17;2.4;15.8;0.7;0;125;23;14;55
2020-04-18;2.4;15.3;0.8;1.5;173;14;14;49
2020-04-19;2;15.4;0.7;4.2;50;6;5;62
2020-04-20;1;17.4;0.8;0;225;16;7;48
2020-04-21;2;13.6;3.4;12.9;47;16;3;53
2020-04-22;2;15.8;1.1;0.6;204;18;4;59
2020-04-23;2.2;16.1;1.4;0;260;20;10;64
2020-04-24;2.2;16.1;1.3;0;280;34;14;62
2020-04-25;2;15.6;1;0;253;11;11;67
2020-04-26;2.2;16.5;0.9;0;254;12;12;60
2020-04-27;2;18.7;2;0;236;22;10;47
2020-04-28;2;18.3;4.3;0;289;9;4;61
2020-04-29;2;19.8;3.8;0;341;12;5;64
2020-04-30;2;20.8;4.9;0;239;8;5;61
2020-05-01;2;23.1;4.5;0;329;3;4;52
2020-05-02;1;24.5;2.6;0;336;6;4;43
2020-05-03;2;22.8;0.9;0;342;15;4;51
2020-05-04;2;20;0.3;0;281;23;8;54
2020-05-05;1.4;21;0.3;0;277;36;9;43
2020-05-06;1.6;21;0.7;0;315;27;7;47
2020-05-07;2;20.5;0.7;0;259;20;5;55
2020-05-08;2;19.4;1.1;0;250;11;5;67
2020-05-09;2.2;19.2;0.8;0;192;11;7;65
2020-05-10;2;19.4;4.6;3.9;272;5;4;58
2020-05-11;2;20.3;5.5;0;269;10;2;58
2020-05-12;2;18.2;2.4;1.2;163;18;3;56
2020-05-13;2;18.8;2.8;0;298;13;2;65
2020-05-14;2;16.3;3.8;13.5;107;15;1;65
2020-05-15;2;16.6;1;0.3;159;30;2;54
2020-05-16;1.8;17.8;1.1;0;166;16;4;54
2020-05-17;2;18.7;1.3;0;338;10;2;55
2020-05-18;2;20;1.1;0;350;35;6;52
2020-05-19;2;22.1;1.5;0;349;42;7;68
2020-05-20;2;22.6;1;0;349;38;14;69
2020-05-21;2;22.9;1.4;0;348;44;8;69
2020-05-22;2;24;0.8;0;345;44;11.6272154672991;74
2020-05-23;2;22.7;1.1;0;333;21;12.9165340249155;71
2020-05-24;2;21.2;1.6;0;268;11;14.205852582532;64
2020-05-25;2;20.4;0.6;0;207;35;15.4951711401484;54
2020-05-26;2;21.6;0.6;0;332;28;18;72
2020-05-27;2;21.2;1.8;0.3;330;24;22;82
2020-05-28;2;21.2;1.3;0;345;25;15;85
2020-05-29;2;21;3.3;0;352;35;24;79
2020-05-30;2;20.9;2;0;344;22;13;84
2020-05-31;2;20.7;2.3;0;330;12;12;89
2020-06-01;2;21.7;1.5;0;304;34;19;79
2020-06-02;2;21.8;1;0;282;35;19;76
2020-06-03;2;23.1;2.4;0;311;39;27;78
2020-06-04;2;20.3;2.3;0.9;93;26;18;62
2020-06-05;2;21.3;2.3;0;360;33;12;76
2020-06-06;2;23.6;2.1;0;353;29;20;75
2020-06-07;2;21.6;3.5;2.1;282;13;15;70
2020-06-08;1;17.4;1.1;21;197;29;6;46
2020-06-09;2;19.3;2.2;0;348;32;10;65
2020-06-10;2;19.6;2.6;0;311;30;14;65
2020-06-11;2;24.6;3.2;0;337;30;24;67
2020-06-12;2;23;5.9;0;366;15;15;67
2020-06-13;2;23;3.5;0;364;15;10;76
2020-06-14;2;21.9;2.8;0;323;19;15;76
2020-06-15;2;22.4;0.8;0;352;40;23;64
2020-06-16;2;21.2;1.6;0;284;24;16;68
2020-06-17;2;21.1;1.2;0;268;33;15;68
2020-06-18;2;21.4;1.1;0;199;27;14;64
2020-06-19;2;21.7;1.9;0;226;35;13;63
2020-06-20;2;22.9;1.2;0;342;21;14;58
2020-06-21;2;23.8;0.6;0;325;20;14;57
2020-06-22;1.8;24.8;1.6;0;345;47;18;54
2020-06-23;2;23.6;2.9;0;330;35;15;61
2020-06-24;2;23.8;1.2;0;281;23;12;61
2020-06-25;1.8;25;1.2;0;342;51;15;72.0497274964368
2020-06-26;2;25.1;0.9;0;339;45;14;91
2020-06-27;2;24.9;1.4;0;341;27;18;75
2020-06-28;2;24.6;1.1;0;328;21;21;57
2020-06-29;2;25.1;1.3;1.2;346;38;25;58
2020-06-30;2;25.5;0.5;0;285;37;23;52
2020-07-01;2;26.1;1.3;0;349;38;25;61
2020-07-02;2;26.3;1.2;0;339;36;21;58
2020-07-03;2;24.6;2.5;0;170;32;16;60
2020-07-04;2;25.2;1.4;0;308;24;15;53
2020-07-05;1.8;25.3;1.9;0;355;18;13;59
2020-07-06;1.8;27;1.5;0;348;57;20;58
2020-07-07;2;25.8;1.6;0;337;28;15;60
2020-07-08;1.8;25.2;1.6;0;201;40;13;57
2020-07-09;2;26.2;0.8;0;285;45;18;61
2020-07-10;2;26.4;0.7;0;343;42.5760625501539;16.1362799395259;77
2020-07-11;2;25.2;1.2;0;263;43.6730051774815;16.0836671515618;68
2020-07-12;2;24.1;1.2;3;190;44.7699478048091;16.0310543635977;62
2020-07-13;2;25.4;0.6;0.3;303;45.8668904321368;15.9784415756336;63
2020-07-14;2;23.9;1;2.1;197;46.9638330594644;17;65
2020-07-15;2;24;2.6;0;330;48.060775686792;17;77
2020-07-16;2;24.9;2.5;0;313;57;13;79
2020-07-17;2;24.7;2;0;273;58;15;65
2020-07-18;1.8;24.8;2.8;0;327;36;13;58
2020-07-19;2;26;2.5;0;335;31;14;67
2020-07-20;2;25.7;1.2;0;185;50;15;66
2020-07-21;1.8;25.7;0.8;0;327;56;12;55
2020-07-22;2;26.1;0.7;0;230;43.9836030753352;14.6670901572751;51
2020-07-23;2;26.5;2.2;0;346;51;18;61
2020-07-24;2;26.2;1.5;0;331;38;15;68
2020-07-25;2;26.4;1.1;0;325;25;11;72
2020-07-26;2;26.5;0.9;0;337;17;13;68
2020-07-27;2;27.4;1.4;0;329;39;17;73
2020-07-28;2;27.5;1.2;0;331;34;19;64
2020-07-29;2;26.8;1.7;0;323;20;19;61
2020-07-30;2;27.8;0.6;0;309;33.7749173154632;17.9667544679441;57
2020-07-31;2;28.5;0.9;0;331;58;20;63
2020-08-01;2.2;28.3;0.8;0;316;26;21;62
2020-08-02;2;27.6;1.3;0;303;18;18;49
2020-08-03;1.6;26.3;2.3;0;225;32;13;46
2020-08-04;1.4;26.1;1.6;0;283;39;12;47
2020-08-05;2;26.1;2.4;0;298;31;12;51
2020-08-06;1.6;26.3;2.1;0;323;42;11;50
2020-08-07;2;26.6;1.6;0;315;48;18;60
2020-08-08;2;27.4;1.3;0;311;29;12;70
2020-08-09;2;27.8;1.6;0;313;18;9;68
2020-08-10;2;26.9;1.4;0;282;40;14;66
2020-08-11;2;26.7;1.5;0;170;24;13;62
2020-08-12;2;26.5;3;0;274;28;15;74
2020-08-13;2;27.7;2;0;320;38;21;67
2020-08-14;2;26.8;1;0;287;27;18;65
2020-08-15;2;26.7;1.6;0;314;22;16;63
2020-08-16;2;27.3;2.6;0;327;21;12;66
2020-08-17;2;26.3;1.7;0;321;40;13;71
2020-08-18;2;26.3;0.5;0;259;37;12;56
2020-08-19;2;26.9;2.5;0;314;40;13;66
2020-08-20;2;27.7;0.8;0;313;34;12;63
2020-08-21;2;27.3;1.2;0;305;34;14;61
2020-08-22;2;27.7;0.7;0;283;23;15;52
2020-08-23;1.8;26.6;1.8;0;233;20;13;48
2020-08-24;1.8;26.7;1.5;0.6;261;29;11;49
2020-08-25;2;26.7;2.5;0;304;30;11;53
2020-08-26;2;27;1.6;0;293;33;10;51
2020-08-27;2;27.1;1.1;0;295;38;11;54
2020-08-28;2;26.7;1.7;0;270;33;12;57
2020-08-29;1.8;23.6;2.2;0.3;193;20;10;43
2020-08-30;2;21.3;2.5;0;310;23;3;58
2020-08-31;2;21.9;3.6;0;299;37;7;58
2020-09-01;2;22.4;1.6;0;146;45;10;60
2020-09-02;2;23.8;1.7;0;261;37;8;67
2020-09-03;2;23.9;2.8;0;289;42;8;67
2020-09-04;2;23.6;2.5;0;295;43;9;67
2020-09-05;2;23.6;1.8;0;292;27;8;73
2020-09-06;2;24.1;1.9;0;284;20;8;71
2020-09-07;2;22.1;2.2;0;135;27;11;59
2020-09-08;2;22;1.5;5.4;272;40;8;61
2020-09-09;2;22;1.1;0;230;37;10;71
2020-09-10;2;23.3;1.1;0;266;44;12;70
2020-09-11;2;24.1;2.8;0;277;46;15;71
2020-09-12;2;24.7;1.5;0;267;22;12;82
2020-09-13;2;25.2;1.7;0;270;19;11;74
2020-09-14;2;25;0.8;0;242;51;15;71
2020-09-15;2;24.8;1.7;0.3;203;41;16;61
2020-09-16;2;24.6;1.2;0;244;46;22;56
2020-09-17;2;24.5;1;0;127;48;20;53
2020-09-18;1.4;22;1.6;8.1;101;28;10;40
2020-09-19;1.6;23.5;2.7;0;252;14;6;51.4258884219976
2020-09-20;2;25;2.5;0;259;9;5;55.7546919937922
2020-09-21;2;23.6;1.7;0;233;40;9;64
2020-09-22;2;23;2.6;0;227;35;9;61
2020-09-23;1.6;24.7;1.3;0;201;46;11;55
2020-09-24;1.2;24.5;3.9;0;93;20;13;43
2020-09-25;2;22.2;4.2;0;250;21;7;70
2020-09-26;2;20.8;2.9;0;223;12;4;66
2020-09-27;2;20.2;3;0;261;15;6;72
2020-09-28;2;18.9;2.1;0;257;48;9;67
2020-09-29;2;19.6;1.7;0;243;45;8;66
2020-09-30;1.8;19.8;1;0;197;47;8;66
2020-10-01;1.8;23.9;3.2;0;227;35;19;63
2020-10-02;2.2;18.3;6.6;2.4;70;16;29;61
2020-10-03;2;16.9;4.4;0;246;10;5;66
2020-10-04;2;17.7;4.2;0;208;7;7;63
2020-10-05;1.2;18.4;2.4;0;225;44;7;54
2020-10-06;1.4;20.3;1.9;0;221;54;12;51
2020-10-07;1.2;23.4;2.4;0;205;63;9;42
2020-10-08;1.2;20.6;2.2;0;204;54;8;48
2020-10-09;1.2;20.6;1;0;210;16;7;56
2020-10-10;1.6;21.1;0.7;0;131;18;7;57
2020-10-11;2;18.5;3.3;0;217;10;4;74
2020-10-12;2;17.9;2.6;0;226;16;5;67
2020-10-13;1.2;20.6;2.3;0;214;41;8;47
2020-10-14;1.2;17.4;1.1;2.7;125;68;11;36
2020-10-15;2;16.5;2.5;0;215;18;4;62
2020-10-16;2;14.7;2.3;0;219;44;9;75
2020-10-17;2;15.7;2.3;0;209;28;10;80
2020-10-18;2;16.5;1.8;0;203;20;8;78
2020-10-19;1.6;17.8;1.3;0;191;50;8;72
2020-10-20;2;18.5;1.3;0;48;60;10;71
2020-10-21;2.2;20.4;1.3;0;165;69;20;43
2020-10-22;2.2;18.9;0.3;2.1;37;86;21;16
2020-10-23;1;18.7;3.6;0;190;23;6;49
2020-10-24;2;18.1;3.1;0;192;12;6;61
2020-10-25;2;18.7;5;0;176;5;13;73
2020-10-26;2;16.6;4.5;0;189;15;7;64
2020-10-27;1.2;16.2;3.1;0;172;28;10;53
2020-10-28;1.2;17.6;1.4;0;174;55;10;46
2020-10-29;1.6;17.2;1.2;0;177;73;13;36
2020-10-30;2;16.6;1.3;0;177;69;16;42
2020-10-31;2;16.6;1;0;172;39;17;44
2020-11-01;1.8;17.9;0.9;0;172;29;13;47.2711537033597
2020-11-02;2.2;17.5;1.4;0;171;72;18;50.010948265535
2020-11-03;2.4;16.5;1.3;0;64;41;17;53
2020-11-04;1.6;13.4;6.6;31.6;19;14;3;54
2020-11-05;1.6;14.1;12.2;129.1;5;12;5;61
2020-11-06;1.6;16.5665406829786;7.7;0.3;33;11;9;70
2020-11-07;1.2;19.1;2.7;5.4;78;29;5;51
2020-11-08;1;18.8;0.8;0;119;54;6;30
2020-11-09;1.2;18.5539396410681;1.7;0;150;60;8;21
2020-11-10;1.4;18.3263751531358;1.6;0;156;64;8;36
2020-11-11;2;18.0988106652035;1.2;0;154;71;12;30
2020-11-12;2;17.8712461772711;0.6;0;134;78;12;28
2020-11-13;2.2;17.6436816893388;0.8;0;71;69;12;34
2020-11-14;2.6;17.4161172014065;0.3;0;56;52;20;24
2020-11-15;1.6;17.1885527134741;3.6;0;145;11;7;32
2020-11-16;1.6;16.9609882255418;2.2;0.6;121;51;5;31
2020-11-17;2;16.7;0.5;0;142;54;7;31
2020-11-18;2.8;16.8;0.3;0;108;59;16;38
2020-11-19;2.8;17.2;0.9;0;134;66;17;35
2020-11-20;1.8;14.9;1.4;0;139;84;8;27
2020-11-21;1.8;12.8;1.3;0;137;39;7;38
2020-11-22;1.6;11.7;1.7;0;142;29;7;50
2020-11-23;1.6;11.9;2;0;136;68;10;40
2020-11-24;2.2;11.8;1;0;129;74;15;29
2020-11-25;2.4;12.4;0.7;0;129;86;17;38
2020-11-26;1.8;14.8;5.1;0.6;24;22;7;67
2020-11-27;2;14.4;2.9;71.1;20;27;3;83
2020-11-28;1.2;14.4445428466712;3.23684522825653;1.2;86.4150387071765;48;5;38
2020-11-29;1.2;14.4704213594456;3.34390603167715;2.46951485323272;87.2020285663938;47;6;37
2020-11-30;1.2;14.4962998722201;3.45096683509777;2.44002608907079;87.9890184256111;114;9;25
2020-12-01;1.4;14.5221783849945;3.55802763851839;2.41053732490887;88.7760082848284;102;11;18
2020-12-02;1.2;14.5480568977689;3.66508844193901;2.38104856074694;89.5629981440457;38;5;58
2020-12-03;1;14.5739354105433;3.77214924535963;2.35155979658502;90.349988003263;32;6;44
2020-12-04;1.4;14.5998139233177;3.87921004878025;2.32207103242309;91.1369778624802;18;3;58
2020-12-05;1.4;14.6256924360921;3.98627085220087;2.29258226826116;91.9239677216975;11;3;57
2020-12-06;1.6;14.6515709488665;4.09333165562149;2.26309350409924;92.7109575809148;5;3;63
2020-12-07;1.8;14.677449461641;4.20039245904211;2.23360473993731;93.4979474401321;8;3;69
2020-12-08;1.8;14.7033279744154;4.30745326246273;2.20411597577539;94.2849372993494;7;1;72
2020-12-09;1.2;14.7292064871898;4.41451406588335;0;129;27;3;51
2020-12-10;1;14.4;4.7;0;47;30.7573753814827;4.15122821556851;45
2020-12-11;1;18.5;5.3;1.2;73;15;3;47
2020-12-12;1.6;16.7;5.2;0;121;46.775829999035;5.82279819967211;69
2020-12-13;1.2;14.7;2.3;0;125;23;5;48
2020-12-14;2.4;13.1;0.2;0;60;148;14;9
2020-12-15;1.2;14.4;3.4;0;110;49;7;32
2020-12-16;2;11.9;0.9;0;122;116;9;22
2020-12-17;1.6;12;1.8;0;98;100;9;22
2020-12-18;2.2;12.1;1.5;0;119;136;13;20
2020-12-19;1.6;12.5;1.9;0;103;37;12;33
2020-12-20;1.2;13.4;1.1;0;119;49;6;43
2020-12-21;1.6;12.4;1.2;0;103;86;11;19
2020-12-22;2;12.5;1.2;0;120;88;14;12
2020-12-23;2.2;14.2;0.9;0;122;103;17;10
2020-12-24;1.2;13.9;0.9;0;67;63;8;32
2020-12-25;1.8;10.7;5.2;0.6;160;9;3;65
2020-12-26;1.4;10.7052701422983;3.32611412500954;1.81005337423402;113.794442940987;33;5;57
2020-12-27;1.6;10.4434877721572;3.37562841989505;1.79541969415877;113.172670751911;10;10;61
2020-12-28;2;10.181705402016;3.42514271478055;1.78078601408352;112.550898562835;17;7;67
2020-12-29;1.6;9.91992303187487;3.47465700966606;1.76615233400827;111.929126373759;18;5;59
2020-12-30;1;9.65814066173371;3.52417130455157;0;111.307354184682;28;4;49
2020-12-31;1.4;9.4;3.7;0;128;14;5;54
2021-01-01;2;9.3;3;1.5;100;12;2;67
2021-01-02;2;6.7;4.8;0;98;15;2;68
2021-01-03;1.8;7.9;3.2;0;131;12;3;62
2021-01-04;1.2;7.2;4.8;0;122;22;6;50
2021-01-05;1.2;6.2;1.7;0;133;50;9;32
2021-01-06;1.2;5.9;1.8;0;119;42;7;42
2021-01-07;1.4;5.7;1.9;6.6;31;28;6;51
2021-01-08;1.2;4.5;5.4;16.5;19;26;6;54
2021-01-09;1.2;4.4;3.9;6.9;21;21;3;50
2021-01-10;1.2;5.2;1.5;0;44;32;6;36
2021-01-11;1.2;5.7;2.2;0;72;82;8;34
2021-01-12;1.2;5.1;1.8;0;141;43;9;40
2021-01-13;1.6;7.4;1.2;0;138;82;11;30
2021-01-14;2.4;8.7;1.5;0;143;112;15;29
2021-01-15;1.4;10.9;2.7;0;141;30;6;54
2021-01-16;1.2;10.2;1.8;0;145;33;7;47
2021-01-17;2;12.4;2.9;0;145;16;6;63
2021-01-18;1.2;10.7;1.9;0;141;84;8;34
2021-01-19;2;9.5;0.8;0;145;87;12;29
2021-01-20;2.4;9.2;1.9;0;43;112;18;17
2021-01-21;2;14.4;6.7;0;116;15;4;66
2021-01-22;2;14.4;7.7;3.1;104;8;7;76
2021-01-23;2;12.9;6.4;1;94;10;3;79
2021-01-24;2;16.2;8.8;0;152;7;9;80
2021-01-25;1.6;15.1;4;0.3;58;24;8.97073930517256;57
2021-01-26;1.4;13.1;0.8;0;140;72;9.63730094333887;31
2021-01-27;1.2;19.2;2;0;134;114;10.3038625815052;23
2021-01-28;1;19.1;3;0;154;39;10.9704242196715;25
2021-01-29;1.4;20.2;4.4;0;154;41;14;56
2021-01-30;2;16.5;8.5;1.2;149;6;17;69
2021-01-31;2;15.2;5.8;0;124;6;6;72
2021-02-01;2;18;9;0.3;166;10;7;63.2607762507501
2021-02-02;1.4;16.8;4;0;167;15;5;59.752507508619
2021-02-03;1.6;15.7;2.5;0;94;33;10;52
2021-02-04;2.8;12.8;1;0;123;52;20;58.4688061334526
2021-02-05;2.6;12;2.7;0;69;21;18;60.6933735004174
2021-02-06;2.4;14.1;2.4;0;161;13;30;62.9179408673822
2021-02-07;2;13.6;3.7;0;168;6;8;65
2021-02-08;2;13.4;7.7;0;115;14;17;68
2021-02-09;2;13.9;5.3;0;54;17;5;70
2021-02-10;2;15.5;6.7;0;182;12;8;78
2021-02-11;1.2;16.5;2.9;0;157;31;6;51
2021-02-12;2;17.6;5.3;0;150;14;7;63
2021-02-13;2;15.2;2.3;0;184;13;6;79
2021-02-14;1.8;11.9;1.6;5.4;131;11;7;72
2021-02-15;1.6;11.8;2.3;0.6;79;41;7;68
2021-02-16;1.8;11.8;1;0;190;69;13;69.5170849341694
2021-02-17;3;12.1;0.7;0;151;36;22;69.5536083327605
2021-02-18;4;11.4;0.4;0;135;45;29;66
2021-02-19;4;11.4;0.6;0;174;37;29;77
2021-02-20;3.2;11.9;1.2;0;97;14;21;80
2021-02-21;2.8;12.3;9.6;5.2;38;7;13;80
2021-02-22;1.6;11.9;2.9;1.5;139;19;3;49
2021-02-23;1.8;13.1;0.8;0;185;36;7;53
2021-02-24;2;12.9;0.5;0.9;85;43;12;48
2021-02-25;2.6;12.7;0.6;0.3;113;72;18;44
2021-02-26;2.6;12.5;0.4;0;101;52;17;51
2021-02-27;2.8;12.2;0.9;0;209;19;21;61
2021-02-28;2.6;11.8;2.2;0;97;9;16;65
2021-03-01;2.6;12.1;6;0;73;17;14;70
2021-03-02;2.8;12.4;5.8;0;34;17;17;70
2021-03-03;2.8;12.7;2;0;83;22;20;68
2021-03-04;3;12.4;0.5;0;142;42;22;56
2021-03-05;3;11.6;1.1;0.3;204;63;22;35
2021-03-06;2.6;11.9;0.9;1.2;135;21;19;46
2021-03-07;2.4;10.8;1.1;11.7;25;9;13;52
2021-03-08;1.6;10.8;1;1.8;78;24;8;46
2021-03-09;1.2;12.1;2.4;0.9;217;59;9;50
2021-03-10;2.2;11.2;1.8;0;220;56;15;50
2021-03-11;2.4;16.7;2.2;0;243;79;19;57
2021-03-12;1.8;16.1;3.2;0;236;27;9;56
2021-03-13;1.8;14.1;2;0;250;30;11;62
2021-03-14;2;15.5;2.7;0;258;22;5;71
2021-03-15;2;12.5;2;0;248;58;6;63
2021-03-16;1.6;12.7;1.6;0;262;69;11;60
2021-03-17;1.8;14.6;1.8;0;265;63;13;62
2021-03-18;1.4;9.1;1.7;19.2;24;32;6;53
2021-03-19;2;9.1;0.9;1.5;111;15;5;73
2021-03-20;2;9.3;2.6;0;227;19;5;88
2021-03-21;2;11.9;3;0;268;17;6;83
2021-03-22;1.8;12.6;2.4;0;278;51;7;62
2021-03-23;1.8;12.8;1.3;0;275;65;13;68.3227156221985
2021-03-24;2.6;12.9;1.2;0;263;69;19;68.035077561428
2021-03-25;2.8;13.1;0.6;0;271;66;24;67.7474395006574
2021-03-26;3;13;0.9;0;208;59.4673825444572;15.2965974153119;69
2021-03-27;2.6;13;2.8;0;147;59.3520511909425;14.3848889448284;68
2021-03-28;2;12.9;1;0;249;59.2367198374279;13.473180474345;55
2021-03-29;2;13;2.2;0;202;50;7;56
2021-03-30;2.2;14.1;0.5;0;252;61.4204576009084;13.187159205166;57
2021-03-31;2.6;13.7;0.4;0;279;99;17;60
2021-04-01;2.2;14.1;0.6;0;223;60;14;66
2021-04-02;2;15.4;0.8;0;264;33;13;81
2021-04-03;2.2;17;0.9;0;286;46;14;78
2021-04-04;2.2;14.4;2.2;0;139;22;11;85
2021-04-05;2.2;14.4;2.2;0;294;27;13;60
2021-04-06;2.4;16.5;1.6;0;307;62;15;72
2021-04-07;2;10.9;1.8;3.3;38;48;7;76
2021-04-08;2;11.5;0.8;0.6;140;62;6;71
2021-04-09;1.8;10.6;1;2.4;42;47;9;61
2021-04-10;2;12.5;0.5;0.6;64;47;9;68
2021-04-11;1.8;15.5;2.1;0.3;246;19;9;59
2021-04-12;2;13.3;1.6;0;285;28;4;67
2021-04-13;2;13.5;1.9;0;122;67;6;70
2021-04-14;2;13.8;1;0.6;81;83;5;94
2021-04-15;2;12.2;3;2.1;54;39;7;88
2021-04-16;2;11.4;1.5;3.6;249;63;11;85
2021-04-17;2;11.2;2.1;0;276;26;8;93
2021-04-18;2;11.7;2.5;0;314;24;8;96
2021-04-19;2.4;14.8;2.8;0;295;54;13;92.4776713292673
2021-04-20;2;14.6;1.1;1.8;222;45;13;91.3201903870461
2021-04-21;2;14.3;1.3;3;152;41;11;89
2021-04-22;2;13.3;2.1;23.1;86;43;6;92
2021-04-23;2;14.6;0.8;0;294;51;9;84
2021-04-24;2;13.7;1.9;0.6;96;19;9;98
2021-04-25;2;14.5;3.1;9;252;11;11;94
2021-04-26;2.2;14.2;1.6;16.5;124;50;8;102
2021-04-27;2.4;15.5;0.9;3.3;262;47;12;96
2021-04-28;2.2;16.5;1.3;1.8;234;50;13;77
2021-04-29;1.4;18.6;1.9;0;292;50;12;54
2021-04-30;2;17.5;1;1.2;276;56;15;68
2021-05-01;2;16.7;1.3;0;286;19;10;67
2021-05-02;2;14.8;2.1;0;229;14;8;81
2021-05-03;2;14;3.9;0;103;21;8;97
2021-05-04;2;15.9;1.6;0;302;58;15;78
2021-05-05;2;17.3;1.6;0;317;59;15;82
2021-05-06;2.2;18;2;0;340;60;17;79
2021-05-07;2.2;20.8;2.1;0;346;97;19;73
2021-05-08;2.6;18.8;1.1;0;318;21;16;106
2021-05-09;2.4;17.4;1.5;5.4;198;18;19;93
2021-05-10;1.8;19;3.1;0;266;33;9;61
2021-05-11;2;18.4;5.1;0;366;16;7;83
2021-05-12;2;19.7;4.6;0;282;19;11;79
2021-05-13;2;21.3;3.3;0;331;34;10;68
2021-05-14;2;18.8;3.3;0;329;59;6;71
2021-05-15;1.6;23.7;2.7;0;258;33;14;59
2021-05-16;1.2;26.9;4.4;0;327;16;9;45
2021-05-17;2;19.4;1.9;0;315;44;4;78
2021-05-18;2;19.8;2.2;0;343;41;6;73
2021-05-19;2;18.7;1.2;0;238;51;5;72
2021-05-20;2;18.2;2.8;0;340;51;6;66
2021-05-21;2;18.6;2.1;0;321;46;6;75
2021-05-22;2;18.9;0.9;0;281;21;7;83
2021-05-23;2;15.1;2.3;10.8;32;12;3;89
2021-05-24;2;19.8;2.6;0.9;353;27;5;76
2021-05-25;2;18.3;2.3;1.2;251;29;5;81
2021-05-26;2;18.3;1.8;0;299;56;4;90
2021-05-27;2;18.9;1.4;0;262;60;7;83.6869457950616
2021-05-28;2;19.7;0.7;1.5;213;61;7;81.5848584175537
2021-05-29;1.8;20.7;2.1;0;356;33;6;79.4827710400457
2021-05-30;2;21.3;1.9;0;319;24;4;77.3806836625378
2021-05-31;2;20.4;1.2;0;213;51;9;75.2785962850298
2021-06-01;2;19.8;1;0.6;131;49;7;73.1765089075218
2021-06-02;2;21.4;1.2;0;303;57;6;71
2021-06-03;2;21;1.2;0;272;42.8144723916582;6.50819446046446;68
2021-06-04;2.2;21.3;0.4;0;181;56;8;66
2021-06-05;2;19.6;2.4;1.5;113;15;5;74
2021-06-06;2;20.7;1.1;0;341;22;5;75
2021-06-07;2;21.3;1.3;0;341;30.9071942996721;6.13843468235985;61
2021-06-08;2;21.5;0.9;0.9;229;31.0089507780825;7;59
2021-06-09;2.2;22.3;0.6;0.6;329;26;6;60
2021-06-10;2;22.7;1.1;0;294;35;5;66
2021-06-11;2;23.6;0.8;0;350;33.3753239373741;6;77
2021-06-12;2.2;24.8;0.8;0;349;34.1853973326088;7;102
2021-06-13;2.2;25.3;1.1;0;290;34.9954707278434;9;110
2021-06-14;2;25.3;1.7;0;324;35.8055441230781;10;96
2021-06-15;2;26.5;1.3;0;288;36.6156175183128;9;74
2021-06-16;2.2;24.9;0.9;0;182;37.4256909135474;8;102
2021-06-17;1.8;24;1.5;2.8;207;53;6;76
2021-06-18;2.2;23.2;0.7;0;199;43;6;74
2021-06-19;2.2;22.8;0.5;0.8;104;19;6;66
2021-06-20;1.4;24.2;2.8;4;255;9;6;51
2021-06-21;1.4;25.2;2.8;0;350;24;17;48
2021-06-22;1.8;23.1;2;0;349;52;16;59
2021-06-23;2;21.5;0.9;1.2;315;42;10;67
2021-06-24;2;21.9;2;0;349;21;9;64
2021-06-25;1.8;22.1;2.3;0;351;49;12;65
2021-06-26;2;23.1;3.4;0;344;15;12;71
2021-06-27;2;23.7;3;0;344;9;12;81
2021-06-28;2;23.9;0.9;0;351;55;17;66
2021-06-29;1.8;23.4;1.7;0;332;44;17;67
2021-06-30;1.8;23.3;3.4;0;318;38;19;63
2021-07-01;1.8;24;1.9;0;317;32;15;70
2021-07-02;1.8;24.2;1.2;0;342;39;19;75
2021-07-03;2.2;24.5;0.7;0;328;18;20;81
2021-07-04;2.4;27.3;2.9;0;345;4;30;69.6209232380472
2021-07-05;2.2;25.8;1.4;0;342;41;22;68
2021-07-06;1.8;29.1;2.9;0;355;25;31;46
2021-07-07;2;24.8;1.3;0.4;251;31;15;52
2021-07-08;1.6;23.9;2;0;342;48;15;40
2021-07-09;1.8;23.9;2.2;0;314;44;15;42
2021-07-10;1.8;24.5;3;0;337;17;14;45
2021-07-11;1.8;25;1.6;0;268;13;10;50
2021-07-12;1.8;27.6;2.7;0;282;32;36;37
2021-07-13;1.4;23.2;3.4;0;350;34;17;30
2021-07-14;1.4;22.4;2.6;0;340;44;15;41
2021-07-15;1.6;23;1.6;0;300;37;14;48
2021-07-16;1.6;23.6;2;0;335;42;17;41
2021-07-17;1.6;24.3;1.5;0;282;11;11;46
2021-07-18;1.8;24.8;1.8;0;315;11;12;67
2021-07-19;2;25.4;1.9;0;337;34;14;72
2021-07-20;2;25.6;1.6;0;299;33;17;70
2021-07-21;2;26.4;1.4;2.8;358;28;15;66
2021-07-22;2;26.9;1.2;0;349;61;18;54
2021-07-23;2;26.4;1.6;0;293;44;22;59
2021-07-24;2;26.5;0.4;0;322;14;17;66
2021-07-25;2.2;25.8;1.2;0;264;8;17;62
2021-07-26;2;23;2.2;12;184;26;11;54
2021-07-27;2;23.9;2.2;0;342;42;14;56
2021-07-28;2;25.2;0.6;0;294;30;15;58
2021-07-29;2;25.3;1.2;0;280;41;14;62
2021-07-30;2.2;26.5;1.6;0;333;39;21;69
2021-07-31;2;26.1;2.9;0;301;13;20;63.2756137127272
2021-08-01;2;23.2;3.3;0;325;11;7;61.3328401053534
2021-08-02;2;24.6;1.4;0;306;24;10;57
2021-08-03;2;24.7;2.8;0;324;31;12;59
2021-08-04;2;26.6;0.9;0;321;25.0108026112711;23;63
2021-08-05;2;25.7;1.5;0;323;32;18;73
2021-08-06;2;25.6;1.4;0;301;21;18;75
2021-08-07;2;28.2;2.4;0;333;12;25;67
2021-08-08;1.8;23.7;5.3;6;160;9;12;45
2021-08-09;1.8;24.8;2.4;0;244;21;11;45
2021-08-10;1.6;24.7;0.4;0;142;43;18;41
2021-08-11;2;26.7;0.4;0;239;35;22;65
2021-08-12;2.6;28.9;1.2;0;261;52;43;73
2021-08-13;2.2;27.3;0.6;0;300;33;30;62
2021-08-14;2.4;28.5;1.3;2;269;26;38;66.7602998238598
2021-08-15;2.4;28.8;1.9;0.4;279;12;29;68.6241302270845
2021-08-16;2;26.6;2.5;0;274;17;23;73
2021-08-17;2;24.3;2.3;0;126;26;15;70
2021-08-18;2;25.1;2;0;229;17;16;67
2021-08-19;2;25.1;3;0;239;29;14;61
2021-08-20;2;25.4;1.2;0;292;31;14;56
2021-08-21;2;25.8;1.2;0;299;17;10;60
2021-08-22;2;25.9;0.6;0;223;16;11;56
2021-08-23;2;25.8;1.3;0;248;22;13;57
2021-08-24;2;24.9;1.4;24.4;225;20;14;55
2021-08-25;2;23.9;0.7;2;278;32;10;74
2021-08-26;2;25.5;1.1;0;227;30;12;57
2021-08-27;2;28;1;0;299;44;19;63
2021-08-28;2;26.6;1.1;0;276;17;17;60
2021-08-29;2;25.7;3;0;269;14;15;72
2021-08-30;2;23.4;1.2;8;172;22;12;67
2021-08-31;2;27.5;0.8;0.4;176;33;13;58
2021-09-01;2;27.2;2.9;43.2;131;20;12;72
2021-09-02;2;27;1.1;0;291;34;11;78
2021-09-03;2;28.7;1.1;0;276;41;18;62
2021-09-04;2.2;28.2;0.7;0;225;23;20;58
2021-09-05;2.2;28.3;1.6;0;273;19;23;57
2021-09-06;1.6;28.3;1.2;0;202;44;17;47
2021-09-07;2;28.6;0.6;0;190;31;12;55
2021-09-08;2;28.3;1.1;0;240;37;14;60
2021-09-09;1.8;28.7;0.7;0;262;45;17;58
2021-09-10;2;29;1;0;280;42;16;64
2021-09-11;2;28.5;0.9;0.4;225;19;12;69
2021-09-12;2;28.6;1.6;0;263;14;11;61
2021-09-13;1.6;28;0.9;0;135;44;17;40
2021-09-14;1.6;29;1;0;144;33;18;48
2021-09-15;2;28.4;2.4;0.8;235;41;16;56
2021-09-16;2;26.2;1.2;19.6;251;30;10;61
2021-09-17;1.8;26.1;1.7;0;258;49;15;51
2021-09-18;2;28.3;2.8;0;249;24;17;56
2021-09-19;1.4;25.6;1.7;0;238;20;9;50
2021-09-20;1.6;21.9;1.8;10.4;244;45;10;51
2021-09-21;2;18.4;2.3;0.8;217;21;7;56
2021-09-22;2;19.3;3.8;2;204;20;7;66
2021-09-23;2;20.6;5.8;1.2;158;15;10;76
2021-09-24;2;21.6;3.9;0;71;21;15;71
2021-09-25;2.2;22.4;0.8;1.6;166;30;20;46
2021-09-26;2;23.3;0.8;0;244;22;12;66
2021-09-27;2;22.6;1.5;0;240;52;17;59
2021-09-28;2.2;21.8;0.8;0;187;48;20;61
2021-09-29;2;22.3;1.3;0;221;48;20;49
2021-09-30;2;21.3;0.9;0;145;33;11;53
2021-10-01;2.2;22;1.1;0;171;38;18;52
2021-10-02;2.6;22.1;1;0;186;28;22;58
2021-10-03;1.6;21.6;3;8.8;204;13;19;49
2021-10-04;1;17.8;1.9;0;141;35;8;39
2021-10-05;1.4;20.1;2.1;0;234;40;12;46
2021-10-06;1.4;20.1;2;0;222;55;12;48
2021-10-07;1.6;19.7;1.6;0;228;45;10;56
2021-10-08;2;20.8;1.4;0;187;48;11;63
2021-10-09;2;20.2;0.6;0;205;23;8;65
2021-10-10;2;19.3;1.1;0;94;12;7;67
2021-10-11;1.8;19.7;0.9;0;168;45;15;57
2021-10-12;2;19.1;1.3;0;224;21;14;55
2021-10-13;1.8;19;1.2;0;192;48;15;57
2021-10-14;1.8;19.2;1.5;0;201;54;15;66
2021-10-15;2;19.3;1.6;0;170;43;17;55
2021-10-16;2;19.2;1.2;0;155;24;16;64
2021-10-17;2;18.6;0.7;0;59;23;13;63
2021-10-18;2;18.6;1;0;170;54;18;42
2021-10-19;1.6;19.3;2.1;0;194;47;15;48
2021-10-20;2;18.7;1.4;0;192;51;20;53
2021-10-21;2;20.6;0.8;0;174;81;20;47
2021-10-22;1.6;16.9;3.7;12.8;33;30;8;57
2021-10-23;1.4;16.7;2;0;216;28;8;51
2021-10-24;1.4;16.4;1.6;0;194;29;9;50
2021-10-25;1.8;16.2;1.2;0;176;59;17;48
2021-10-26;2;16.7;1.4;0;150;45;17;51
2021-10-27;2;17;1.7;0;179;51;18;55
2021-10-28;2.4;16.8;0.9;0;122;68;23;39
2021-10-29;2.6;18;1;1.2;92;81;24;33
2021-10-30;1;19.5;2.7;1.6;30;27;9;28
2021-10-31;1;22.3;5.1;4.8;127;8;3;40
2021-11-01;2;21.6;4.7;1.6;122;9;3;57
2021-11-02;1.8;16.1;4.7;0;45;21;7;55
2021-11-03;1.8;15;3.5;0;150;23;5;57
2021-11-04;1;12.7;2.1;0;163;58;11;48
2021-11-05;1.2;12.1;1.8;0;163;54;9;48
2021-11-06;1.6;13.2;2.5;0;174;29;7;53
2021-11-07;2;13.3;2.6;0;175;25;7;56
2021-11-08;2;15.3;1.4;0;164;106;22;32
2021-11-09;1.6;13.9;1.7;0;153;51;13;46
2021-11-10;1.8;15.5;1.6;0.4;102;67;14;44
2021-11-11;1.8;15.3;1.7;1.6;126;59;16;38
2021-11-12;1.6;15.7;1.2;1.6;70;84;14;31
2021-11-13;2;15.9;0.8;0;147;63;14;33
2021-11-14;1.6;14.9;1;0;149;37;11;45
2021-11-15;1.2;14.6;2.3;0;147;63;10;41
2021-11-16;1.6;12.8;1.2;0;150;85;14;36
2021-11-17;1.6;13.5;1.8;0;132;66;15;41
2021-11-18;1.4;12.5;1.4;4.4;50;49;11;44
2021-11-19;1.6;13.2;2.1;36.4;77;30;10;53
2021-11-20;1.8;13.4;3.4;10;27;30;12;52
2021-11-21;1.4;14.5;0.6;0;99;37;12;29
2021-11-22;1;12;2;42;57;59;10;40
2021-11-23;1;10.8;2.5;6.4;141;31;6;38
2021-11-24;1;9;3.1;2;47;30;5;35
2021-11-25;1;11.2;3.5;0;137;30;4;41
2021-11-26;1;10.8;1.8;0;142;50;8;34
2021-11-27;1;11.2175873280453;2.55430125864176;0;116.693152252838;26;6;49
2021-11-28;1.2;11.5791947154247;2.63087170927175;1.77152199363972;118.761216779442;41.0493208124805;7.42085092136676;58
2021-11-29;1.4;11.9408021028042;2.70744215990174;0;120.829281306045;24;7;46
2021-11-30;1.6;12.4;1.7;0;138;98;13;25
2021-12-01;1;11.7813438237274;3.52611029793298;0;123.703370265163;46.8136617122732;7.72464134332847;35
2021-12-02;1.6;11.1;5.1;0;134;42;5;55
2021-12-03;1;12.2;4.3;0;136;56;8;43
2021-12-04;1.2;13.2;4.8;0;120;13;6;46
2021-12-05;1.8;12;5.9;0;134;13;6;62
2021-12-06;1.8;13.1;4.9;0;130;12;3;57
2021-12-07;1.2;13.7;5.6;0;111;17;8;46
2021-12-08;1.8;13.1;5.3;0;127;11;5;65
2021-12-09;1.8;12.2;6.6;0;125;14;8;54
2021-12-10;1.4;15;6.6;0;54;17;8;47
2021-12-11;1.8;16.4;4;0;131;21;6;58
2021-12-12;1.2;13.7;1.2;0;134;57;10;21
2021-12-13;2;11.7;1.3;0;126;91;18;19
2021-12-14;2.4;11.3;1.1;0;123;100;26;21
2021-12-15;3.4;11;1.2;0;119;80;30;23
2021-12-16;2.4;10.4;1.2;0;91;54;22;35
2021-12-17;2.2;10.1;1.8;0;65;41;22;34
2021-12-18;2.4;10.457335807807;1.29655104773074;0;93.6456842224034;25;18;36
2021-12-19;2.8;10.7523698991273;1.15715587889347;0;91.7955343952214;35;24;34
2021-12-20;2.2;10.8;0.5;0;107;115;29;14
2021-12-21;2.4;14;1.9;0;84;47;20;19
2021-12-22;3.6;12.1;0.2;0;40;68;30;11
2021-12-23;3.2;13;0.6;0;72;70;26;13
2021-12-24;2;13.6;1;0;58;62;17;16
2021-12-25;1.6;14.8;2.5;0;65;13;4;53
2021-12-26;1;15;3.7;0;90;12;4;46
2021-12-27;1.8;18.3;6.2;0.4;117;14;8;57
2021-12-28;1.8;16.9;7.5;0.4;112;12;13;61
2021-12-29;1.4;16.6;2.7;0;125;32;9;38
2021-12-30;1.8;15.1;1.4;0;134;76;16;19
2021-12-31;2.6;13.9;0.3;0;139;157;26;12
2022-01-01;4;11.9;0.8;0;128;53;31;20
2022-01-02;3.6;12.5;0.4;0;121;75;28;14
2022-01-03;4;11.2;0.6;0;116;111;38;14
2022-01-04;1.6;16.5;4.8;0;126;26;16;40
2022-01-05;1.8;12;5.1;0;103;27;10;53
2022-01-06;1.6;9;1.7;0;137;30;9;50
2022-01-07;1.6;9.6;2.8;0;131;39;10;48
2022-01-08;1;10.9;2.4;0;118;19;8;49
2022-01-09;1.8;12.7;5.6;0;97;9;12;53
2022-01-10;1.4;15.8;4.4;0;119;29;11;50
2022-01-11;1;11.4;0.9;8.4;60;55;9;48
2022-01-12;1.4;10.4;1.4;0;133;58;9;41
2022-01-13;1.4;9.8;0.7;3.6;104;67;12;39
2022-01-14;2;7.8;2;0;113;41;15;28
2022-01-15;2;8.5;1.6;0;139;40;15;38
2022-01-16;2;8.3;2;0;142;40;14;43
2022-01-17;2.4;8.1;2;0;143;94;21;30
2022-01-18;2.4;7.6;1.5;0;149;90;24;33
2022-01-19;2.4;7.6;1.9;0;106;84;23;28
2022-01-20;2.8;7.8;1.3;0;122;114;29;26
2022-01-21;1.8;8.5;1.5;0;148;79;18;39
2022-01-22;1.8;9;0.9;0;116;50;14;41
2022-01-23;2;8.2;2;0;44;20;16;35
2022-01-24;1.8;8.9;2.2;4.4;57;27;12;33.6206408979574
2022-01-25;1.8;9.9;1.8;5.6;115;28;10;31.8017288156691
2022-01-26;2;9.2;1.2;1.6;151;73;16;33
2022-01-27;2.2;9.4;1.5;0;158;128;23;19
2022-01-28;2.4;9.7;2.2;0;162;104;20;22
2022-01-29;2;10.6;2.3;0;166;78;18;33
2022-01-30;2.2;11.6;1;0;167;69;20;31
2022-01-31;1.6;14.2;3;0;166;63;19;36
2022-02-01;1.6;13;2.2;0;165;73;15;35
2022-02-02;2.2;14.1;1.4;0;172;100;20;26
2022-02-03;3;13.3;1.3;0;170;112;27;19
2022-02-04;4;12.9;0.6;0;116;91;34;29
2022-02-05;3.4;12.5;0.4;0;54;62;28;23
2022-02-06;2;11.3;1;0;145;31;16;35
2022-02-07;2.2;11.3;1.1;0;174;81;20;28
2022-02-08;2;11.1;1.1;0;172;67;17;34
2022-02-09;2;11.6;0.7;0;162;54;16;45
2022-02-10;2;10.6;1.1;0;176;62;17;43
2022-02-11;2.6;10.8;0.6;0;166;92;27;29
2022-02-12;2.4;10.9;1.7;0;144;45;23;40
2022-02-13;2.4;12;1.5;0.8;160;38;22;39
2022-02-14;1.8;14.1;4.3;0;189;22;8;60
2022-02-15;1.4;12.5;4.4;0;123;28;7;56
2022-02-16;1.6;15.1;3;0;177;26;10;49
2022-02-17;1.4;15;2.8;0;196;41;10;41
2022-02-18;2.2;14.5;1.4;0;199;85;21;39
2022-02-19;1.8;12.4;2.6;0;49;31;12;59
2022-02-20;1.4;11.2;1.9;0;200;25;7;47
2022-02-21;1.6;15.1;2.5;0;204;38;13;47
2022-02-22;1.6;13.4;2.2;0;211;82;15;38
2022-02-23;1.6;12.1;1.6;1.6;175;64;16;36
2022-02-24;1.6;12;0.9;0;157;56;14;44
2022-02-25;1.4;11.6;0.6;4.4;42;40;11;42
2022-02-26;1.2;10.9;2.3;2;28;34;9;48
2022-02-27;1.6;11;0.8;0;113;27;10;51
2022-02-28;1.6;12;1.5;0;186;62;13;45
2022-03-01;2;11.7;2;0;221;62;16;42
2022-03-02;2.8;12.9;2.5;0;195;52;23;43
2022-03-03;2.2;12;1.7;13.2;184;59;18;46
2022-03-04;1.8;12.5;2.4;19.2;156;40;11;53
2022-03-05;1.6;11.7;0.9;0;115;33;8;55
2022-03-06;1.8;9.3;4.5;8;71;8;5;62
2022-03-07;1.4;8.7;2.1;19.6;27;36;7;47
2022-03-08;1.8;11.2;0.9;0;120;51;14;33
2022-03-09;1.8;11.2;1.3;0;235;58;14;44
2022-03-10;2;11.8;1.8;0;196;45;15;58
2022-03-11;2;12.7;0.5;3.2;102;65;22;46
2022-03-12;1.8;14.1;3;0.4;226;30;11;62
2022-03-13;1.6;14;0.8;0;209;29;14;50
2022-03-14;2;12.7;10.1;8.4;58;8;10;77
2022-03-15;2.2;12.6314863993368;12.8;2.4;82;5;16;82
2022-03-16;2;12.4616493762495;10.9;3.2;35;7;12;80
2022-03-17;2;12.2918123531622;12.4;40.8;50;6;13;72
2022-03-18;2;12.1219753300749;8.3;3.2;141;9;20;62
2022-03-19;2.8;11.9521383069876;6.8;8.4;61;12;40;73
2022-03-20;2;11.7823012839003;5.8;2.8;103;10;15;79
2022-03-21;2;11.612464260813;3.3;3.10938140835567;22;25;8;84
2022-03-22;2;11.5;4;3.1145607732884;116;19;10;91
2022-03-23;2.2;10.8;6;3.11974013822113;39;13;9;93
2022-03-24;2.2;9.4;11.3;3.12491950315386;20;13;9;81
2022-03-25;2.2;10.9;11.7;6.4;25;9;15;92
2022-03-26;2.4;10.7;11;0.2;40;6;12;92
2022-03-27;2.2;12.8;1.4;0;200;14;16;84
2022-03-28;2;11.7;0.7;0;183;37;22;66
2022-03-29;2.6;12.2;0.9;0;167;39;28;57
2022-03-30;2.4;12.7;1.2;9.8;107;45;25;49
2022-03-31;1.8;13.7;2.8;2;227;24;7;63
2022-04-01;2;11;4.3;0;295;14;6;77
2022-04-02;2;9.7;3.2;0;304;10;3;81
2022-04-03;2;8.4;2.2;0.8;307;12;3;80
2022-04-04;2;8;7.3;2.8;63;11;7;76
2022-04-05;2;9.6;5.2;4.8;59;15;8;80
2022-04-06;2;11.7;4.2;0.8;201;26;7;63
2022-04-07;2;17.9;6.3;0;303;12;9;63
2022-04-08;1.8;19;5.3;0;264;16;11;55
2022-04-09;2;17;2.4;0;240;9;9;63
2022-04-10;2;13.2;2.3;0;113;15;12;61
2022-04-11;2;12.9;1.7;0;151;19;13;61
2022-04-12;2;13.1;0.4;2.8;51;30;16;63
2022-04-13;2;12.8;3.5;24.8;75;21;11;58
2022-04-14;2;15;4.3;0;240;13;10;80
2022-04-15;2;17.9;1.4;0;247;17;12;71
2022-04-16;2;19.4;1.7;0;307;26;19;61
2022-04-17;2;18;0.9;0;317;15;15;65
2022-04-18;2;16.1;1.3;0.4;296;11;17;74
2022-04-19;2;14.7;1;1.2;178;12;13;84
2022-04-20;1.8;11.2;2.8;49.2;40;24;9;71.3993491348459
2022-04-21;1.8;14;2.5;1.6;267;40;6;65.8577560034122
2022-04-22;1.8;15.3;3.3;0;170;36;12;50
2022-04-23;2;14.2;6.2;1.2;302;5;5;75
2022-04-24;2;17.6;4.2;0;343;9;4;73
2022-04-25;2;15.7;1.1;0;339;18;8;62
2022-04-26;1.8;15.3;0.7;0;289;40;10;62
2022-04-27;2;14.7;0.4;0.4;73;60;22;32
2022-04-28;2;14.3;1.5;9.2;85;30;18;53
2022-04-29;1.8;16.7;1.4;0;330;38;15;57
2022-04-30;2;18.7;1.4;0;231;36;19;70
2022-05-01;2;17.6;0.4;0;302;22;18;67
2022-05-02;2;15.6;1.2;7.6;160;28;19;72
2022-05-03;2;12.8;2.7;165.2;48;24;7;73
2022-05-04;2;14.1;5.3;2.8;101;22;14;63.1173600428654
2022-05-05;1.8;16.8;2.5;0.4;311;32;11;56
2022-05-06;1.6;17;1.8;0;338;48;15;47
2022-05-07;1.8;17.7;2.2;0;331;21;12;52
2022-05-08;2;18.1;2.3;0;335;15;11;71
2022-05-09;2;18.2;0.6;0;339;31;14;67
2022-05-10;2.2;18.3;2.5;0;347;41;15;65
2022-05-11;2;18.6;2.2;0;344;44;16;55
2022-05-12;1.8;18.5;0.7;0;331;33;12;65
2022-05-13;2;19.1;0.4;0;341;42;15;54
2022-05-14;2;19.7;1.1;0;316;26;15;57
2022-05-15;2;20.2;1.2;0;316;16;13;74
2022-05-16;2.2;21.8;0.9;0;340;44;19;58
2022-05-17;2.2;21.9;1;0;337;54;20;53
2022-05-18;2;21.1;0.5;0;330;22;18;60
2022-05-19;2;21.7;0.4;0;325;26;18;55
2022-05-20;1.8;22.7;0.5;0;331;35;14;69
2022-05-21;1.8;22.9;0.8;0;320;34;13;62
2022-05-22;1.8;23.2;0.9;0;297;18;11;67
2022-05-23;2;24.5;2.5;0;337;21;15;69
2022-05-24;1.8;20.2;3.2;6;258;11;11;63
2022-05-25;1.8;17.3;1.6;0;244;20;4;66
2022-05-26;1.8;19;2.4;0;348;34;7;55
2022-05-27;1.8;21;1.1;0;344;46;8;55
2022-05-28;1.8;23.7;2.4;0;344;27;9;72
2022-05-29;2;22;2.1;0;334;8;7;76
2022-05-30;2;21.4;1;0;318;16;8;72
2022-05-31;2;21.2;0.5;0;310;25;9;62
2022-06-01;2.2;21.6;1;0;336;27;10.2619100160611;65
2022-06-02;2.2;21.6;1;0;283;20;11.028302514274;56
2022-06-03;2.2;22.8;0.8;0;333;20;11.7946950124869;65
2022-06-04;2.2;22.7;0.5;0;339;18;12.5610875106998;54
2022-06-05;2;24.3;2.4;0;338;13;13.3274800089127;62
2022-06-06;2;23;0.8;0;334;26;14.0938725071257;60
2022-06-07;2;22.7;0.7;0;348;22;14.8602650053386;56
2022-06-08;2.2;24.2;0.5;0;290;28;20;65
2022-06-09;2;24.1;2.6;0;347;30;15;55
2022-06-10;1.8;23.8;0.9;0;351;30;14;49
2022-06-11;1.8;24.5;1.6;0;361;23;12;53
2022-06-12;1.8;25;1.4;0;347;20;12;65
2022-06-13;2.4;24.5;0.8;0;300;44;19;59
2022-06-14;2;25.2;1;0;339;31;18;57
2022-06-15;2;26.6;1.3;0;310;27;13;70
2022-06-16;2;27.3;0.8;0;332;41;18;66
2022-06-17;2.4;28.3;1.5;0;341;52;32;59
2022-06-18;2.4;27.4;1.3;0;346;26;25;85
2022-06-19;2;25.7;1.3;0;316;8;19;86
2022-06-20;2.2;25.6;1.2;0;305;25;23;77
2022-06-21;2;25.2;1;0;168;33;24;58
2022-06-22;2.2;25.1;2.8;0;349;21;20;63
2022-06-23;2;26.4;3.4;0;349;31;15;69
2022-06-24;2;25.8;3.9;0;351;10;11;74
2022-06-25;2;24;1.7;0;343;13;10;80
2022-06-26;2;23.3;1.1;0;306;7;9;77
2022-06-27;2;22.1;2.8;0;163;9;11;61
2022-06-28;1.8;22.5;3.3;0;347;22;11;58
2022-06-29;1.8;23.6;1.8;0;336;27;12;60
2022-06-30;2;23.9;0.9;0;311;20;10;71
2022-07-01;2;23.3;0.9;0;255;16;11;61
2022-07-02;2;23.8;0.5;0;304;14;9;62
2022-07-03;2;24.8;0.4;0;275;14;12;71
2022-07-04;2;25.3;0.7;0;328;29;15;69
2022-07-05;2;24.9;1.3;0.8;256;13;17;78
2022-07-06;2;24.5;1.7;1.6;237;14;20;79
2022-07-07;2;24.3;1.6;0;333;28;16;64
2022-07-08;2;25.3;2.3;0;343;36;24;87
2022-07-09;2;25.5;2.4;0;345;18;15;87
2022-07-10;2;26.1;1.2;0;340;13;13;92
2022-07-11;2;26.6;1.6;0;337;35;20;89
2022-07-12;2;27.3;1.7;0;340;41;15;75
2022-07-13;2.2;27.6;3.5;0;335;35;19;72
2022-07-14;2;26.5;1.4;0;325;26;13;70
2022-07-15;2;27.6;0.8;0;350;47;19;60
2022-07-16;2;27.5779339517885;1.27762297011685;0;335.180347433444;24;19;76
2022-07-17;2;27.6410631346797;1.23934832759949;0;335.440290095262;18;18;87
2022-07-18;2;27.704192317571;1.20107368508212;0;335.70023275708;39;23;78.954916509745
2022-07-19;2.2;27.7673215004622;1.16279904256476;0;335.960175418898;32;32;78
2022-07-20;2;27.9;0.7;0;411;22;22;74
2022-07-21;2;27.2;0.9;0;319;30;23;65
2022-07-22;2.2;27.3;2.9;0;333;27;29;68
2022-07-23;2.2;27.1;1.5;0;322;11;29;77
2022-07-24;2.2;27.3;1.9;0;333;13;27;76
2022-07-25;2.2;28.2;0.7;0;288;29;31;64
2022-07-26;2;27.5;2.1;0;296;19;24;74
2022-07-27;2;27.1;2;0;271;25;23;72
2022-07-28;2.2;27;2.3;0;318;21;27;66
2022-07-29;2;27.1;1.4;0;247;18;23;77
2022-07-30;2;27.1;1.3;0;232;7;18;72
2022-07-31;2;27.3;1.1;0;259;10;18;76.0450876231486
2022-08-01;2;27.1;1.1;0;218;24;21;76
2022-08-02;2;27.9;1.6;0;324;28;22;86
2022-08-03;2;27.8;2.5;0;327;22;20;90
2022-08-04;2;28.1;2.5;0;323;23;17;83
2022-08-05;2;27.9;1.3;0;328;22;17;76
2022-08-06;2;27.6;1.7;0;321;12;15;80
2022-08-07;2;27.4;1.9;0;327;8;16;74
2022-08-08;2;27.7;1.1;0;326;21;19;82
2022-08-09;2;27.8;1;0;325;18;18;83
2022-08-10;2;28.2;0.9;0;316;17;18;84
2022-08-11;2;27.6;1.4;0;316;27;18;78
2022-08-12;2;28.7;2.1;0;308;24;24;76
2022-08-13;3.6;32.2;6.9;2.8;117;11;83;87
2022-08-14;2.6;30.1;2.9;0.4;307;14;26;67
2022-08-15;2.2;27.7;1.5;0;321;8;25;75
2022-08-16;2.8;27.3;2.8;0;313;16;33;84
2022-08-17;3.2;26.4;1.7;0.4;294;23;44;86
2022-08-18;2.6;23.9;2.1;0.4;303;22;39;82
2022-08-19;2;24.4;2.1;0;309;20;25;70
2022-08-20;2;25.4;2.3;0;312;10;14;62
2022-08-21;2;26.8;0.9;0;287;12;17;69
2022-08-22;2;26.6;1.4;0;300;20;13;63
2022-08-23;1.6;26.4;2;0;296;20;11;46
2022-08-24;1.8;26.7;2.4;0;277;14;11;49
2022-08-25;1.8;26;2.3;0.8;266;17;13;48
2022-08-26;2;24.4;1.4;0.4;217;16;15;56
2022-08-27;2;24.9;1.8;0.4;289;13;12;71
2022-08-28;2;26;1.6;0;291;12;13;70
2022-08-29;2;26.1;1.2;0;238;24;18;62
2022-08-30;2;26.2;2;4.4;236;18;21;59
2022-08-31;3;28.4;4.2;2;296;17;33;61
2022-09-01;2.4;25.9;0.7;0;217;28;26;58
2022-09-02;2.2;27.8;2.2;0;280;22;25;61
2022-09-03;2.2;25.6;1.8;0;288;18;22;61
2022-09-04;2;25.8;0.8;0;291;10;15;65
2022-09-05;2;25.9;1.2;0;258;26;18;57
2022-09-06;2;26.4;1.9;0;294;37;25;66
2022-09-07;2;27;1.5;0;276;46;25;64
2022-09-08;2;26.1;0.8;0;254;35;20;67
2022-09-09;2;26.1;1.1;0;266;38;18;69
2022-09-10;2;25.6;1.5;0;244;15;11;57.6122789632891
2022-09-11;2;25.5;1.6;0;253;10;12;50.6651681185457
2022-09-12;2;25.8;0.7;0;168;21;14;43.7180572738024
2022-09-13;1.6;23.5;1.3;2.4;43;30;19;27
2022-09-14;1.4;24.6;1.4;0;137;25;16;38
2022-09-15;2;25.1;2.2;0;263;26;13;64
2022-09-16;2;24.7;1.1;0;249;33;12;59
2022-09-17;2;23.3;0.8;0;188;12;14;61
2022-09-18;2;21.3;1.3;1.6;40;11;15;60
2022-09-19;1.8;23.1;1.5;0;243;33;16;59
2022-09-20;2;23.3;1.5;0;249;38;17;57
2022-09-21;2;23;1.5;0;158;35;17;56
2022-09-22;2;22.6;0.9;2;182;25;15;64
2022-09-23;2;23.2;1.3;0;191;41;20;63
2022-09-24;2;21.9;1.9;0;145;14;20;73
2022-09-25;2;20.2;3.4;12.8;184;6;10;71
2022-09-26;1.4;19.3;1.3;0.4;150;29;12;54
2022-09-27;1.2;21.5;3.1;1.06278549737681;245;30;12;53
2022-09-28;1.4;23;2.1;0;202;25;12;51
2022-09-29;1.6;20.6;3.7;0;178;18;12;57
2022-09-30;2;19.4;2.8;0;252;27;10;63
2022-10-01;2;19.4;2.5;0;249;24;10;61
2022-10-02;2;19.8;1.6;0;252;16;8;63
2022-10-03;1.6;20.6;0.7;0;124;49;19;47
2022-10-04;1.8;21.5;0.7;0;182;44;20;51
2022-10-05;1.8;20.8;0.9;0;90;34;14;58
2022-10-06;2;20.2;3.7;2;119;11;13;62
2022-10-07;2;19.7;0.8;4.8;96;21;13;66
2022-10-08;2;20.3;0.9;0.8;192;14;18;64
2022-10-09;2;20.2;1;0.4;134;17;18;65
2022-10-10;2.2;19.5;0.7;4.4;135;40;25;50
2022-10-11;1.8;18.2;1.9;4.4;75;16;17;55
2022-10-12;2;19.6;0.9;0;195;10;21;57
2022-10-13;2;20.1;1.8;0;210;41;26;47
2022-10-14;1.8;22;1.8;0;213;47;28;44
2022-10-15;2.2;21.3;1.1;3.2;202;35;30;57
2022-10-16;2;20.9;0.6;0.4;176;19;28;56
2022-10-17;2;21.1;0.4;0;141;42;29;52
2022-10-18;2.4;21.2;0.3;0;130;43;37;42
2022-10-19;3;21.1;0.8;0;139;36;44;43
2022-10-20;3.2;21.6;0.5;0;78;40;44;38
2022-10-21;2;22.3;1.7;0;123;26;26;37
2022-10-22;2;20.6;1;0;127;30;22;30
2022-10-23;3;20.7;0.9;0;94;23;35;26
2022-10-24;2.2;21.4;0.9;0;124;65;29;22
2022-10-25;2.4;20.5;0.7;0;165;54;31;25.736707156842
2022-10-26;3.8;20.9;0.3;2.8;116;73;48;26.8627439369438
2022-10-27;3.2;20.4;1;0;143;51;42;27.9887807170456
2022-10-28;3;19.6;1.4;0;136;37;40;29.1148174971474
2022-10-29;2.8;19.3;1.3;0;121;26;38;30.2408542772492
2022-10-30;2.4;18.7;1.3;0;104;18;33;31.366891057351
2022-10-31;2.6;19.8;0.9;0;92;43;37;32.4929278374528
2022-11-01;2.2;21.2;1;0;165;33;30;33.6189646175546
2022-11-02;2.2;19.7;1.6;0;127;25;28;34.7450013976565
2022-11-03;2;20;2.8;0;83;25;37;35.8710381777583
2022-11-04;1.6;18.8;3.6;0;171;18;15;36.9970749578601
2022-11-05;1.2;16.1;2.2;0;176;32;15;38.1231117379619
2022-11-06;1.4;16.7;2.7;0;174;18;18;39.2491485180637
2022-11-07;1.4;17.2;2.3;0;150;50;19;40.3751852981655
2022-11-08;2;18.6;2.5;0;139;36;28;41.5012220782673
2022-11-09;1.4;18.6;2.4;0;110;34;17;42.6272588583691
2022-11-10;1.2;16.6;1.8;14;159;28;11;46
2022-11-11;1;14.5;2.5;75.6;15;35;12;37
2022-11-12;2;17.7;3.5;4;52;19;20;56
2022-11-13;1.6;16.7;2;0;126;21;22;34
2022-11-14;1.8;17.3;2.9;0;121;33;27;31
2022-11-15;1;19.3;4.5;0;87;17;14;40
2022-11-16;1.4;18.5;5.9;0;86;10;10;46
2022-11-17;1.2;19.7;7.6;0;93;9;10;43
2022-11-18;1;15;4.5;0;36;15;11;43
2022-11-19;1.2;12.8;4.3;0;140;13;8;49
2022-11-20;1.2;15;4;0;149;9;7;50
2022-11-21;1.4;16.3;7;0.8;50;9;12;47
2022-11-22;1.6;13.5;7.1;0;113;13;9;52
2022-11-23;1.2;18.8;8.6;0;111;6;13;43
2022-11-24;1;18.3;2.9;0;135;40;15;38
2022-11-25;1;17.2;4.5;0;97;17;12;44
2022-11-26;1.2;13.3;1.5;0;128;45;21;34
2022-11-27;2;11.6;1.5;0;132;34;22;31
2022-11-28;1;13.7;4.2;0;140;26;14;44
2022-11-29;1.2;13.9;3;0;141;14;10;46
2022-11-30;1.6;12.2;1.5;0;88;70;25;31
2022-12-01;1.2;11.6;5.4;4;35;13;14;45
2022-12-02;1.2;10.9;5.6;0;75;12;17;46
2022-12-03;2;10.7;1.8;0;109;26;23;38
2022-12-04;2;11.9;2.1;0;101;24;25;38
2022-12-05;2.2;12.3;3.5;0;40;23;28;36
2022-12-06;2.6;13.7;0.8;0;63;34;38;35
2022-12-07;3.4;13.7;0.5;0;77;53;53;31
2022-12-08;3.8;12.8;0.7;1.2;35;32;57;22
2022-12-09;1.4;14.8;3.1;0.8;59;57;14;35
2022-12-10;1;14.7;3.8;0;97;17;7;44
2022-12-11;1;11.1;1.8;8;25;15;12;43
2022-12-12;2;14.2;2.7;0;41;63;25;27
2022-12-13;1;18.8;5.1;2;24;33;7;36
2022-12-14;1;17;3.5;0;56;55;12;35
2022-12-15;1.2;14.6;4.8;0.4;71;16;8;45
2022-12-16;1;14;3.1;0;125;29;10;41
2022-12-17;1.8;12.1;1.3;0;57;47;20;23
2022-12-18;2;12.2;1.6;0;123;25;25;25
2022-12-19;2;12.3;1.4;0;122;60;29;27
2022-12-20;2;13.4;2.1;0;101;53;30;23
2022-12-21;1.4;16.5;5.5;0;99;14;10;42
2022-12-22;1.2;16.7;3.5;0;117;29;9;28
2022-12-23;1;17.5;4;0;118;22;9;27
2022-12-24;1.6;17.2;2.2;0;124;36;18;27
2022-12-25;1.2;17;2.5;0;127;23;16;27
2022-12-26;2.4;15;1.5;0;104;93;40;14
2022-12-27;2;13.8;1.4;0;128;63;35;20
2022-12-28;3.2;12.6;1.3;0;122;76;49;17
2022-12-29;1.6;14.3;4.5;0.8;113;20;27;32
2022-12-30;1.8;16.2;5.7;0;51;19;26;37
2022-12-31;2;15.8;1.6;0;122;32;26;27
2023-01-01;2.2;12.5;1.6;0;99;26;34;25
2023-01-02;2.8;11.6;1;0;79;55;48;20
2023-01-03;3.6;13.1;0.7;0;74;78;54;19
2023-01-04;2.6;12.3;1.1;0;126;66;42;16
2023-01-05;2.8;10.6;1.3;0;128;65;43;17
2023-01-06;2.4;10.6;0.8;0;130;41;38;26
2023-01-07;2;11.9;3.2;0;131;16;33;21.5078199953008
2023-01-08;1.5;17.7;5.2;0;35;10;21;20.4721739442036
2023-01-09;1;16.8;4.1;0;120;35;16;19.4365278931065
2023-01-10;1.2;13.6;1.5;0;133;46;20;18
2023-01-11;1.8;14.4;1.8;0;125;41;24;15
2023-01-12;1.6;11.9;1.8;0;136;49;29;25
2023-01-13;2.2;12;1.3;0;115;79;40;14
2023-01-14;2;12.7;3.7;0;139;26;25;25
2023-01-15;1.4;12.8;5.7;0;120;8;39;35
2023-01-16;2.2;11.7;8.3;0;94;9;77;40.9074878294046
2023-01-17;2.2;13.8;11.4;7.6;136;8;88;47.683960108007
2023-01-18;2;9.3;5.3;0;150;15;12;59
2023-01-19;1.8;9.3;5.8;0;129;12;14;56
2023-01-20;1.4;12.4;3.6;0;139;52;23;53
2023-01-21;1.6;9.5;3.5;0;150;27;23;56
2023-01-22;2;8.2;3.7;0;155;9;11;66
2023-01-23;1.8;7;1.4;0;143;59;25;45
2023-01-24;2;6.8;1.4;0;154;27;24;41
2023-01-25;2;8;2.9;0;104;45;33;36
2023-01-26;2;7.8;1.6;0;154;76;32;35
2023-01-27;1.8;7.5;1.8;0;155;53;30;40
2023-01-28;1.6;7;2.1;0;160;31;21;54
2023-01-29;1;6.1;1.2;0;69;15;15;49
2023-01-30;2;7.3;2.6;0;162;55;31;37
2023-01-31;2;8.9;1;0.8;173;68;38;34
2023-02-01;2.2;8.1;2.2;0;163;73;48;36
2023-02-02;2.6;9.5;2.1;0;167;67;33;36
2023-02-03;2.2;10;1.9;0;171;75;20;21
2023-02-04;2;13;1.9;0;177;72;17;36
2023-02-05;1.8;11.1;1.8;0;174;37;15;36
2023-02-06;1.4;6.9;5.1;4.8;22;19;12;48
2023-02-07;1.6;8.9;2.6;0;127;25;10;54
2023-02-08;1.8;7.9;6.1;35.6;27;12;6;57
2023-02-09;2;8.6;3;0.4;126;17;8;67
2023-02-10;2;7.8;0.8;0;112;77;17;36
2023-02-11;1.8;7.8;1.5;0;114;32;13;56
2023-02-12;2;8.3;1.2;0;107;31;17;60
2023-02-13;2;8;1.4;0;129;53;18;45
2023-02-14;2;10;0.9;0;78;35;18;61
2023-02-15;2;10.7;1.4;0;137;40;14;57
2023-02-16;2.4;10.6;0.7;0;156;72;24;47
2023-02-17;2.8;10.1;1.4;0;197;66;25;39
2023-02-18;2.6;9.9;1.4;0;113;49;23;39
2023-02-19;3.6;11.9;0.6;0;178;48;25;32
2023-02-20;3.8;12.1;0.8;0;169;90;32;29
2023-02-21;3.4;11.3;0.8;0;117;93;26;21
2023-02-22;4;12;0.4;0;175;62;36;39
2023-02-23;4;11.3;0.7;0;101;41;35;41
2023-02-24;1.4;8.9;1.5;0;172;45;8;49
2023-02-25;1.6;9.8;2.7;0;201;18;9;54
2023-02-26;1.8;9.8;4.1;0;178;10;11;67
2023-02-27;1.75;5.3;6.5;0;182;14;11;70
2023-02-28;1.8;8.7;3;0;223;34;9;61
2023-03-01;2;7;2.7;0;207;26;9;62
2023-03-02;2;7.8;1.3;0;214;43;18;63
2023-03-03;2;9;2.5;0;190;50;20;58
2023-03-04;2;8.7;2.2;0;231;22;20;66
2023-03-05;2;10.7;2.7;0.4;204;20;22;65
2023-03-06;2;13.2;3.9;0.4;239;22;7;59
2023-03-07;2;15.9;5.6;0;195;14;10;63
2023-03-08;2;19.5;6;0;209;11;9;53
2023-03-09;2;19.6;5.1;0;120;14;13;52
2023-03-10;2;20.1;5.7;0;230;19;10;69
2023-03-11;2;20.4;5.4;0;184;10;16;58
2023-03-12;1.4;20.6;2.5;0;245;14;10;40
2023-03-13;2;20.8;3.3;0;229;46;24;35
2023-03-14;2;17.7;2.4;0;258;30;12;68
2023-03-15;2;14.5;2.3;0;257;38;16;57
2023-03-16;2.4;13.5;0.6;0;255;34;27;63
2023-03-17;2.4;13.3;0.5;0;206;22;20;66
2023-03-18;2.4;14.7;2.7;0;182;20;26;54
2023-03-19;2.8;14.2;1.8;0;263;24;28;56
2023-03-20;1.8;14.4;3.3;0;254;35;9;46
2023-03-21;2;13.8;1.4;0;234;38;19;61
2023-03-22;2.8;13.5;1.2;0;261;38;24;65
2023-03-23;3.2;15.2;0.7;0;266;46;28;60
2023-03-24;3.4;18.9;1.9;0;169;40;35;55
2023-03-25;2;17.1;0.9;0;275;24;19;66
2023-03-26;2;21.1;3.7;0;250;14;29;58
2023-03-27;2;16.1;3.7;0;296;21;11;70
2023-03-28;2;13.6;2.7;0;276;37;12;61
2023-03-29;2;14.2;1.3;0;284;42;10;62
2023-03-30;2;19.7;2.2;0;216;45;29;57
2023-03-31;2.4;22.9;7.8;0;170;12;30;72
2023-04-01;2;18.5;3.1;0;233;13;17;74
2023-04-02;2;16.7;5.2;0;308;11;13;77
2023-04-03;2;14.1;2.7;0;297;31;7;71
2023-04-04;2;13.5;1.1;0;304;33;6;60
2023-04-05;2;13.3;2.5;0;302;29;10;68.9964622513119
2023-04-06;2;13.1;2.1;0;287;33;8;72
2023-04-07;2;14;3.2;0;308;11;7;77
2023-04-08;2;14.5;2;0;299;12;8;79
2023-04-09;2;15.2;1.2;0;294;10;9;83
2023-04-10;2;15.6;0.6;0;261;15;17;71
2023-04-11;2.2;16.1;1.2;0;276;24;18;74
2023-04-12;2.4;21.4;4.4;0;288;17;48;66
2023-04-13;2;15.6;2.5;0;301;20;7;67
2023-04-14;2;19.3;3.6;0;263;15;17;61
2023-04-15;2;21.1;3.9;0;317;10;14;73
2023-04-16;2;16.1;3.2;0;327;12;4;74
2023-04-17;2;15.3;1.6;0;327;12;5;79
2023-04-18;2;15.2;2.7;0;288;28;6;92
2023-04-19;2;15.2;1.5;0;298;33;8;80
2023-04-20;2;17.3;1.6;0;322;36;10;83
2023-04-21;2;17.2;3.1;0;309;25;10;94
2023-04-22;2;17.3;1;0;231;16;14;88
2023-04-23;2;18.1;1.5;0;330;13;12;80
2023-04-24;2;18.3;2.4;0;321;20;10;68
2023-04-25;2;19.8;1.6;0;307;37;10;66
2023-04-26;2;18.3;1.3;0;296;17;12;79
2023-04-27;2;18.3;0.4;0;260;33;14;61
2023-04-28;2;18.8;0.4;0;233;28;14;56
2023-04-29;2;19.5;1.1;0.4;173;20;9;59
2023-04-30;2;19.7;1.9;0;259;14;7;68
2023-05-01;2;19.4;1.9;0;333;12;6;66
2023-05-02;2;18.7;0.9;0;336;33;7;61
2023-05-03;2;18;3;0;282;31;7;66
2023-05-04;2;18.6;1.8;0;270;29;6;74
2023-05-05;2;19.5;1;0.4;333;24;13;83
2023-05-06;2;19.6;0.9;0;254;18;10;73
2023-05-07;2;19.2;1;0;213;10;7;69
2023-05-08;2;19.5;1.9;0;243;30;10;64
2023-05-09;2;20.6;2.3;0;279;36;10;65
2023-05-10;2;19.2;2.8;0;316;27;6;65
2023-05-11;2;18;2.9;0;229;26;4;74
2023-05-12;2;16.2;2.6;1.2;276;22;3;66
2023-05-13;2;15.8;1.6;0;279;13;3;66
2023-05-14;2;17.2;3.5;0.4;338;11;3;67
2023-05-15;2;18.2;3.2;0;303;25;8;78
2023-05-16;2;19.1;3.2;0;346;23;6;81
2023-05-17;2;17.4;2.4;0;334;24;6;75
2023-05-18;2;17.1;3.5;12.4;312;21;6;80
2023-05-19;2;17.1;1.8;1.6;276;24;7;79
2023-05-20;2;17.2;2.2;0;334;18;8;77
2023-05-21;2.2;18.3;1.1;0;315;16;7;93
2023-05-22;2;17.8;2.4;0;201;11;8;85
2023-05-23;2;16.8;4.3;35.2;82;21;10;71
2023-05-24;2;18.9;0.9;2;256;37;14;73
2023-05-25;2;17.6;1.3;17.6;148;40;13;63
2023-05-26;2;17.5;2.8;0.8;183;17;8;68
2023-05-27;2;19.4;0.9;0;215;18;14;58
2023-05-28;2;18.1;0.7;10.4;159;14;9;68
2023-05-29;2;19.8;0.6;0;247;29;8;67
2023-05-30;2;19.3;0.7;0;238;28;8;62
2023-05-31;2;20.9;1.7;0;328;29;9;65
2023-06-01;2.2;19.9;1.2;0;283;18;13;86
2023-06-02;2;20;1.6;0;279;26;12;87
2023-06-03;2;20.3;1.5;0;289;20;11;79
2023-06-04;2;20.9;0.8;0;281;13;8;75
2023-06-05;2;20.7;1.5;0;303;27;6;71
2023-06-06;2;21.1;2;0;328;25;5;70
2023-06-07;2;20.2;0.8;0;101;22;6;52
2023-06-08;1.8;20.8;1.2;0;242;32;8;55
2023-06-09;2;25.2;3;0;349;17;6;54
2023-06-10;2;25.6;1.5;0;339;20;5;66
2023-06-11;2;22.9;1.3;3.6;290;10;7;60
2023-06-12;2;21.9;1.4;0;248;27;8;56
2023-06-13;2;21.3;2.6;7.2;245;27;7;66
2023-06-14;2;23.1;2.6;0;323;31;5;58
2023-06-15;2;24.9;1.4;0;345;34;8;79
2023-06-16;2;24.7;2;0;335;27;9;86
2023-06-17;2;24.9;2.7;0;339;17;8;88
2023-06-18;2.8;23.1;1;2.4;117;15;9;102
2023-06-19;2;23.2;1.1;0;287;26;10;88
2023-06-20;2;24.1;1.4;0;293;31;11;82
2023-06-21;2;23.9;1.5;13.2;243;18;9;76
2023-06-22;2;25.5;1.2;0;347;26;4;84
2023-06-23;2;25.2;2.7;0;341;28;4;69
2023-06-24;2;25.7;3.1;0;345;14;5;71
2023-06-25;2;27.3;1.3;0;326;16;6;78
2023-06-26;2;26.8;1.7;0;288;15;5;86
2023-06-27;2;26.1;1.2;0;316;19;6;76
2023-06-28;2;25.5;0.8;0;257;20;7;80
2023-06-29;2;25.4;1.3;0;267;24;6;75
2023-06-30;2;24.7;2.3;0;314;23;5;63
2023-07-01;2;23.9;2.3;0;336;14;5;62
2023-07-02;2;26.1;1.4;0;335;14;5;67
2023-07-03;2;24;2.1;36.4;237;17;5;56
2023-07-04;1.2;25.1;0.9;0;334;27;5;48
2023-07-05;1.8;25.5;1;0;312;16;4;51
2023-07-06;1.8;25.4;1.7;0;282;16;5;55
2023-07-07;2;25.9;1.4;2.4;230;14;6;61
2023-07-08;2;27.2;0.9;0;340;16;10;71
2023-07-09;2;28;0.6;0;328;12;11;76
2023-07-10;2;27.9;0.5;0;318;16;9;59
2023-07-11;2.2;28;1.4;0;284;19;15;52
2023-07-12;2;27.9;1.7;0;303;12;19;51
2023-07-13;1.6;27.6;1.6;0;297;15;12;49
2023-07-14;2;27.6;2;0;328;20;11;51
2023-07-15;2;28.5;1.7;0;344;9;13;63
2023-07-16;2;27.5;2.9;0;238;6;11;60
2023-07-17;2;28.3;0.7;0;314;17;10;52
2023-07-18;1.8;28.1;0.7;0;326;20;14;52
2023-07-19;2;29.5;0.8;0;307;24;17;57.2493430158057
2023-07-20;2;28.4;1;1.6;217;19;13;64
2023-07-21;2;28.2;1.2;0;320;21;12;56
2023-07-22;2;28.1;3.2;1.2;321;9;8;63
2023-07-23;1.8;28.4;1.7;0;280;13;9;50
2023-07-24;2;29.9;1.1;0;247;24;15;51
2023-07-25;2;27.3;2.8;0;330;18;8;51
2023-07-26;2;26.6;2.5;0;312;23;7;51
2023-07-27;2;27.5;3.6;0;273;19;8;54
2023-07-28;2;28;1.2;0;289;17;7;58
2023-07-29;2;28.1;2.5;0;339;8;6;54
2023-07-30;2;28.3;0.8;0;291;7;6;54
2023-07-31;1.8;28.2;2.1;0;268;16;8;50
2023-08-01;1.4;29.1;0.9;0;325;21;10;50
2023-08-02;2;30.1;2.2;0;328;23;10;59
2023-08-03;2;28;1.8;0;293;14;7;52
2023-08-04;1.8;25.9;3.3;0.4;333;15;7;51
2023-08-05;2;25.3;2.6;0;330;11;7;59
2023-08-06;2;26.1;1.8;0;325;8;4;51
2023-08-07;2;25.9;3.5;0;298;12;4;56
2023-08-08;2;26.5;2.7;0;205;14;5;57
2023-08-09;1.6;27.1;1.1;0;275;20;6;50
2023-08-10;2;29.8;2.7;0;297;14;12;49
2023-08-11;2;28.2;1.1;0;297;20;7;72
2023-08-12;2;27.4;1.4;0;294;9;8;61
2023-08-13;2;27.4;1.8;0;282;7;7;65
2023-08-14;2;27.4;1.4;0;274;10;5;58
2023-08-15;2;28;1.2;0;285;5;5;65
2023-08-16;2;27.9;0.9;0;274;10;6;65
2023-08-17;2;28.2;0.5;0;282;14;8;60
2023-08-18;1.6;27.9;1;0;292;17;10;47
2023-08-19;1.8;28.3;0.5;0;298;9;10;50
2023-08-20;2;28.5;0.9;0;302;9;8;47
2023-08-21;1.8;29.4;1.1;0;308;22;11;42
2023-08-22;2;29.9;0.8;0;306;32;13;53
2023-08-23;2;30.9;1.4;0;305;32;17;44
2023-08-24;2;30.4;2.4;0;308;27;13;45
2023-08-25;2.2;29.2;2.7;0;293;15;12;57
2023-08-26;1.8;27.4;1;2.8;231;8;10;50
2023-08-27;1.2;25;3.6;5.6;271;5;7;40
2023-08-28;1.2;26.5;2;0;318;14;5;49
2023-08-29;1.4;25.5;2.6;0;303;16;6;49
2023-08-30;1.4;24.1;3.2;0;272;17;6;49
2023-08-31;1.8;24.9;2.5;0;302;17;5;53
2023-09-01;1.8;25.4;2.4;0;263;20;6;57
2023-09-02;2;23.9;3.6;31.2;146;8;4;64
2023-09-03;2;23.1;9.1;60.2;69;3;6;68
2023-09-04;2;25.3;9.4;0;142;5;10;65
2023-09-05;2;25.8;2.4;0;222;10;10;58
2023-09-06;2;25.5;1.1;0;262;13;7;57
2023-09-07;2;25.6;0.7;0;244;23;10;59
2023-09-08;1.6;24.9;1.1;0;171;30;12;51
2023-09-09;1.5;24.7;1.2;0;264;14;9;53
2023-09-10;2;24.9;0.8;0;238;9;10;55
2023-09-11;2;25;1.6;0;243;22;13;54
2023-09-12;2;24.8;1.2;19.8;218;21;15;51
2023-09-13;1.4;24.3;1.1;0;200;19;11;46
2023-09-14;2;24.9;1.1;0;210;17;8;60
2023-09-15;1.8;23.1;1.2;49.6;107;17;6;53
2023-09-16;1.6;24;0.6;0;184;12;10;49
2023-09-17;1.2;24.2;1.4;8.4;201;10;14;48
2023-09-18;1.2;24.4;2.6;0;202;18;10;44
2023-09-19;1;22.1;2.1;9.2;86;28;10;39
2023-09-20;1.2;23.8;2.4;0;263;28;10;45
2023-09-21;1.8;24.6;5.5;0;218;14;13;51
2023-09-22;1.4;23.1;2.1;0;264;24;8;50
2023-09-23;1.2;21.4;2.1;0;269;14;7;39
2023-09-24;1.4;22.1;2.4;0;264;15;6;47
2023-09-25;1.2;22.6;1;0;260;33;9;46
2023-09-26;1.2;22.4;1.8;0;257;23;11;47
2023-09-27;1.2;23;1.6;0;249;25;11;48
2023-09-28;1.2;23.6;1;0;245;48;14;47
2023-09-29;1.2;23.9;0.6;0;245;44;13;49
2023-09-30;1.2;24.6;1.4;0;251;29;15;32
2023-10-01;1.6;25.4;1.8;0;250;20;12;54
2023-10-02;1.6;24.3;0.9;0;237;25;14;51
2023-10-03;1.6;23.7;0.7;0;226;32;17;46
2023-10-04;1.6;24.1;1.6;0;219;29;22;48
2023-10-05;1.6;24;0.5;0;224;45;20;43
2023-10-06;1.8;23.3;0.8;0;226;41;24;36
2023-10-07;2;23.1;1.1;0;209;19;17;42
2023-10-08;1.8;22.9;1;0;203;17;17;39
2023-10-09;1.6;22;1.3;0;227;16;15;42
2023-10-10;1.4;21.7;1.7;0;221;33;17;44
2023-10-11;1.8;21.5;1.6;0;220;31;19;43
2023-10-12;1.8;21.8;1.1;0;215;17;16;48
2023-10-13;1.6;22.2;1.6;0;211;28;18;42
2023-10-14;1.8;23.1;1;0;111;21;25;32
2023-10-15;1.6;22.3;1.2;0;194;14;15;52
2023-10-16;1.2;23.6;1.4;0;134;32;18;41
2023-10-17;1.8;22.3;1;0;135;32;17;52
2023-10-18;1.8;24;5;0;153;16;35;44
2023-10-19;2;23.6;3.4;0;116;26;29;52
2023-10-20;2;19.4;7.2;1.2;155;9;38;57
2023-10-21;1.4;17.9;3;0;149;13;11;44
2023-10-22;1.8;17.2;3.1;0.8;94;11;7;48
2023-10-23;1.4;20.5;3.3;2.4;141;20;10;46
2023-10-24;1.6;19.4;5;0;194;11;12;47
2023-10-25;1.4;21.5;4.6;0;126;17;13;47
2023-10-26;1.4;22.9;5.9;0;111;10;17;47.1666514582347
2023-10-27;1.4;19.9;3.8;0;116;17;14;48
2023-10-28;1.6;20.4;4.9;0;187;9;10;49
2023-10-29;1.6;19.9;2.3;0;168;18;8;40
2023-10-30;1.6;19.5;3.9;0;134;20;22;44
2023-10-31;1.2;17.4;1.1;0;81;41;18;28
2023-11-01;1.4;19.4;4.5;0;126;11;20;42
2023-11-02;3.2;21.1;10.7;0;131;8;80;60
2023-11-03;2.4;16.6;10;0;158;10;25;57
2023-11-04;2;19.5;8.9;0;120;6;27;66
2023-11-05;2;17.8;5.2;0;164;7;9;62
2023-11-06;1.6;16.7;3.6;0;174;18;18;51
2023-11-07;1.4;15.3;2.7;0;173;18;17;49
2023-11-08;1.2;14.8;1.9;0;97;24;18;40
2023-11-09;1.2;18.4;3.7;0.2;158;19;18;47
2023-11-10;1.8;18.6;4.7;0;161;14;21;54
2023-11-11;1.4;20.7;6.1;0;127;6;17;48
2023-11-12;1.8;21.7;5.4;0;123;8;10;51
2023-11-13;1.2;21.6;2.2;0;157;28;18;29
2023-11-14;1.4;22.5;2.2;0;148;61;29;23
2023-11-15;1.4;19.9;1.2;0;157;51;25;18
2023-11-16;1.8;19;0.4;0;146;83;32;18
2023-11-17;1.6;19.2;1.5;0;148;58;28;16
2023-11-18;1.6;16.7;1.2;0;144;28;20;24
2023-11-19;1.6;16.1;0.4;0;148;27;23;30
2023-11-20;2.4;14.6;0.4;0;129;48;33;31
2023-11-21;1.8;16.4;4.6;0;144;24;37;39
2023-11-22;1.4;16.5;3.7;0;148;34;25;48
2023-11-23;2;14.4;1.9;0;149;63;37;28
2023-11-24;2;15.4;2.4;0;149;35;39;24
2023-11-25;1.6;15.1;0.8;0;139;37;22;26
2023-11-26;1.4;13.4;1.3;0;125;19;15;27
2023-11-27;2.2;17.2;3.6;0;134;52;48;28
2023-11-28;1.6;16.2;4.8;0;65;12;38;36
2023-11-29;1.4;18.8;3.2;0;104;26;23;36
2023-11-30;1.6;20.9;5.3;0;78;23;33;48
2023-12-01;2.8;17.4;5.9;0.4;56;32;54;51
2023-12-02;1.2;13.7;3.9;0;137;18;16;47
2023-12-03;1;11.6;1.6;0;135;36;16;36
2023-12-04;1;12.7;3.9;0.8;64;23;15;41
2023-12-05;1;12.8;1.7;0;111;73;16;37
2023-12-06;1.2;12.5;0.9;1.2;109;37;13;35
2023-12-07;1.2;14.3;2.7;1.6;116;51;15;29
2023-12-08;2;16.6;5.2;0;108;11;5;60
2023-12-09;1;15.5;3.7;0;108;14;9;46
2023-12-10;1;18.7;3.8;0;118;10;6;40
2023-12-11;1.4;19.6;2;0;120;81;25;24
2023-12-12;1.2;21;3.7;0;84;34;34;41
2023-12-13;1.2;17.3;4;0;31;37;22;42
2023-12-14;1.4;14.9;4.7;0;130;30;26;47
2023-12-15;1.8;14.4;1.4;0;129;116;33;19
2023-12-16;1;11.9;1.6;0;124;53;12;32
2023-12-17;1;10.8;1.9;0;123;40;13;33
2023-12-18;1.6;10;1.7;0;129;126;28;23
2023-12-19;2.4;12.6;2;0;130;131;45;16
2023-12-20;1.6;13.7;4.2;0;48;56;33;35
2023-12-21;1.6;14.2;2.2;0;127;68;31;28
2023-12-22;2;15.9;1.6;0;128;124;42;23
2023-12-23;1.6;12.5;1.4;0;129;58;18;26
2023-12-24;1.8;10.9;0.8;0;127;51;18;25
2023-12-25;1.8;11.1;0.8;0;130;64;18;20
2023-12-26;1.8;11.9;1.8;0;131;140;28;18
2023-12-27;2;10.9;1.9;0;131;108;32;19
2023-12-28;2.8;10.2;0.8;0;83;136;34;17
2023-12-29;3.6;10.8;0.6;0;39;137;46;8
2023-12-30;3.6;12.1;1.1;0;120;89;38;11
2023-12-31;1.8;13.6;4.9;0;36;15;37;47
2024-01-01;1;12.8;2;0;98;37;12;36
2024-01-02;1.2;14.7;4.3;0;75;32;30;43
2024-01-03;1.6;18.2;5.1;0;101;20;27;48
2024-01-04;1.2;16.2;1.2;0.4;85;55;17;27
2024-01-05;1.6;13.9;5;0;107;15;10;51
2024-01-06;2;12.5;6.1;0;134;9;14;60
2024-01-07;2;11.4;5.3;0;136;13;8;63
2024-01-08;1.2;11.4;4.1;0;138;57;18;44
2024-01-09;1.4;11.5;0.6;0;99;63;18;30
2024-01-10;1.2;11.8;1.8;0;66;43;18;27
2024-01-11;1;11.1;0.8;0;89;47;11;30
2024-01-12;1.6;9.3;1.1;0;137;64;22;21
2024-01-13;2.2;10.6;0.4;0;100;84;16;14
2024-01-14;1.4;18.3;5;0;65;23;22;40
2024-01-15;1.2;18.4;5.2;0;42;16;14;42
2024-01-16;1.6;20.1;4.3;0;50;29;31;40
2024-01-17;3.2;18.4;7.1;2.6;109;37;61;53
2024-01-18;2;18.8;5.8;0;88;15;14;59
2024-01-19;1;12.8;4.9;12.6;14;22;3;49
2024-01-20;1;11.2;1.8;0;59;26;3;46
2024-01-21;1.6;12.1;1.4;0;150;28;5;37
2024-01-22;1.6;12.7;0.6;0;147;68;6;23
2024-01-23;1.6;15.5;1.4;0;150;83;10;13
2024-01-24;2;16;1.2;0;154;122;12;9
2024-01-25;3;16;0.6;0;156;162;15;10
2024-01-26;2.8;16.8;0.8;0;155;162;15.6147096743989;19
2024-01-27;3;14.4;1;0;127;82;17.055127950327;13
2024-01-28;3.2;12.4;0.5;0;134;34;18.4955462262551;34
2024-01-29;2;12.7;0.4;0;39;42;19.9359645021832;37
2024-01-30;2.2;13.9;0.3;0;33;82;21.3763827781113;19
2024-01-31;2.2;12.9;0.4;0;44;65;23;24
2024-02-01;2.4;12.6;1.1;0;163;81;30;16
2024-02-02;2;12.8;1.1;0;155;105;24;20
2024-02-03;2;12.5;1.3;0;164;61;21;22
2024-02-04;1.8;13.2;1.1;0;174;41;19;32
2024-02-05;2.4;13.4;1.3;0;168;98;28;23
2024-02-06;2.8;14;0.9;0;105;133;36;8
2024-02-07;2;16;5.7;0;170;15;36;41
2024-02-08;2;17.5;5;0;128;22;34;44
2024-02-09;1;15.3;1.4;5.6;63;56;13;33
2024-02-10;2;14.7;7.6;0;162;4;6;69
2024-02-11;2;12.4;5.7;0;100;5;5;61
2024-02-12;1.6;17.1;5.2;0;188;25;10;54
2024-02-13;1.2;18;2.7;0;188;38;12;38
2024-02-14;1.8;16.4;0.6;0;101;162;19;13
2024-02-15;1.6;14.7;0.3;0;136;78;13;29
2024-02-16;1.6;13.9;0.9;0.8;47;57;15;33
2024-02-17;1.2;15.2;1.3;0;178;50;12;41
2024-02-18;1.2;14.4;1.9;0;187;26;11;32
2024-02-19;1.6;15.7;1;0;184;105;20;32
2024-02-20;1.2;14.8;1.1;0;206;62;17;42
2024-02-21;1.8;13.6;0.7;0;177;59;20;37
2024-02-22;2.6;18.7;5.4;0;118;32;41;41
2024-02-23;2;14.7;6.1;0;211;9;16;67
2024-02-24;2;13.3;4.5;0;173;9;9;68
2024-02-25;2;15.7;6.4;0;68;5;13;60
2024-02-26;2;16.2;4.2;0;94;13;13;60
2024-02-27;2;14.3;6.9;0;118;12;16;67
2024-02-28;2;14.1;3.6;0;210;49;22;53
2024-02-29;1.8;14.6;4;1.4;236;33;23;55
2024-03-01;2;14.8;5;0;239;13;18;72
2024-03-02;2;14;7.7;0.2;157;5;23;72
2024-03-03;2;11.8;9.5;0;244;3;13;79
2024-03-04;2;14.3;4.2;0;97;15;13;52
2024-03-05;2;14.5;2.8;0;245;38;13;53
2024-03-06;2;13;1.4;0;246;40;13;59
2024-03-07;2;13.4;1.7;0.4;173;26;11;71
2024-03-08;2;13.7;5;0.4;181;19;13;66
2024-03-09;2;11.3;4.2;3.6;50;21;6;60
2024-03-10;2;13.8;5.9;2;151;8;6;73
2024-03-11;2;15.8;4;0;245;23;13;59
2024-03-12;1.6;13.9;3;0;261;49;14;54
2024-03-13;1.4;13.4;1.4;0;257;66;16;47
2024-03-14;2.2;14.8;0.6;0;239;69;21;48
2024-03-15;2;18.8;3.5;0;258;62;30;50
2024-03-16;2.2;18.3;2.1;0;252;47;28;61
2024-03-17;3.2;17.9;0.7;0;247;38;29;49
2024-03-18;4.2;16.2;0.4;0;235;43;32;62
2024-03-19;3.6;15;0.6;0;198;22;31;68
2024-03-20;2.8;15.8;0.7;0;132;17;16;75
2024-03-21;2;15.1;1.6;0;101;17;10;65
2024-03-22;2.8;17.8;0.6;0;261;69;21;42
2024-03-23;2.6;17.5;0.6;0;189;43;22;42
2024-03-24;1.8;15.2;0.9;0.4;148;15;11;52
2024-03-25;1.4;13.8;2.1;8;35;38;6;59
2024-03-26;2;13.7;5.4;0;188;11;9;60
2024-03-27;2;15.9;8.3;1.8;210;7;13;66
2024-03-28;2;18.3;6.3;2.2;191;26;8;59
2024-03-29;1.8;17.7;3.5;5.2;205;14;8;59
2024-03-30;2;13.6;1.9;0.4;208;15;4;66
2024-03-31;2;13.3;4;2.8;74;4;3;73
2024-04-01;2;15.1;5.4;0.4;258;3;5;78
2024-04-02;2;15.6;2.3;0;256;30;9;62
2024-04-03;1.4;19.9;2.2;0;312;34;14;45
2024-04-04;1.8;18.6;1.9;0;307;60;14;60
2024-04-05;2;17.6;0.5;0;277;43;13;61
2024-04-06;2;16;0.6;0;201;12;12;62.4154635490652
2024-04-07;2;18;0.7;0;134;13;13;64.1636672344044
2024-04-08;2.5;21.1;3.6;0;225;23;22;65.9118709197436
2024-04-09;2;17.4;2.8;0;329;24;15;67.6600746050828
2024-04-10;2;16.7;2.3;0;317;29;15;73
2024-04-11;2;17.1;1;0;327;34;9;72
2024-04-12;1.8;18.2;1.8;0;321;67;20;45
2024-04-13;2;20.2;1.6;0;327;55;17;57
2024-04-14;2;20.3;2.5;0;336;23;15;70
2024-04-15;2.2;20.5;0.9;0;282;76;30;67
2024-04-16;1.8;18;1.7;0;327;56;19;54
2024-04-17;2;16.4;2.4;0;323;38;13;60
2024-04-18;2;15.8;1.5;0;328;55;16;61
2024-04-19;2;15.7;3.8;2.8;289;32;9;70
2024-04-20;2;16.1;2.1;0;342;25;8;70
2024-04-21;2;15.7;3.3;0;335;14;6;71
2024-04-22;2;14.7;2.6;0;206;18;8;73
2024-04-23;2;14.2;4;0;320;29;15;83
2024-04-24;2;14.1;4.2;0;348;22;16;84
2024-04-25;2;15.1;1.7;2.4;287;33;12;70
2024-04-26;2;16.2;2.2;0;302;35;14;80
2024-04-27;2;17.5;2.2;0;229;20;12;73
2024-04-28;2;16.9;2.4;0;164;16;7;74
2024-04-29;2;15;0.7;8.4;59;40;6;77
2024-04-30;1.6;17.8;2.3;0;271;30;10;55
2024-05-01;2;17.2;6.3;0;232;6;7;78
2024-05-02;2;17.4;3.9;0;332;16;10;73
2024-05-03;2.4;18.1;3.2;0;312;28;14;68
2024-05-04;2;20.8;2.7;0;309;17;8;76
2024-05-05;2.2;22.4;2.2;0;272;32;11;72
2024-05-06;2;22.1;4;0;222;20;16;61
2024-05-07;2;18.6;2.7;0;302;32;9;57
2024-05-08;2;19;1.9;0;312;37;11;62
2024-05-09;2;19.4;4;0;302;39;13;61
2024-05-10;2;19.8;2.1;0;309;46;13;67
2024-05-11;2;19.7;1.1;0;255;25;9;77
2024-05-12;2;20;0.8;0;292;15;9;84
2024-05-13;2;20.6;0.9;0;262;33;11;83
2024-05-14;2;20.2;1.4;0;266;31;11;67
2024-05-15;2;18.6;0.8;0;299;30;7;64
2024-05-16;2.2;20.4;3.3;0;306;15;24;69
2024-05-17;2;20.8;4.4;0;253;33;13;65
2024-05-18;2;19.8;1.3;0;297;14;7;83
2024-05-19;2;19.9;2;0;282;18;6;80
2024-05-20;2;19.8;2.4;0;232;23;7;74
2024-05-21;2;20.3;1.9;0;274;19;10;66
2024-05-22;2;20;2.6;0;315;31;9;84
2024-05-23;2;19.8;1.2;0;268;27;9;78
2024-05-24;2;20.3;1.1;0;309;20;8;70
2024-05-25;2;20.1;1.7;0;292;12;7;72
2024-05-26;2;21.2;0.8;0;295;15;9;71
2024-05-27;2;21.6;1.5;0;232;17;8;73
2024-05-28;2;21;2.2;0;301;29;7;70
2024-05-29;2;22.2;2.6;1.2;317;33;8;62
2024-05-30;2;23.7;0.6;0;303;42;9;72
2024-05-31;2;20.1;2.3;1.2;125;34;6;77
2024-06-01;2;20.7;3.4;0;260;22;5;84
2024-06-02;2;21;3.2;0;313;16;17;76
2024-06-03;2;21.2;3.4;0;297;26;7;71
2024-06-04;2;22.3;2.5;0;273;40;7;60
2024-06-05;2;22.1;2.7;0;303;28;6;66
2024-06-06;2;24;0.5;0;271;31;7;73
2024-06-07;2;24.4;1.1;0;251;36;14;70
2024-06-08;2;23.8;2.8;2.4;271;16;14;82
2024-06-09;2;24.4;2.7;0.4;232;13;6;81
2024-06-10;1.6;22.1;1.3;3.6;244;32;7;59
2024-06-11;1.2;19.3;0.5;2.8;99;26;9;45
2024-06-12;1;19.1;0.9;12.4;101;26;11;41
2024-06-13;1.8;20.6;2.4;0;308;38;16;50
2024-06-14;2.2;23.9;2.8;0;310;38;25;61
2024-06-15;2;23.4;1.3;0;276;19;17;71
2024-06-16;2;23.2;1.2;0;307;9;13;69
2024-06-17;2;23.6;1.2;0;294;26;22;64
2024-06-18;2.4;24.2;1;0;279;32;32;65
2024-06-19;1.8;25.8;2.6;0;298;35;33;56
2024-06-20;2;25.5;3.1;0;331;15;37;68
2024-06-21;2;23.6;2.2;0;337;32;22;76
2024-06-22;2;24.4;3.3;0;318;15;14;79
2024-06-23;2;23.7;2.9;0;324;14;13;65
2024-06-24;1.8;23.1;2.8;1.2;262;19;11;60
2024-06-25;2;24;2.3;0;325;27;13;66
2024-06-26;2;24.7;1.1;0;285;29;16;75
2024-06-27;2;24.4;1.6;0;283;20;22;74
2024-06-28;2;24.7;1.2;0.8;232;22;21;78
2024-06-29;2.2;26.1;4.8;0;324;8;44;77
2024-06-30;2;26.6;1.4;0;322;10;20;74
2024-07-01;2;23.6;1.8;8.8;248;25;13;85
2024-07-02;2;24;1.8;0;330;34;17;63
2024-07-03;2;25.7;1.9;0;334;36;24;65
2024-07-04;2;25.2;0.9;0;333;33;19;69
2024-07-05;2;25.5;1;0;314;31;21;62
2024-07-06;2;25.1;2.3;0;303;12;13;64
2024-07-07;2;24.4;1.7;0;248;10;10;62
2024-07-08;2;25;2.1;0;266;29;13;66
2024-07-09;2;25.5;1.5;0;303;26;15;55
2024-07-10;2.2;27.1;1;0;326;31;19;64
2024-07-11;3;26.7;1.4;0;318;18;16;63.7033702175071
2024-07-12;2.5;26.9;1.1;0;314;23;18;64.7725572779159
2024-07-13;2.2;25.8;1.6;1.6;164;14;13;67
2024-07-14;2.2;27;2.4;0;315;11;14;65.3464365043263
2024-07-15;3;27.6;2.1;0;328;26;22;64.8511286703277
2024-07-16;2.6;27.1;1.3;0;315;17;18;64.3558208363291
2024-07-17;2.2;26.9;1.5;0;267;17;14;66
2024-07-18;2;26.9;1.1;0;286;27;19;60
2024-07-19;2.2;28.6;0.9;0;310;31;25;59
2024-07-20;2.2;28.9;1.2;0;318;26;26;49
2024-07-21;2.2;27.9;2;0;322;14;17;57
2024-07-22;2;26.1;1.6;0;321;26;16;50
2024-07-23;2;27.9;2;0;328;35;24;55
2024-07-24;2;28.2;2.1;0;317;22;15;55
2024-07-25;2;26.7;1.6;0;218;19;10;56.2444563430879
2024-07-26;2;27.4;0.9;0;298;26;13;59
2024-07-27;2;27.5;0.7;0;321;17;13;57
2024-07-28;2;26.7;1.7;0;289;7;12;54
2024-07-29;2;28.5;0.7;0;292;29;21;48
2024-07-30;2.2;30.1;1;0;278;46;32;48
2024-07-31;2.2;29.5;1.1;1.2;322;42;34;59
2024-08-01;2;29.3;0.7;0;303;31;20;60
2024-08-02;2.6;28.2;1.5;0;297;18;28;59
2024-08-03;2;27.8;2.1;0;293;17;19;61
2024-08-04;2;28.1;1.5;0;282;9;13;61
2024-08-05;2;28.1;1.7;0;290;25;16;63
2024-08-06;2;28.3;1.6;0;294;19;15;63
2024-08-07;2;28.2;0.7;0;286;16;15;52
2024-08-08;2;28.3;0.4;0;294;25;17;53
2024-08-09;1.6;28.8;0.4;0;296;39;17;54
2024-08-10;2;29.2;0.7;0;302;23;15;57
2024-08-11;2;28.8;0.8;0;300;12;13;64
2024-08-12;2;28.1;1.8;0;287;21;16;59
2024-08-13;2;27.9;1.8;0;235;13;16;54
2024-08-14;2;26.3;0.6;2.4;149;22;24;56
2024-08-15;2;25.8;1.2;0;304;11;11;53
2024-08-16;2;27;1.7;0;297;25;15;58
2024-08-17;2;27.7;2.8;0;293;18;16;61
2024-08-18;2;28.4;1.2;0;287;13;10;52
2024-08-19;2;27.2;1.5;0;275;20;20;45
2024-08-20;2;27.5;1.3;0;272;20;17;55
2024-08-21;2.2;27.4;2;0;247;19;18;55
2024-08-22;2.6;27.5;1;0;203;23;20;65
2024-08-23;2.6;27.7;1.1;0;221;17;19;71
2024-08-24;2.6;27.3;1.2;0;266;12;18;66
2024-08-25;2;26.6;2.1;0;189;6;12;51
2024-08-26;2;26.7;1.4;0;243;13;9;56
2024-08-27;2;27;1.7;0;265;20;10;56
2024-08-28;2;27;2.1;0;182;15;9;63
2024-08-29;2;26.9;1.1;0;211;22;9;61
2024-08-30;2;26.7;1.2;0;160;17;10;63
2024-08-31;2;26.9;0.8;0;217;10;9;61
2024-09-01;2;26.7;0.9;0.4;195;7;11;58
2024-09-02;2;26.3;0.6;0;110;20;11;58
2024-09-03;2;25.2;2.1;0;125;19;14;54.346532782066
2024-09-04;1.4;22.7;1.2;14.8;100;30;8;50
2024-09-05;1.2;23.1;2.6;1.2;180;31;9;50
2024-09-06;1.6;25.4;1.6;0;263;36;9;53
2024-09-07;2;26.5;2.3;0;227;18;13;53
2024-09-08;2;27;3.1;0.8;239;11;13;51
2024-09-09;2;25.2;2.2;0;272;30;17;54
2024-09-10;2;24.3;1.8;0;261;33;13;54
2024-09-11;2;24.3;0.9;0;186;25;11;55
2024-09-12;1.8;25.5;1.6;0;242;32;13;51
2024-09-13;1.6;22.3;2;0;203;26;12;47
2024-09-14;2;22.3592305924135;1.77952328054847;0;203.160762949713;16;9;53
2024-09-15;2;22.1565999192643;1.77883317078113;0.871728202043022;198.888322037974;11;7;56
2024-09-16;1.8;21.9539692461152;1.77814306101379;0.88000030195285;194.615881126235;40;14;52
2024-09-17;2;21.7513385729661;1.77745295124645;0.888272401862678;190.343440214495;31;11;53.7662002484862
2024-09-18;2;21.5487078998169;1.77676284147911;0.896544501772506;186.070999302756;23;7;54.3855893123866
2024-09-19;1.8;21.3460772266678;1.77607273171177;0.904816601682334;181.798558391017;27;7;53
2024-09-20;1.6;21.1434465535187;1.77538262194443;0;177.526117479278;41;10;60
2024-09-21;2;20.7;1.9;0;52;13;6;64
2024-09-22;2;23.1;1.2;0;184;11;9;53
2024-09-23;2;23.2;0.8;0;196;30;16;50
2024-09-24;2.2;23.7;2.9;0;165;23;25;48
2024-09-25;1.8;25.4;3.9;0;202;18;15;48
2024-09-26;1.2;28.1;6.8;0;237;13;27;40
2024-09-27;2;24.9;4.1;0;209;13;13;54
2024-09-28;2;20.5;2.6;0;238;22;7;52
2024-09-29;1.8;20.4;2.5;0;229;13;5;48
2024-09-30;1.2;21.8;1.4;0;231;40;7;44
2024-10-01;1.25;21.7;1.6;0;183;32;7;40
2024-10-02;1.6;26.5;3.4;0;182;44;22;39
2024-10-03;1.8;22.6;3.2;0;231;25;10;52
2024-10-04;1.4;20.2;2;0;223;44;14;50
2024-10-05;2;21;2;0;208;22;9;55
2024-10-06;2;26.9;3.2;0;200;24;24;32
2024-10-07;1.8;24.9;2.3;2.4;145;49;19;38
2024-10-08;1.4;22.4;4.7;0;102;21;12;45
2024-10-09;2;24.4;6.8;2.4;136;6;30;54
2024-10-10;2;22.5;3.9;0;190;16;9;51
2024-10-11;1.8;20.8;2.2;0;181;39;11;53
2024-10-12;1.6;21.6;0.8;0.4;140;26;12;43
2024-10-13;1.8;22.6;1;0;184;15;8;50
2024-10-14;1.6;22.8;1.2;0;141;19;8;45
2024-10-15;1.6;21.5;2.8;14;108;34;11;49
2024-10-16;1.4;22.1;0.7;0.4;155;56;10;21
2024-10-17;1;20.7;5.1;0;176;15;12;44
2024-10-18;1.2;19.8;2.3;0;196;34;11;45
2024-10-19;1;20.4;1.8;0;163;20;8;38
2024-10-20;1;21.2;0.9;0;145;18;8;35
2024-10-21;1.4;20.6;0.8;0;136;37;8;42
2024-10-22;1.8;19.7;3.9;7.2;146;25;7;47
2024-10-23;1.2;18.4;4.1;1.6;51;16;5;37
2024-10-24;1.2;19.7;0.7;0;148;50;9;30
2024-10-25;1.6;18.5;1.1;6.8;83;48;11;25
2024-10-26;1.2;16.8;3.2;14;169;10;5;43
2024-10-27;1;13.8;1.3;14.4;48;11;4;41
2024-10-28;1;17.7;3;6;119;31;5;44
2024-10-29;2.4;20.1;11.2;12.2;17;7;4;41.5974288182613
2024-10-30;2.5;21.3;1.9;2.6;117;11;9;40.8798743996049
2024-10-31;2.4;20;2.2;0;136;12;13;37
2024-11-01;1.4;19.2;1.6;0;120;7;7;48
2024-11-02;1;18.6;1.5;0;126;15;9;40
2024-11-03;1.4;17.9;3.5;16.8;47;8;6;45
2024-11-04;1.4;19;1.1;0;84;17;6;36
2024-11-05;2;20.3;0.7;0;134;39;14;27
2024-11-06;2;19.9;0.6;0;119;19;10;30
2024-11-07;1.4;18.4;1.5;0;97;23;8;35
2024-11-08;1.4;17.8;1.1;0;107;54;17;21
2024-11-09;1.8;18.5;1;0;119;35;17;17
2024-11-10;1;18.2;1.8;0;145;24;18;24
2024-11-11;1.2;16.9;1.7;0;144;59;19;13
2024-11-12;1.2;15.5;3.5;0;111;31;26;29
2024-11-13;1;13.6;4.5;15.6;19;18;5;45
2024-11-14;1.8;17.3;5.2;0.8;100;7;6;52
2024-11-15;1.4;16.8;2.1;0;68;30;9;41
2024-11-16;1.4;16.2;0.7;0;43;31;10;32
2024-11-17;1.6;16.1;1.3;0;125;28;15;17
2024-11-18;2.2;17.2;1.1;0;115;71;25;11
2024-11-19;2;18.9;2.4;0;121;49;32;17
2024-11-20;1.8;19.2;5.1;0;127;14;42;35
2024-11-21;1.8;17.6;7.2;0;29;17;51;39
2024-11-22;1.2;17.7;4.7;0;83;40;25;49
2024-11-23;1;16.9;0.9;0;72;18;9;40
2024-11-24;1.4;17;0.5;0;79;20;8;32
2024-11-25;2.6;17.2;0.8;0;52;67;10;15
2024-11-26;1.4;16.1;1.2;0;92;67;30;25
2024-11-27;2.2;15.8;0.8;0;121;77;20;20
2024-11-28;2.8;15.4;1.5;0;122;65;19;21
2024-11-29;3.2;16.6;1.2;0;120;84;18.3208864558193;12
2024-11-30;3.2;16;0.7;0;98;48;17.7108216641497;16
2024-12-01;3.2;15.1;1;0;98;39;17.1007568724802;16
2024-12-02;3.6;17;0.4;0;102;149;16.4906920808106;6
2024-12-03;2.4;17.4;0.5;0;102;38;15.880627289141;19
2024-12-04;1.6;15.1;1.2;2.4;70;51;16;20
2024-12-05;2;14.9;1.3;0;119;94;18;14
2024-12-06;1;19.4;3.5;0;128;24;11;25
2024-12-07;1;18.2;4.1;0;95;18;10;29
2024-12-08;1.8;13.4;5.5;0;98;7;8;54
2024-12-09;1;12.1;4.6;0;96;16;8;40
2024-12-10;1.2;11.5;1.3;3.6;113;51;11;33
2024-12-11;1;10.6;2.7;0;50;21;9;25
2024-12-12;1.2;11.8;1.1;0;51;45;10;22
2024-12-13;2;12.5;1.1;0;115;61;14;16
2024-12-14;1.4;12.2;2.1;0;107;49;12;27
2024-12-15;1.2;12.3;2.9;0;120;42;10;30
2024-12-16;1.4;11;2.3;0;120;74;11;21
2024-12-17;2.2;10.9;2.2;0;96;93;14;17
2024-12-18;2.25;15.9;2.4;0;93;122;14.1874435592102;10
2024-12-19;2.2;17.8;6;0;49;22;14.9836423080504;42
2024-12-20;1.4;13;2.7;0;122;70;15.7798410568905;32
2024-12-21;1.6;11.2;1.6;0;119;44;16.5760398057306;28
2024-12-22;1.2;14.3;3.1;0;114;22;17.3722385545708;30
2024-12-23;2;14.7;8.8;0;101;16;18.1684373034109;57
2024-12-24;1.75;13.7;1.6;0;119;71;18.964636052251;23
2024-12-25;1.6;14.5;2.2;0;107;25;19.7608348010911;38
2024-12-26;2.6;13.2;0.8;0;70;81;20.5570335499313;14
2024-12-27;2.4;11.7;1.7;0;47;94;26;20
2024-12-28;2;11.9;2.1;0;108;34;21;24
2024-12-29;2.2;10.9;1.6;0;118;54;19;21
2024-12-30;2.4;10.9;2;0;121;77;23;18
2024-12-31;1.8;10.3;2;8.4;28;31;20;28
2025-01-01;1.8;11.1;1.6;2.8;50;23;23;26
2025-01-02;1.4;11.7;3.1;0;119;53;14;17
2025-01-03;1.2;14;3.3;0;86;37;10;30
2025-01-04;1.2;14.6;3.2;0;103;33;12;39
2025-01-05;1.8;14.1;6;0;84;15;15;45
2025-01-06;1.6;14.8;4;0;52;13;8;52
2025-01-07;1;12.8;5;0;120;19;6;43
2025-01-08;1.4;15.3;6.3;0;106;18;6;45
2025-01-09;1;17.2;6;0;115;16;6;42
2025-01-10;1;16.2;5.2;0;105;13;6;37
2025-01-11;1.4;18.4;5.2;0;92;11;5;48
2025-01-12;1.8;15.2;6.3;0;132;16;5;61
2025-01-13;1.2;10.1;1.8;0;133;35;10;36
2025-01-14;1.8;8.6;2.7;0;136;56;14;28
2025-01-15;2.6;8.4;1.5;0;135;80;27;18
2025-01-16;1.8;8.7;4.8;15.6;115;30;15;34
2025-01-17;1;10;6.4;4.8;22;20;11;35
2025-01-18;1.8;10.7;3.5;0;136;55;16;26
2025-01-19;1.8;9.7;2.1;0;136;29;17;27
2025-01-20;2.2;11.6;1.8;0;75;72;20;23
2025-01-21;2.6;13.5;0.9;0.8;56;124;27;9
2025-01-22;2.2;16.3;1.8;0;118;98;21;17
2025-01-23;1;17.6;4;0;120;26;7;36
2025-01-24;1.2;17.2;3.8;0;142;31;11;29
2025-01-25;1.4;15.7;5.1;0;60;11;7;48
2025-01-26;1.4;15.3;4.2;0;101;13;7;45
2025-01-27;1.4;20.2;9.7;1.8;111;13;5;45
2025-01-28;2;14.1;11;2.2;134;9;5;61
2025-01-29;1.4;13.1;5.1;1.6;42;22;8;42
2025-01-30;1.8;13.7;4.4;0;113;20;5;48
2025-01-31;1.4;13.3;2.6;0;144;37;7;46
2025-02-01;1;10.2;1.9;3.2;121;19;11;35
2025-02-02;1;10.2;2.4;0;159;25;10;37
2025-02-03;1.2;10.8;2.4;0;155;63;13;20
2025-02-04;1.6;12.2;2.3;0;162;64;16;24
2025-02-05;2;11.9;2.2;0;165;75;18;22
2025-02-06;2.2;11;2.2;0;163;73;22;23
2025-02-07;2.4;11.7;2.6;0;154;58;25;32
2025-02-08;1;13.8;3.3;0;171;28;9;42
2025-02-09;1.4;12.4;1.9;0;168;24;12;30
2025-02-10;1.6;12.1;1.8;0;101;49;13;36
2025-02-11;1.4;13.7;1.5;0;171;54;12;34
2025-02-12;2.2;14;1.5;0.8;89;43;19;34
2025-02-13;1;14.1;2.2;0;167;49;9;27
2025-02-14;1.6;15.6;1.7;0;177;68;15;24
2025-02-15;2.2;14;1;0;112;25;18;35
2025-02-16;2.6;14.3;1;0;171;22;24;37
2025-02-17;3.2;14.7;1.2;0;167;39;35;40
2025-02-18;2.6;14.4;1;1.2;111;29;25;53
2025-02-19;2.8;14.9;0.6;0;140;49;30;42
2025-02-20;2.4;14.6;1.4;0;135;35;27;49
2025-02-21;2;15.1;1.3;0;80;35;23;53
2025-02-22;2.2;14;1.3;2;73;18;28;39
2025-02-23;1.4;14.5;1.2;5.2;113;24;19;39
2025-02-24;1.2;15.5;3;0;149;40;10;30
2025-02-25;1.4;16.1;4;0;52;20;7;44
2025-02-26;1.4;12.9;3.4;0;207;32;7;41
2025-02-27;1.4;12.8;1.7;0;127;50;12;28
2025-02-28;1.8;12.5;1.8;0;104;26;13;52
2025-03-01;2;12.4;5.3;2.8;75;7;13;61
2025-03-02;2.2;11.6;7.5;7.2;63;5;16;61
2025-03-03;2.25;12.062469215413;4;7.2;35;23;12;65
2025-03-04;2.5;12.4153586053169;9.3;3.2;27;6;18;67
2025-03-05;2.4;12.7682479952209;7.3;15.6;8;7;16;73
2025-03-06;2.4;13.1211373851248;6.9;0.8;65;6;21;70
2025-03-07;1.6;13.4740267750288;1.5;0;70;25;22;44
2025-03-08;2.4;13.8269161649327;3.5;0.4;80;24;20;57
2025-03-09;2;14.1798055548367;3.9;0;185;11;14;59
2025-03-10;1.4;14.5326949447406;2.1;0.4;167;29;8;45
2025-03-11;1.6;14.9;3.5;1.6;156;29;6;52
2025-03-12;1.8;15.4;4.5;0;210;16;7;51
2025-03-13;1.2;12.7;2.2;4.4;57;39;13;37
2025-03-14;1.4;9.8;2;9.6;40;24;18;37
2025-03-15;2;11.2;2.3;0;196;28;60;46
2025-03-16;2.4;12.1;0.9;0.4;122;28;111;32
2025-03-17;1.6;9.9;1.2;0.4;29;19;41;39
2025-03-18;2;11;3.5;22.4;22;11;22;53
2025-03-19;3;13.8;3.8;18.8;116;8;103;63
2025-03-20;3;14.8;6;0.4;102;6;30;68
2025-03-21;2;16.5;3.8;0.4;148;23;21;43
2025-03-22;2;14.8;5.7;0;184;7;13;58
2025-03-23;2;13.8;4.3;0;242;5;6;53
2025-03-24;1.4;14.2;2.4;0;217;13;12;45
2025-03-25;1;14.4;1.1;0;218;39;14;36
2025-03-26;1.2;15;2.1;0;253;32;13;41
2025-03-27;1.4;13.9;2.9;0;262;28;18;40
2025-03-28;1.8;15.2;2.2;0;266;29;21;40
2025-03-29;1.8;16.4;7.2;0;247;4;27;42.651179999398
2025-03-30;1.8;14.6;3;0;281;12;8;44.376617978948
2025-03-31;2.2;17.2;2.8;0;281;41;25;39
2025-04-01;1.8;15.7;2.6;0;269;28;19;59
2025-04-02;1.8;15.6;2.4;0;189;19;16;68
2025-04-03;2.4;14.9;5.6;0;87;7;12;83
2025-04-04;2.2;15.7;3.5;3.6;174;11;14;74
2025-04-05;1.8;18.1;3;0;270;9;8;52
2025-04-06;1.6;18.9;2.6;0;268;8;7;45
2025-04-07;2;19;1.9;0;282;27;17;57
2025-04-08;2.6;17.2;0.7;0;276;18;21;64
2025-04-09;3;16.8;1.9;0;283;24;24;61
2025-04-10;2.4;16.3;1.7;0;168;15;17;66
2025-04-11;2.4;15.7;3.4;0;170;8;17;65
2025-04-12;3;15.6;1.3;0.4;95;17;25;44
2025-04-13;3.6;17.6;0.8;0;191;14;29;52
2025-04-14;2.8;17.9;1.8;0;165;21;24;60
2025-04-15;2;16.6;5.7;0;230;6;28;69
2025-04-16;2;15.5;5.6;0;298;7;21;68
2025-04-17;2;18.2;3.2;0;305;12;16;65.7832465981204
2025-04-18;1.25;18.4;3.6;0;291;10;11;64.942659419869
2025-04-19;2;17.3;6.6;0;259;4;32;64.1020722416176
2025-04-20;2;16;3.4;0;301;5;6;63.2614850633662
2025-04-21;2;17;3.4;0;270;5;8;62.4208978851149
2025-04-22;2;15.7;1.5;9.2;134;29;14;61.5803107068635
2025-04-23;2;16.9;3.1;0;297;23;13;60.7397235286121
2025-04-24;2;18.2;2.6;0;312;26;13;59.8991363503607
2025-04-25;2.5;18.2;1.1;0;288;29;18;59.0585491721094
2025-04-26;2;19;1.2;0;268;12;12;53
2025-04-27;2;18.1;3.7;0;325;7;4;67
2025-04-28;2;16.9;3.09777278524801;0;153;11.8202027529326;10.9339175219379;67.1554122267823
2025-04-29;2;17;2.1;0;237;12;10;69
2025-04-30;2;17.2;6.1;0;200;7;11;74
2025-05-01;2.2;17.9;4.3;0;213;3;13;80
2025-05-02;3;18.1;4.2;0;125;6;16;83
2025-05-03;3;20.2;2.1;0;294;14;20;68
2025-05-04;2;21.7;6.2;0;310;4;20;69
2025-05-05;2;20.6;2.8;0;194;19;11;58
2025-05-06;2;17.5;3.3;0;294;16;10;72
2025-05-07;2;16.9;2;0;150;17;9;67
2025-05-08;2;16.3;1.8;18.4;162;30;11;63
2025-05-09;2;18;1.6;0;265;24;14;63
2025-05-10;2;18.1;2.7;0;171;9;11;65
2025-05-11;2;20.3;2.2;0;301;5;10;57
2025-05-12;2;18.8;4.2;0;330;15;11;59
2025-05-13;2;18.8;1.2;0;247;17;12;68
2025-05-14;2;18.7;2;0;183;7;11;65
2025-05-15;1.4;19.7;1.4;0;264;26;16;48
2025-05-16;2;20.8;3.4;0;339;21;25;68
2025-05-17;2;20.1;2.3;0;248;11;24;73
2025-05-18;2.2;20.8;1.8;0;320;9;27;78
2025-05-19;2.2;23.2;3.5;0;319;17;47;62
2025-05-20;2.2;22.2;3.1;2;347;19;23;76
2025-05-21;2;21.6;3.9;0;333;18;25;69.4059443905014
2025-05-22;2;20.8;2.6;0;295;16;21;67.1229268020915
2025-05-23;2;19.1;3;0;297;14;21;64.8399092136816
2025-05-24;2;20.5;1.9;0;338;11;19;62.5568916252716
2025-05-25;2;21.9;2.1;0;335;12;22;60.2738740368617
2025-05-26;2;21.6;1.6;0;313;13;29;57.9908564484518
2025-05-27;2;22.2;1;0;326;18;23;55.7078388600419
2025-05-28;2;22.8;1.6;0;329;22;27;47
2025-05-29;2;24;1.2;0;332;33;30;60
2025-05-30;2;23.8;1.9;0;316;20;30;68
2025-05-31;2;24.8;1.6;0;296;15;26;70
2025-06-01;2;25.3;2.8;0;297;10;26;74
2025-06-02;2;24.4;3.2;0;275;10;27;76
2025-06-03;2;22.3;1.9;7.2;238;20;31;61
2025-06-04;2.2;23.6;3;0;301;21;33;64
2025-06-05;3;23.8;0.9;0;301;25;44;76
2025-06-06;2.6;23.8;1.1;0;312;18;40;71
2025-06-07;2.4;24;1.3;0;331;13;35;72
2025-06-08;2.4;24.4;1.3;0;297;5;35;61
2025-06-09;2.2;24.2;1.7;0;226;18;38;53
2025-06-10;2.2;25.4;1.9;0;270;28;30;62
2025-06-11;2.6;26.4;1.2;0;217;38;40;55
2025-06-12;2.8;25.6;0.8;0;312;22;42;67
2025-06-13;3.4;25.5;1;0;233;11;55;75
2025-06-14;4;26.5;1;0;269;11;50;74
2025-06-15;3;26.3;1.5;0;278;4;47;68
2025-06-16;2.5;25.6;1.2;0;272;15;46;57
2025-06-17;2.6;26.4;1.7;0.8;280;18;50;55
2025-06-18;2.2;26.2;1.2;0;252;16;38;66
2025-06-19;2;26.3;1.4;2;271;21;36;66
2025-06-20;2.4;27.6;2.2;0;319;20;41;68
2025-06-21;2;27.5;1.4;0;281;15;37;68
2025-06-22;2.2;27.7;2.4;0;305;10;35;75
2025-06-23;2;27.8;2.4;0;317;17;36;67
2025-06-24;2;28.4;1.7;0;327;19;30;62
2025-06-25;2;27.8;1.6;0;305;26;36;61
2025-06-26;2.2;28;1;0;324;22;42;61
2025-06-27;2.2;27.6;2.7;0;321;19;44;66
2025-06-28;2;29.5;1.7;0;318;18;36;52
2025-06-29;2;30.8;0.7;0;319;16;32;64
2025-06-30;2;30.2;2.1;0;326;25;34;56
2025-07-01;2;29.8;1.9;0;305;33;32;49
2025-07-02;2;29.7;2.1;0;287;23;35;66
2025-07-03;2;29.3;2.1;0;305;16;26;67.8378237724506
2025-07-04;2;29.4;1.4;0;313;18;32;72.1879832000406
2025-07-05;2;29.1;2.5;1.2;306;9;33;76.5381426276305
2025-07-06;2;28.8;3.1;1.6;323;7;21;86
2025-07-07;2;28.4;2.5;0;312;11;29;78.3339190739316
2025-07-08;2.25;26.5;1.9;0.4;202;10;41;75.7795360926427
2025-07-09;2.5;27;4.9;0.8;266;11;54;73.2251531113538
2025-07-10;2.25;27.8;2.4;0;281;9;43;70.6707701300649
2025-07-11;2.25;27.7;3.2;0;309;12;42;68.116387148776
2025-07-12;2;25.5;2.7;6.8;243;6;26;65.5620041674871
2025-07-13;2;26.4;2.1;0;324;9;25;63.0076211861981
2025-07-14;2;27.5;1;0;279;11;30;60.4532382049092
2025-07-15;2;27.9;0.8;0;314;19;28;57
2025-07-16;2;28.7;2.1;0;322;21;30;54
2025-07-17;2.2;29;2.9;0;310;23;41;60
2025-07-18;2.4;28.2;1.7;0;253;14;51;60
2025-07-19;2.2;28.8;1.6;0;316;9;43;61
2025-07-20;2;30.7;3.2;0;325;9;31;46
2025-07-21;2;29;1.8;0;319;12;32;60
2025-07-22;2;27.4;2.9;0;309;9;38;57
2025-07-23;2;27.4;2;0;211;11;34;62
2025-07-24;1.4;22.5;3.5;5.6;34;8;25;44
2025-07-25;2;23.9;2.7;0;306;13;19;54
2025-07-26;2;25.6;1.9;0;317;13;24;61
2025-07-27;2;26.7;2.1;0;313;7;20;71
2025-07-28;1.6;26.6;2.3;0;311;18;30;51
2025-07-29;2;24.9;3.2;1.2;225;10;26;60
2025-07-30;2;25.9;3.3;0;304;12;30;71
2025-07-31;2;25.7;2.7;0;304;14;23;75
2025-08-01;2;26.1;2.2;0.8;251;14;27;58
2025-08-02;2;26.6;1.4;0;296;10;23;62
2025-08-03;2;26.6;1.7;0;243;8;22;61
2025-08-04;2;26.7;3;0;287;9;30;64
2025-08-05;2;27.6;1.3;0;275;15;28;63
2025-08-06;2;27.1;2.6;0;279;13;27;62
2025-08-07;2;27.4;1.6;0;295;11;32;74
2025-08-08;2;27.7;1.3;0;290;16;29;62
2025-08-09;2;28.2;1;0;291;9;26;69
2025-08-10;2;29.2;1.1;0;295;12;27;59
2025-08-11;3;32.8;2.4;0;284;30;49;65
2025-08-12;2.2;29.5;1.1;0;278;9;33;77
2025-08-13;2.2;29.2;1.1;0;258;23;35;56
2025-08-14;2;28.4;0.9;0;261;22;30;57
2025-08-15;2;29.3;1.6;0;292;14;29;47
2025-08-16;2.2;30.5;2.2;0;259;18;32;60
2025-08-17;2.8;32.7;1.6;0;220;24;38;59
2025-08-18;3;30.2;2.9;0;220;20;48;60.9405985694289
2025-08-19;2.2;28.4;2.5;2;228;9;32;69
2025-08-20;2;27.1;1.9;0;224;17;32;55
2025-08-21;2;26.7;3.2;0;262;12;27;44
2025-08-22;2;26.2;2;0;197;12;20;54
2025-08-23;2;26.6;2.3;0;233;8;20;56
2025-08-24;2;27;2.3;0;269;7;24;60
2025-08-25;2;27.9;1.2;0;206;9;26;58
2025-08-26;2;28;1.1;0;230;18;32;56
2025-08-27;2;27.6;1.2;0;224;13;33;66
2025-08-28;2.25;27.9;1.9;0;268;18;43;67
2025-08-29;2;27.9;2.8;0;256;10;38;54
2025-08-30;2;26.7;3.1;0;270;11;24;66
2025-08-31;2;28;1.8;0;267;9;26;70
