Fecha;Estacion;Anio;PM10;PM2.5;NO2;O3;SO2
2015-01-01;Pista Silla;2015;15;12;43;24;4
2015-01-01;Politecnico;2015;18;15;46;28;3
2015-01-01;Moli del Sol;2015;18;17;18;29;3
2015-01-01;Avda. Francia;2015;10;9;39;30;3
2015-01-01;Viveros;2015;29;19;26;21;4
2015-01-02;Avda. Francia;2015;NA;NA;59;17;5
2015-01-02;Pista Silla;2015;NA;NA;72;9;6
2015-01-02;Politecnico;2015;18;14;72;20;4
2015-01-02;Moli del Sol;2015;18;16;38;14;4
2015-01-02;Viveros;2015;31;22;40;11;4
2015-01-03;Pista Silla;2015;NA;NA;66;12;5
2015-01-03;Politecnico;2015;16;12;73;17;3
2015-01-03;Avda. Francia;2015;10;8;58;14;3
2015-01-03;Moli del Sol;2015;19;16;34;13;3
2015-01-03;Viveros;2015;31;22;39;8;4
2015-01-04;Avda. Francia;2015;10;8;45;22;3
2015-01-04;Viveros;2015;26;19;27;17;5
2015-01-04;Moli del Sol;2015;15;14;23;26;3
2015-01-04;Pista Silla;2015;NA;NA;51;20;4
2015-01-04;Politecnico;2015;15;13;50;28;4
2015-01-05;Viveros;2015;29;22;30;12;5
2015-01-05;Moli del Sol;2015;23;21;31;17;3
2015-01-05;Politecnico;2015;20;18;58;24;3
2015-01-05;Avda. Francia;2015;11;10;44;21;3
2015-01-05;Pista Silla;2015;NA;NA;NA;NA;NA
2015-01-06;Politecnico;2015;27;26;45;28;3
2015-01-06;Pista Silla;2015;NA;NA;NA;NA;NA
2015-01-06;Avda. Francia;2015;15;13;39;20;4
2015-01-06;Viveros;2015;34;30;21;18;3
2015-01-06;Moli del Sol;2015;30;29;21;21;3
2015-01-07;Avda. Francia;2015;14;13;52;14;3
2015-01-07;Pista Silla;2015;37;22;74;8;6
2015-01-07;Moli del Sol;2015;29;27;33;16;3
2015-01-07;Politecnico;2015;26;23;53;22;3
2015-01-07;Viveros;2015;35;30;32;9;5
2015-01-08;Avda. Francia;2015;17;15;49;14;4
2015-01-08;Moli del Sol;2015;32;30;33;15;3
2015-01-08;Viveros;2015;38;34;34;8;4
2015-01-08;Politecnico;2015;32;28;60;18;4
2015-01-08;Pista Silla;2015;36;26;61;11;6
2015-01-09;Moli del Sol;2015;27;23;43;11;5
2015-01-09;Viveros;2015;NA;NA;44;7;5
2015-01-09;Pista Silla;2015;36;20;76;9;8
2015-01-09;Politecnico;2015;27;20;81;16;5
2015-01-09;Avda. Francia;2015;13;12;60;13;4
2015-01-10;Viveros;2015;36;25;42;8;5
2015-01-10;Moli del Sol;2015;19;17;32;14;3
2015-01-10;Avda. Francia;2015;10;9;59;16;3
2015-01-10;Pista Silla;2015;27;12;67;13;6
2015-01-10;Politecnico;2015;17;12;71;17;4
2015-01-11;Pista Silla;2015;20;9;56;21;7
2015-01-11;Moli del Sol;2015;16;14;27;21;4
2015-01-11;Viveros;2015;26;21;28;18;5
2015-01-11;Politecnico;2015;16;12;55;16;4
2015-01-11;Avda. Francia;2015;9;8;54;19;4
2015-01-12;Pista Silla;2015;23;13;60;14;5
2015-01-12;Viveros;2015;37;25;32;11;5
2015-01-12;Moli del Sol;2015;16;15;33;20;3
2015-01-12;Avda. Francia;2015;9;8;54;18;3
2015-01-12;Politecnico;2015;19;14;63;NA;4
2015-01-13;Moli del Sol;2015;26;23;43;17;3
2015-01-13;Viveros;2015;47;38;32;11;5
2015-01-13;Pista Silla;2015;30;19;61;14;4
2015-01-13;Avda. Francia;2015;12;10;53;17;4
2015-01-13;Politecnico;2015;27;21;65;NA;4
2015-01-14;Viveros;2015;34;26;31;15;4
2015-01-14;Avda. Francia;2015;10;9;45;25;3
2015-01-14;Pista Silla;2015;32;15;54;20;4
2015-01-14;Politecnico;2015;21;16;58;NA;3
2015-01-14;Moli del Sol;2015;23;20;45;17;3
2015-01-15;Pista Silla;2015;45;17;60;20;5
2015-01-15;Moli del Sol;2015;24;18;47;18;4
2015-01-15;Viveros;2015;42;37;37;13;7
2015-01-15;Politecnico;2015;23;15;64;33;4
2015-01-15;Avda. Francia;2015;11;9;54;23;4
2015-01-16;Politecnico;2015;11;6;33;55;3
2015-01-16;Moli del Sol;2015;18;8;20;48;3
2015-01-16;Pista Silla;2015;33;8;39;46;5
2015-01-16;Viveros;2015;32;29;20;38;4
2015-01-16;Avda. Francia;2015;6;5;37;39;3
2015-01-17;Politecnico;2015;8;6;26;58;3
2015-01-17;Viveros;2015;19;13;20;37;5
2015-01-17;Pista Silla;2015;17;7;39;43;5
2015-01-17;Avda. Francia;2015;6;5;27;47;3
2015-01-17;Moli del Sol;2015;10;8;23;43;3
2015-01-18;Viveros;2015;21;13;20;34;4
2015-01-18;Moli del Sol;2015;12;11;23;34;3
2015-01-18;Pista Silla;2015;12;8;37;37;6
2015-01-18;Politecnico;2015;9;8;31;49;3
2015-01-18;Avda. Francia;2015;7;6;34;38;4
2015-01-19;Moli del Sol;2015;9;8;31;16;4
2015-01-19;Avda. Francia;2015;7;6;42;19;3
2015-01-19;Viveros;2015;13;NA;23;17;4
2015-01-19;Pista Silla;2015;8;6;48;18;6
2015-01-19;Politecnico;2015;7;6;40;32;3
2015-01-20;Avda. Francia;2015;7;6;50;23;5
2015-01-20;Pista Silla;2015;33;10;53;21;4
2015-01-20;Viveros;2015;24;16;35;16;4
2015-01-20;Politecnico;2015;12;7;61;28;4
2015-01-20;Moli del Sol;2015;11;9;38;19;3
2015-01-21;Moli del Sol;2015;11;9;24;31;3
2015-01-21;Pista Silla;2015;34;9;35;31;5
2015-01-21;Avda. Francia;2015;7;6;39;28;4
2015-01-21;Viveros;2015;20;18;23;25;4
2015-01-21;Politecnico;2015;9;7;35;37;3
2015-01-22;Pista Silla;2015;24;6;42;35;4
2015-01-22;Viveros;2015;11;7;20;38;4
2015-01-22;Politecnico;2015;4;3;22;55;3
2015-01-22;Moli del Sol;2015;6;5;24;40;3
2015-01-22;Avda. Francia;2015;5;5;34;43;3
2015-01-23;Avda. Francia;2015;5;4;35;48;3
2015-01-23;Politecnico;2015;4;3;19;65;3
2015-01-23;Moli del Sol;2015;5;3;14;60;4
2015-01-23;Pista Silla;2015;20;5;42;43;5
2015-01-23;Viveros;2015;12;8;15;52;4
2015-01-24;Viveros;2015;15;12;20;39;4
2015-01-24;Pista Silla;2015;23;6;37;44;6
2015-01-24;Avda. Francia;2015;6;5;39;40;5
2015-01-24;Moli del Sol;2015;8;6;22;48;3
2015-01-24;Politecnico;2015;6;4;35;51;3
2015-01-25;Pista Silla;2015;16;5;42;59;4
2015-01-25;Viveros;2015;18;13;22;51;5
2015-01-25;Moli del Sol;2015;6;4;21;62;3
2015-01-25;Avda. Francia;2015;5;4;39;51;3
2015-01-25;Politecnico;2015;10;5;41;60;3
2015-01-26;Moli del Sol;2015;17;13;50;24;3
2015-01-26;Politecnico;2015;20;11;77;31;5
2015-01-26;Viveros;2015;29;23;40;18;4
2015-01-26;Pista Silla;2015;36;12;72;16;6
2015-01-26;Avda. Francia;2015;9;7;60;27;4
2015-01-27;Politecnico;2015;14;9;44;NA;4
2015-01-27;Viveros;2015;22;19;24;31;3
2015-01-27;Pista Silla;2015;61;16;46;23;5
2015-01-27;Moli del Sol;2015;14;10;24;42;3
2015-01-27;Avda. Francia;2015;9;7;40;36;5
2015-01-28;Avda. Francia;2015;8;7;47;36;6
2015-01-28;Viveros;2015;19;16;32;27;4
2015-01-28;Moli del Sol;2015;11;8;38;34;3
2015-01-28;Pista Silla;2015;48;16;59;21;4
2015-01-28;Politecnico;2015;10;7;51;NA;3
2015-01-29;Moli del Sol;2015;15;7;13;39;3
2015-01-29;Avda. Francia;2015;10;8;30;40;3
2015-01-29;Politecnico;2015;17;8;34;NA;3
2015-01-29;Pista Silla;2015;63;18;31;35;4
2015-01-29;Viveros;2015;38;41;21;30;4
2015-01-30;Moli del Sol;2015;41;7;4;56;3
2015-01-30;Politecnico;2015;19;4;9;61;3
2015-01-30;Avda. Francia;2015;13;8;11;49;3
2015-01-30;Pista Silla;2015;87;14;11;55;4
2015-01-30;Viveros;2015;70;88;7;49;4
2015-01-31;Moli del Sol;2015;2;2;4;67;3
2015-01-31;Avda. Francia;2015;12;10;16;56;4
2015-01-31;Viveros;2015;5;5;10;57;4
2015-01-31;Pista Silla;2015;13;4;20;64;3
2015-01-31;Politecnico;2015;2;2;12;70;3
2015-02-01;Moli del Sol;2015;2;1;4;73;3
2015-02-01;Avda. Francia;2015;12;10;16;63;3
2015-02-01;Pista Silla;2015;8;4;16;73;3
2015-02-01;Politecnico;2015;2;1;14;70;3
2015-02-01;Viveros;2015;7;6;8;62;4
2015-02-02;Moli del Sol;2015;5;3;4;50;5
2015-02-02;Viveros;2015;15;12;16;38;3
2015-02-02;Pista Silla;2015;24;9;24;50;3
2015-02-02;Politecnico;2015;6;5;28;49;3
2015-02-02;Avda. Francia;2015;19;16;27;45;3
2015-02-03;Viveros;2015;14;10;14;52;3
2015-02-03;Moli del Sol;2015;5;2;9;64;4
2015-02-03;Pista Silla;2015;NA;NA;22;61;5
2015-02-03;Politecnico;2015;4;2;22;63;3
2015-02-03;Avda. Francia;2015;12;10;23;56;3
2015-02-04;Pista Silla;2015;NA;NA;NA;NA;NA
2015-02-04;Moli del Sol;2015;3;2;11;65;3
2015-02-04;Avda. Francia;2015;15;13;24;60;5
2015-02-04;Viveros;2015;13;9;12;60;4
2015-02-04;Politecnico;2015;4;3;16;69;3
2015-02-05;Politecnico;2015;11;4;10;69;3
2015-02-05;Viveros;2015;26;24;10;60;3
2015-02-05;Avda. Francia;2015;19;15;21;60;3
2015-02-05;Moli del Sol;2015;9;4;8;67;4
2015-02-05;Pista Silla;2015;NA;NA;NA;NA;NA
2015-02-06;Politecnico;2015;7;4;33;53;3
2015-02-06;Viveros;2015;16;13;20;48;4
2015-02-06;Pista Silla;2015;NA;NA;40;43;3
2015-02-06;Moli del Sol;2015;5;3;19;57;3
2015-02-06;Avda. Francia;2015;17;14;36;48;3
2015-02-07;Avda. Francia;2015;29;25;48;22;3
2015-02-07;Pista Silla;2015;NA;NA;45;17;5
2015-02-07;Viveros;2015;22;19;28;16;4
2015-02-07;Moli del Sol;2015;12;11;35;18;3
2015-02-07;Politecnico;2015;16;13;52;23;3
2015-02-08;Politecnico;2015;13;10;27;48;3
2015-02-08;Moli del Sol;2015;8;7;15;48;3
2015-02-08;Avda. Francia;2015;22;19;33;42;3
2015-02-08;Pista Silla;2015;NA;NA;33;40;6
2015-02-08;Viveros;2015;16;12;17;36;3
2015-02-09;Moli del Sol;2015;11;10;33;37;3
2015-02-09;Avda. Francia;2015;13;12;34;50;3
2015-02-09;Viveros;2015;32;20;24;39;4
2015-02-09;Politecnico;2015;18;13;37;53;3
2015-02-09;Pista Silla;2015;NA;NA;47;38;6
2015-02-10;Moli del Sol;2015;10;8;36;47;3
2015-02-10;Viveros;2015;26;14;22;50;4
2015-02-10;Pista Silla;2015;NA;NA;58;37;4
2015-02-10;Politecnico;2015;16;11;35;70;3
2015-02-10;Avda. Francia;2015;12;10;32;61;3
2015-02-11;Pista Silla;2015;22;15;43;50;5
2015-02-11;Politecnico;2015;18;13;38;64;3
2015-02-11;Avda. Francia;2015;13;12;37;57;3
2015-02-11;Viveros;2015;30;14;19;48;4
2015-02-11;Moli del Sol;2015;11;10;33;47;3
2015-02-12;Moli del Sol;2015;13;12;42;21;4
2015-02-12;Politecnico;2015;21;17;63;37;3
2015-02-12;Pista Silla;2015;25;20;59;29;3
2015-02-12;Viveros;2015;NA;17;32;25;5
2015-02-12;Avda. Francia;2015;15;14;58;33;4
2015-02-13;Moli del Sol;2015;10;8;35;26;4
2015-02-13;Viveros;2015;31;22;34;17;4
2015-02-13;Politecnico;2015;15;11;61;33;3
2015-02-13;Avda. Francia;2015;12;10;46;33;4
2015-02-13;Pista Silla;2015;28;14;52;22;4
2015-02-14;Pista Silla;2015;16;8;26;54;4
2015-02-14;Avda. Francia;2015;10;8;29;49;3
2015-02-14;Politecnico;2015;7;6;26;61;3
2015-02-14;Viveros;2015;NA;12;17;45;4
2015-02-14;Moli del Sol;2015;5;4;11;61;3
2015-02-15;Moli del Sol;2015;3;2;13;54;3
2015-02-15;Pista Silla;2015;9;4;27;50;3
2015-02-15;Avda. Francia;2015;7;6;23;48;3
2015-02-15;Viveros;2015;9;7;16;41;3
2015-02-15;Politecnico;2015;3;3;23;59;3
2015-02-16;Pista Silla;2015;23;10;47;32;3
2015-02-16;Politecnico;2015;8;5;39;53;3
2015-02-16;Moli del Sol;2015;6;5;31;40;4
2015-02-16;Avda. Francia;2015;9;7;38;41;3
2015-02-16;Viveros;2015;NA;13;24;35;4
2015-02-17;Avda. Francia;2015;10;9;34;47;4
2015-02-17;Politecnico;2015;16;9;31;56;3
2015-02-17;Viveros;2015;NA;9;16;42;4
2015-02-17;Pista Silla;2015;13;8;32;49;3
2015-02-17;Moli del Sol;2015;5;5;21;49;3
2015-02-18;Viveros;2015;NA;13;20;42;4
2015-02-18;Avda. Francia;2015;11;10;26;56;3
2015-02-18;Moli del Sol;2015;8;7;34;37;3
2015-02-18;Politecnico;2015;29;11;32;59;3
2015-02-18;Pista Silla;2015;20;10;43;45;5
2015-02-19;Avda. Francia;2015;17;15;40;57;4
2015-02-19;Politecnico;2015;23;18;44;59;3
2015-02-19;Moli del Sol;2015;15;14;42;37;3
2015-02-19;Pista Silla;2015;27;20;54;47;7
2015-02-19;Viveros;2015;NA;21;25;46;5
2015-02-20;Pista Silla;2015;26;20;57;41;5
2015-02-20;Viveros;2015;29;28;27;42;4
2015-02-20;Politecnico;2015;28;19;45;53;3
2015-02-20;Moli del Sol;2015;15;14;32;51;3
2015-02-20;Avda. Francia;2015;18;16;36;58;NA
2015-02-21;Moli del Sol;2015;10;9;14;58;3
2015-02-21;Pista Silla;2015;24;12;28;59;3
2015-02-21;Avda. Francia;2015;16;12;26;54;NA
2015-02-21;Politecnico;2015;13;11;21;NA;3
2015-02-21;Viveros;2015;NA;19;13;54;4
2015-02-22;Avda. Francia;2015;8;5;17;72;NA
2015-02-22;Moli del Sol;2015;3;2;15;70;3
2015-02-22;Viveros;2015;18;14;14;66;3
2015-02-22;Politecnico;2015;4;2;14;NA;3
2015-02-22;Pista Silla;2015;12;4;29;73;5
2015-02-23;Politecnico;2015;7;4;32;NA;3
2015-02-23;Viveros;2015;NA;22;20;32;4
2015-02-23;Moli del Sol;2015;6;4;15;43;3
2015-02-23;Pista Silla;2015;19;7;26;45;5
2015-02-23;Avda. Francia;2015;14;7;24;40;NA
2015-02-24;Viveros;2015;19;NA;11;63;4
2015-02-24;Pista Silla;2015;11;4;26;70;5
2015-02-24;Moli del Sol;2015;4;2;7;73;3
2015-02-24;Avda. Francia;2015;11;5;25;59;3
2015-02-24;Politecnico;2015;4;2;16;NA;3
2015-02-25;Avda. Francia;2015;15;7;30;55;3
2015-02-25;Pista Silla;2015;16;5;34;62;10
2015-02-25;Viveros;2015;18;17;13;62;5
2015-02-25;Moli del Sol;2015;5;2;9;68;3
2015-02-25;Politecnico;2015;5;2;16;NA;3
2015-02-26;Politecnico;2015;6;3;31;NA;3
2015-02-26;Avda. Francia;2015;11;6;30;47;3
2015-02-26;Moli del Sol;2015;4;2;19;56;4
2015-02-26;Pista Silla;2015;12;4;34;55;6
2015-02-26;Viveros;2015;NA;NA;17;48;5
2015-02-27;Avda. Francia;2015;18;7;23;63;3
2015-02-27;Politecnico;2015;8;2;11;78;3
2015-02-27;Viveros;2015;NA;NA;10;65;5
2015-02-27;Moli del Sol;2015;13;3;12;69;4
2015-02-27;Pista Silla;2015;24;6;26;70;4
2015-02-28;Avda. Francia;2015;12;8;38;48;6
2015-02-28;Pista Silla;2015;18;10;54;46;5
2015-02-28;Moli del Sol;2015;6;5;44;55;3
2015-02-28;Viveros;2015;29;NA;24;49;4
2015-02-28;Politecnico;2015;9;6;42;61;3
2015-03-01;Pista Silla;2015;11;7;29;43;4
2015-03-01;Politecnico;2015;6;4;28;49;3
2015-03-01;Avda. Francia;2015;16;10;26;42;4
2015-03-01;Moli del Sol;2015;6;5;17;47;7
2015-03-01;Viveros;2015;15;13;17;37;4
2015-03-02;Moli del Sol;2015;7;4;24;37;3
2015-03-02;Politecnico;2015;9;5;36;36;3
2015-03-02;Pista Silla;2015;15;7;30;39;4
2015-03-02;Avda. Francia;2015;11;8;30;34;3
2015-03-02;Viveros;2015;21;20;20;28;3
2015-03-03;Pista Silla;2015;16;11;42;36;3
2015-03-03;Viveros;2015;22;11;18;38;4
2015-03-03;Moli del Sol;2015;9;7;46;34;3
2015-03-03;Avda. Francia;2015;14;10;30;42;4
2015-03-03;Politecnico;2015;12;9;31;49;3
2015-03-04;Politecnico;2015;26;17;31;53;3
2015-03-04;Viveros;2015;47;40;15;46;3
2015-03-04;Avda. Francia;2015;30;20;24;47;3
2015-03-04;Pista Silla;2015;39;20;35;52;4
2015-03-04;Moli del Sol;2015;20;13;28;50;3
2015-03-05;Pista Silla;2015;18;6;50;60;3
2015-03-05;Viveros;2015;29;30;27;51;4
2015-03-05;Moli del Sol;2015;NA;NA;37;62;5
2015-03-05;Avda. Francia;2015;12;7;39;56;NA
2015-03-05;Politecnico;2015;12;4;46;65;3
2015-03-06;Viveros;2015;41;29;34;32;5
2015-03-06;Avda. Francia;2015;18;11;NA;37;NA
2015-03-06;Moli del Sol;2015;NA;NA;52;41;3
2015-03-06;Politecnico;2015;15;8;57;43;3
2015-03-06;Pista Silla;2015;23;11;64;31;4
2015-03-07;Avda. Francia;2015;14;11;NA;41;NA
2015-03-07;Moli del Sol;2015;15;11;45;47;4
2015-03-07;Pista Silla;2015;27;17;52;42;3
2015-03-07;Politecnico;2015;17;10;43;55;4
2015-03-07;Viveros;2015;34;26;28;40;6
2015-03-08;Avda. Francia;2015;16;13;14;61;NA
2015-03-08;Pista Silla;2015;26;20;45;55;3
2015-03-08;Viveros;2015;31;24;16;58;4
2015-03-08;Moli del Sol;2015;18;15;40;55;4
2015-03-08;Politecnico;2015;19;16;28;68;3
2015-03-09;Politecnico;2015;25;20;51;52;4
2015-03-09;Avda. Francia;2015;26;22;36;47;NA
2015-03-09;Moli del Sol;2015;23;18;67;38;3
2015-03-09;Pista Silla;2015;30;22;67;35;4
2015-03-09;Viveros;2015;39;35;31;41;4
2015-03-10;Avda. Francia;2015;30;26;38;44;NA
2015-03-10;Politecnico;2015;30;24;57;49;3
2015-03-10;Pista Silla;2015;37;25;66;40;5
2015-03-10;Viveros;2015;40;38;30;44;5
2015-03-10;Moli del Sol;2015;26;21;67;45;3
2015-03-11;Avda. Francia;2015;33;29;65;27;NA
2015-03-11;Viveros;2015;53;50;40;29;5
2015-03-11;Moli del Sol;2015;39;31;90;28;3
2015-03-11;Politecnico;2015;44;36;75;39;4
2015-03-11;Pista Silla;2015;48;37;86;22;5
2015-03-12;Pista Silla;2015;44;30;63;54;4
2015-03-12;Avda. Francia;2015;28;22;43;50;NA
2015-03-12;Politecnico;2015;34;26;53;62;3
2015-03-12;Viveros;2015;48;48;29;52;5
2015-03-12;Moli del Sol;2015;35;27;64;56;3
2015-03-13;Moli del Sol;2015;36;31;45;66;3
2015-03-13;Politecnico;2015;37;33;36;69;3
2015-03-13;Pista Silla;2015;38;29;56;66;4
2015-03-13;Viveros;2015;43;42;21;61;3
2015-03-13;Avda. Francia;2015;40;28;25;68;NA
2015-03-14;Avda. Francia;2015;15;12;16;58;NA
2015-03-14;Pista Silla;2015;25;14;50;48;3
2015-03-14;Politecnico;2015;14;11;27;62;3
2015-03-14;Viveros;2015;29;25;18;50;4
2015-03-14;Moli del Sol;2015;16;13;39;55;3
2015-03-15;Avda. Francia;2015;12;11;11;67;NA
2015-03-15;Viveros;2015;17;17;15;64;5
2015-03-15;Pista Silla;2015;22;12;40;63;4
2015-03-15;Moli del Sol;2015;10;8;28;73;5
2015-03-15;Politecnico;2015;9;8;14;78;3
2015-03-16;Viveros;2015;15;17;20;51;3
2015-03-16;Moli del Sol;2015;13;12;45;52;3
2015-03-16;Pista Silla;2015;17;13;48;48;3
2015-03-16;Politecnico;2015;13;12;25;75;3
2015-03-16;Avda. Francia;2015;NA;NA;NA;NA;NA
2015-03-17;Politecnico;2015;20;17;35;82;3
2015-03-17;Viveros;2015;24;20;19;57;5
2015-03-17;Pista Silla;2015;24;18;38;62;3
2015-03-17;Avda. Francia;2015;NA;NA;NA;NA;NA
2015-03-17;Moli del Sol;2015;18;16;40;61;3
2015-03-18;Viveros;2015;19;10;11;71;3
2015-03-18;Pista Silla;2015;NA;NA;NA;NA;NA
2015-03-18;Politecnico;2015;15;11;19;100;3
2015-03-18;Avda. Francia;2015;26;22;20;70;5
2015-03-18;Moli del Sol;2015;11;10;29;67;3
2015-03-19;Viveros;2015;29;17;5;90;3
2015-03-19;Avda. Francia;2015;NA;NA;10;87;3
2015-03-19;Moli del Sol;2015;18;17;8;87;3
2015-03-19;Pista Silla;2015;24;21;13;109;3
2015-03-19;Politecnico;2015;22;18;5;117;3
2015-03-20;Politecnico;2015;22;18;7;112;3
2015-03-20;Viveros;2015;25;NA;6;86;3
2015-03-20;Avda. Francia;2015;28;25;14;83;3
2015-03-20;Pista Silla;2015;21;18;14;100;3
2015-03-20;Moli del Sol;2015;14;13;13;85;3
2015-03-21;Pista Silla;2015;NA;NA;NA;NA;NA
2015-03-21;Politecnico;2015;15;11;14;88;3
2015-03-21;Viveros;2015;22;NA;9;64;3
2015-03-21;Avda. Francia;2015;19;17;20;58;3
2015-03-21;Moli del Sol;2015;9;7;16;73;5
2015-03-22;Politecnico;2015;8;6;19;81;3
2015-03-22;Moli del Sol;2015;5;5;18;68;4
2015-03-22;Viveros;2015;9;NA;9;58;3
2015-03-22;Pista Silla;2015;NA;NA;NA;NA;NA
2015-03-22;Avda. Francia;2015;17;16;27;50;3
2015-03-23;Viveros;2015;24;NA;14;60;4
2015-03-23;Moli del Sol;2015;13;11;33;70;3
2015-03-23;Politecnico;2015;17;13;16;93;3
2015-03-23;Pista Silla;2015;NA;NA;NA;NA;NA
2015-03-23;Avda. Francia;2015;18;16;26;54;3
2015-03-24;Pista Silla;2015;NA;NA;NA;NA;NA
2015-03-24;Avda. Francia;2015;15;13;25;56;3
2015-03-24;Moli del Sol;2015;11;9;25;70;4
2015-03-24;Politecnico;2015;15;11;16;89;3
2015-03-24;Viveros;2015;26;NA;10;67;4
2015-03-25;Politecnico;2015;3;2;16;88;3
2015-03-25;Pista Silla;2015;6;3;27;70;3
2015-03-25;Moli del Sol;2015;3;2;16;79;3
2015-03-25;Avda. Francia;2015;6;5;21;63;4
2015-03-25;Viveros;2015;NA;NA;NA;NA;NA
2015-03-26;Pista Silla;2015;8;5;45;55;3
2015-03-26;Viveros;2015;NA;NA;NA;NA;NA
2015-03-26;Politecnico;2015;6;3;42;76;3
2015-03-26;Avda. Francia;2015;7;6;34;57;4
2015-03-26;Moli del Sol;2015;7;4;44;62;5
2015-03-27;Avda. Francia;2015;7;6;27;44;3
2015-03-27;Pista Silla;2015;7;3;28;49;3
2015-03-27;Moli del Sol;2015;5;3;20;55;3
2015-03-27;Viveros;2015;NA;NA;NA;NA;NA
2015-03-27;Politecnico;2015;5;2;25;73;3
2015-03-28;Pista Silla;2015;8;5;38;43;3
2015-03-28;Moli del Sol;2015;6;4;31;51;3
2015-03-28;Politecnico;2015;8;4;36;68;3
2015-03-28;Viveros;2015;NA;NA;NA;NA;NA
2015-03-28;Avda. Francia;2015;9;7;30;40;4
2015-03-29;Viveros;2015;NA;NA;NA;NA;NA
2015-03-29;Moli del Sol;2015;8;6;36;46;3
2015-03-29;Avda. Francia;2015;13;10;25;41;4
2015-03-29;Pista Silla;2015;11;8;35;38;3
2015-03-29;Politecnico;2015;9;6;28;73;3
2015-03-30;Viveros;2015;NA;NA;NA;NA;NA
2015-03-30;Politecnico;2015;16;5;54;61;3
2015-03-30;Pista Silla;2015;15;7;44;34;5
2015-03-30;Moli del Sol;2015;11;6;50;40;3
2015-03-30;Avda. Francia;2015;10;8;45;35;3
2015-03-31;Politecnico;2015;16;7;61;61;3
2015-03-31;Moli del Sol;2015;14;8;73;40;3
2015-03-31;Viveros;2015;28;21;33;NA;NA
2015-03-31;Pista Silla;2015;18;8;60;30;5
2015-03-31;Avda. Francia;2015;11;10;55;36;3
2015-04-01;Moli del Sol;2015;12;8;53;48;3
2015-04-01;Pista Silla;2015;15;9;43;48;3
2015-04-01;Politecnico;2015;13;8;40;68;3
2015-04-01;Viveros;2015;23;16;20;NA;NA
2015-04-01;Avda. Francia;2015;11;9;23;57;3
2015-04-02;Avda. Francia;2015;13;11;36;43;3
2015-04-02;Politecnico;2015;16;11;37;57;3
2015-04-02;Viveros;2015;30;16;26;NA;NA
2015-04-02;Moli del Sol;2015;11;8;39;51;4
2015-04-02;Pista Silla;2015;14;9;43;42;3
2015-04-03;Avda. Francia;2015;16;14;23;49;3
2015-04-03;Politecnico;2015;21;18;27;58;3
2015-04-03;Viveros;2015;30;17;12;NA;NA
2015-04-03;Moli del Sol;2015;17;15;21;63;4
2015-04-03;Pista Silla;2015;14;12;21;65;3
2015-04-04;Viveros;2015;20;12;10;NA;NA
2015-04-04;Moli del Sol;2015;13;11;21;68;4
2015-04-04;Avda. Francia;2015;14;13;12;59;3
2015-04-04;Politecnico;2015;16;13;26;60;3
2015-04-04;Pista Silla;2015;9;8;20;73;3
2015-04-05;Moli del Sol;2015;11;9;15;66;3
2015-04-05;Politecnico;2015;12;10;19;63;3
2015-04-05;Avda. Francia;2015;12;11;13;54;3
2015-04-05;Pista Silla;2015;10;8;17;66;3
2015-04-05;Viveros;2015;18;11;6;NA;NA
2015-04-06;Moli del Sol;2015;6;5;NA;88;4
2015-04-06;Politecnico;2015;9;7;16;84;3
2015-04-06;Avda. Francia;2015;9;8;10;73;3
2015-04-06;Pista Silla;2015;6;5;18;87;3
2015-04-06;Viveros;2015;13;6;7;NA;NA
2015-04-07;Avda. Francia;2015;11;10;15;76;3
2015-04-07;Moli del Sol;2015;7;6;NA;87;9
2015-04-07;Politecnico;2015;14;10;23;80;3
2015-04-07;Pista Silla;2015;9;6;18;97;3
2015-04-07;Viveros;2015;NA;10;10;85;NA
2015-04-08;Moli del Sol;2015;7;5;NA;88;3
2015-04-08;Pista Silla;2015;8;5;25;98;3
2015-04-08;Politecnico;2015;11;6;17;94;3
2015-04-08;Viveros;2015;NA;9;11;86;NA
2015-04-08;Avda. Francia;2015;9;8;11;93;3
2015-04-09;Avda. Francia;2015;10;8;16;84;3
2015-04-09;Moli del Sol;2015;6;5;NA;88;4
2015-04-09;Pista Silla;2015;8;6;26;96;4
2015-04-09;Viveros;2015;17;8;12;82;NA
2015-04-09;Politecnico;2015;11;8;23;83;3
2015-04-10;Politecnico;2015;12;9;32;79;3
2015-04-10;Moli del Sol;2015;11;9;NA;61;3
2015-04-10;Viveros;2015;24;12;17;74;NA
2015-04-10;Avda. Francia;2015;11;10;23;76;3
2015-04-10;Pista Silla;2015;12;9;34;75;3
2015-04-11;Viveros;2015;30;16;15;63;NA
2015-04-11;Avda. Francia;2015;16;14;29;61;3
2015-04-11;Moli del Sol;2015;17;15;35;49;3
2015-04-11;Politecnico;2015;21;17;32;72;3
2015-04-11;Pista Silla;2015;17;14;31;69;3
2015-04-12;Pista Silla;2015;16;13;16;101;3
2015-04-12;Avda. Francia;2015;16;14;12;85;3
2015-04-12;Viveros;2015;25;18;8;80;NA
2015-04-12;Politecnico;2015;21;17;15;88;3
2015-04-12;Moli del Sol;2015;17;15;22;66;3
2015-04-13;Pista Silla;2015;13;10;23;98;3
2015-04-13;Viveros;2015;NA;16;11;84;NA
2015-04-13;Avda. Francia;2015;13;12;16;85;3
2015-04-13;Politecnico;2015;16;12;20;92;3
2015-04-13;Moli del Sol;2015;13;12;33;64;3
2015-04-14;Avda. Francia;2015;17;15;35;52;4
2015-04-14;Politecnico;2015;23;16;42;58;3
2015-04-14;Pista Silla;2015;16;12;40;53;3
2015-04-14;Viveros;2015;29;6;20;54;NA
2015-04-14;Moli del Sol;2015;18;14;47;43;4
2015-04-15;Politecnico;2015;26;18;37;65;3
2015-04-15;Viveros;2015;34;19;24;47;NA
2015-04-15;Moli del Sol;2015;21;17;55;35;4
2015-04-15;Pista Silla;2015;20;14;40;48;3
2015-04-15;Avda. Francia;2015;18;15;34;54;3
2015-04-16;Politecnico;2015;22;15;44;54;3
2015-04-16;Pista Silla;2015;16;11;30;57;3
2015-04-16;Viveros;2015;33;23;23;45;NA
2015-04-16;Avda. Francia;2015;16;14;35;47;3
2015-04-16;Moli del Sol;2015;17;13;35;45;4
2015-04-17;Viveros;2015;23;18;20;NA;NA
2015-04-17;Avda. Francia;2015;12;10;31;52;3
2015-04-17;Politecnico;2015;12;8;30;68;3
2015-04-17;Pista Silla;2015;10;6;31;60;5
2015-04-17;Moli del Sol;2015;11;8;36;49;3
2015-04-18;Politecnico;2015;18;15;NA;74;3
2015-04-18;Avda. Francia;2015;16;14;25;61;3
2015-04-18;Moli del Sol;2015;18;16;35;54;3
2015-04-18;Pista Silla;2015;12;10;30;69;3
2015-04-18;Viveros;2015;24;21;16;NA;NA
2015-04-19;Avda. Francia;2015;7;6;13;72;3
2015-04-19;Moli del Sol;2015;5;3;17;71;5
2015-04-19;Pista Silla;2015;5;2;15;90;3
2015-04-19;Viveros;2015;19;14;6;NA;NA
2015-04-19;Politecnico;2015;8;4;NA;84;3
2015-04-20;Moli del Sol;2015;6;5;30;59;3
2015-04-20;Politecnico;2015;10;6;NA;72;3
2015-04-20;Viveros;2015;17;10;10;NA;4
2015-04-20;Avda. Francia;2015;8;7;20;67;3
2015-04-20;Pista Silla;2015;10;6;28;NA;3
2015-04-21;Moli del Sol;2015;10;8;30;57;3
2015-04-21;Avda. Francia;2015;11;9;20;66;4
2015-04-21;Viveros;2015;17;11;11;70;4
2015-04-21;Politecnico;2015;10;8;14;77;3
2015-04-21;Pista Silla;2015;17;13;30;NA;4
2015-04-22;Moli del Sol;2015;13;11;36;53;3
2015-04-22;Viveros;2015;18;13;13;69;4
2015-04-22;Pista Silla;2015;20;16;30;54;6
2015-04-22;Politecnico;2015;14;11;17;77;3
2015-04-22;Avda. Francia;2015;12;11;20;67;4
2015-04-23;Moli del Sol;2015;20;16;44;43;4
2015-04-23;Pista Silla;2015;29;21;35;43;7
2015-04-23;Viveros;2015;33;24;26;52;3
2015-04-23;Avda. Francia;2015;15;13;30;54;3
2015-04-23;Politecnico;2015;21;15;26;64;3
2015-04-24;Moli del Sol;2015;24;20;41;53;4
2015-04-24;Pista Silla;2015;37;30;32;45;7
2015-04-24;Viveros;2015;39;27;24;59;4
2015-04-24;Avda. Francia;2015;22;19;29;59;3
2015-04-24;Politecnico;2015;30;22;26;68;3
2015-04-25;Pista Silla;2015;36;26;26;44;4
2015-04-25;Politecnico;2015;30;21;21;63;3
2015-04-25;Avda. Francia;2015;22;19;23;53;3
2015-04-25;Moli del Sol;2015;22;17;30;47;3
2015-04-25;Viveros;2015;40;10;18;52;4
2015-04-26;Moli del Sol;2015;14;7;17;58;3
2015-04-26;Pista Silla;2015;24;10;14;58;3
2015-04-26;Politecnico;2015;18;8;17;65;3
2015-04-26;Avda. Francia;2015;12;9;17;59;3
2015-04-26;Viveros;2015;42;38;14;57;4
2015-04-27;Avda. Francia;2015;6;5;16;68;3
2015-04-27;Politecnico;2015;8;2;11;79;3
2015-04-27;Viveros;2015;24;23;11;71;5
2015-04-27;Moli del Sol;2015;6;3;13;71;3
2015-04-27;Pista Silla;2015;11;3;14;75;4
2015-04-28;Viveros;2015;22;14;14;60;5
2015-04-28;Politecnico;2015;11;5;15;72;3
2015-04-28;Avda. Francia;2015;8;7;25;58;3
2015-04-28;Moli del Sol;2015;8;5;32;54;4
2015-04-28;Pista Silla;2015;14;7;25;50;4
2015-04-29;Moli del Sol;2015;13;10;35;54;3
2015-04-29;Pista Silla;2015;21;14;24;46;5
2015-04-29;Politecnico;2015;16;10;16;75;3
2015-04-29;Avda. Francia;2015;11;10;22;63;3
2015-04-29;Viveros;2015;23;14;16;66;3
2015-04-30;Viveros;2015;24;18;17;65;3
2015-04-30;Pista Silla;2015;26;20;29;41;5
2015-04-30;Moli del Sol;2015;19;17;38;54;4
2015-04-30;Avda. Francia;2015;15;13;25;58;3
2015-04-30;Politecnico;2015;21;17;14;75;3
2015-05-01;Viveros;2015;32;24;23;46;3
2015-05-01;Pista Silla;2015;24;16;24;45;3
2015-05-01;Politecnico;2015;18;12;20;62;3
2015-05-01;Avda. Francia;2015;18;15;24;52;3
2015-05-01;Moli del Sol;2015;18;13;26;44;3
2015-05-02;Viveros;2015;31;19;24;53;NA
2015-05-02;Avda. Francia;2015;12;10;28;56;3
2015-05-02;Pista Silla;2015;19;13;28;36;8
2015-05-02;Moli del Sol;2015;13;10;37;46;4
2015-05-02;Politecnico;2015;16;11;22;69;3
2015-05-03;Pista Silla;2015;24;18;29;47;6
2015-05-03;Politecnico;2015;22;15;28;70;3
2015-05-03;Viveros;2015;35;24;NA;54;4
2015-05-03;Moli del Sol;2015;19;14;35;52;4
2015-05-03;Avda. Francia;2015;16;14;31;58;4
2015-05-04;Pista Silla;2015;24;20;20;55;4
2015-05-04;Politecnico;2015;21;17;10;96;3
2015-05-04;Moli del Sol;2015;19;17;29;90;5
2015-05-04;Viveros;2015;NA;18;NA;84;NA
2015-05-04;Avda. Francia;2015;14;13;19;79;3
2015-05-05;Viveros;2015;27;16;11;48;3
2015-05-05;Moli del Sol;2015;12;6;20;68;3
2015-05-05;Pista Silla;2015;20;8;23;46;3
2015-05-05;Avda. Francia;2015;11;9;17;56;3
2015-05-05;Politecnico;2015;17;7;16;64;3
2015-05-06;Pista Silla;2015;14;9;28;49;3
2015-05-06;Viveros;2015;24;15;11;63;4
2015-05-06;Moli del Sol;2015;10;6;29;76;3
2015-05-06;Politecnico;2015;17;9;19;73;3
2015-05-06;Avda. Francia;2015;11;9;19;67;3
2015-05-07;Viveros;2015;22;15;8;67;4
2015-05-07;Avda. Francia;2015;12;11;15;67;3
2015-05-07;Pista Silla;2015;18;13;22;44;4
2015-05-07;Politecnico;2015;17;12;15;76;3
2015-05-07;Moli del Sol;2015;13;11;29;74;3
2015-05-08;Avda. Francia;2015;15;11;30;52;3
2015-05-08;Viveros;2015;48;35;19;45;4
2015-05-08;Pista Silla;2015;35;14;46;55;6
2015-05-08;Politecnico;2015;26;13;27;56;3
2015-05-08;Moli del Sol;2015;19;9;32;60;3
2015-05-09;Politecnico;2015;20;13;18;71;3
2015-05-09;Viveros;2015;30;19;15;58;4
2015-05-09;Moli del Sol;2015;14;11;30;73;4
2015-05-09;Pista Silla;2015;20;15;39;41;5
2015-05-09;Avda. Francia;2015;14;12;24;58;3
2015-05-10;Viveros;2015;25;NA;11;57;4
2015-05-10;Avda. Francia;2015;12;11;15;62;3
2015-05-10;Moli del Sol;2015;11;9;26;68;5
2015-05-10;Pista Silla;2015;16;12;34;41;7
2015-05-10;Politecnico;2015;16;12;11;74;3
2015-05-11;Pista Silla;2015;14;9;50;38;4
2015-05-11;Politecnico;2015;11;7;21;70;3
2015-05-11;Moli del Sol;2015;9;7;37;70;4
2015-05-11;Avda. Francia;2015;10;9;26;58;3
2015-05-11;Viveros;2015;20;NA;17;67;4
2015-05-12;Avda. Francia;2015;13;11;33;59;3
2015-05-12;Politecnico;2015;19;12;25;68;3
2015-05-12;Pista Silla;2015;19;13;49;39;4
2015-05-12;Moli del Sol;2015;12;9;39;67;4
2015-05-12;Viveros;2015;23;NA;22;69;3
2015-05-13;Moli del Sol;2015;19;15;48;59;3
2015-05-13;Politecnico;2015;23;16;26;62;3
2015-05-13;Viveros;2015;32;NA;29;56;3
2015-05-13;Avda. Francia;2015;17;15;36;49;3
2015-05-13;Pista Silla;2015;29;18;60;31;4
2015-05-14;Avda. Francia;2015;NA;NA;NA;NA;NA
2015-05-14;Politecnico;2015;58;20;NA;55;3
2015-05-14;Moli del Sol;2015;48;20;38;63;3
2015-05-14;Viveros;2015;93;NA;38;49;4
2015-05-14;Pista Silla;2015;102;30;64;57;5
2015-05-15;Avda. Francia;2015;NA;NA;NA;NA;NA
2015-05-15;Politecnico;2015;21;6;13;80;3
2015-05-15;Moli del Sol;2015;21;6;19;88;4
2015-05-15;Pista Silla;2015;28;8;38;64;6
2015-05-15;Viveros;2015;36;NA;9;81;NA
2015-05-16;Moli del Sol;2015;6;3;21;92;5
2015-05-16;Politecnico;2015;8;3;15;84;3
2015-05-16;Avda. Francia;2015;6;5;11;78;3
2015-05-16;Viveros;2015;18;NA;5;84;4
2015-05-16;Pista Silla;2015;8;4;38;69;5
2015-05-17;Politecnico;2015;9;5;15;70;3
2015-05-17;Moli del Sol;2015;5;4;23;80;6
2015-05-17;Avda. Francia;2015;8;7;23;62;3
2015-05-17;Viveros;2015;NA;NA;7;70;5
2015-05-17;Pista Silla;2015;8;4;37;NA;4
2015-05-18;Moli del Sol;2015;9;6;NA;71;3
2015-05-18;Pista Silla;2015;13;6;46;NA;4
2015-05-18;Avda. Francia;2015;10;8;33;52;3
2015-05-18;Politecnico;2015;13;7;19;66;3
2015-05-18;Viveros;2015;25;NA;14;61;4
2015-05-19;Avda. Francia;2015;11;9;19;54;3
2015-05-19;Pista Silla;2015;9;6;27;NA;4
2015-05-19;Viveros;2015;18;NA;9;65;3
2015-05-19;Moli del Sol;2015;8;7;NA;72;4
2015-05-19;Politecnico;2015;12;8;11;67;3
2015-05-20;Moli del Sol;2015;4;4;NA;76;4
2015-05-20;Viveros;2015;14;5;13;NA;3
2015-05-20;Avda. Francia;2015;7;6;21;61;3
2015-05-20;Pista Silla;2015;8;4;40;NA;3
2015-05-20;Politecnico;2015;6;4;11;71;3
2015-05-21;Viveros;2015;11;5;5;NA;3
2015-05-21;Moli del Sol;2015;4;3;NA;82;3
2015-05-21;Politecnico;2015;5;3;11;79;3
2015-05-21;Avda. Francia;2015;6;6;16;72;3
2015-05-21;Pista Silla;2015;6;4;43;NA;4
2015-05-22;Pista Silla;2015;9;7;45;NA;5
2015-05-22;Politecnico;2015;8;5;12;78;3
2015-05-22;Viveros;2015;18;10;12;NA;4
2015-05-22;Avda. Francia;2015;8;7;21;66;3
2015-05-22;Moli del Sol;2015;6;5;NA;75;5
2015-05-23;Pista Silla;2015;10;8;35;NA;3
2015-05-23;Moli del Sol;2015;7;6;NA;69;4
2015-05-23;Viveros;2015;19;11;12;NA;3
2015-05-23;Politecnico;2015;10;6;12;80;3
2015-05-23;Avda. Francia;2015;9;8;21;68;3
2015-05-24;Avda. Francia;2015;8;7;17;73;3
2015-05-24;Politecnico;2015;8;6;9;85;3
2015-05-24;Moli del Sol;2015;7;5;NA;68;4
2015-05-24;Viveros;2015;17;11;10;NA;3
2015-05-24;Pista Silla;2015;9;7;36;NA;3
2015-05-25;Moli del Sol;2015;10;7;NA;57;3
2015-05-25;Viveros;2015;20;15;14;NA;3
2015-05-25;Avda. Francia;2015;10;9;31;62;3
2015-05-25;Politecnico;2015;11;7;22;70;3
2015-05-25;Pista Silla;2015;14;9;50;NA;3
2015-05-26;Moli del Sol;2015;9;7;NA;59;4
2015-05-26;Pista Silla;2015;11;8;40;NA;4
2015-05-26;Avda. Francia;2015;9;8;25;55;3
2015-05-26;Politecnico;2015;11;7;17;65;3
2015-05-26;Viveros;2015;25;17;8;63;3
2015-05-27;Moli del Sol;2015;11;9;NA;60;3
2015-05-27;Pista Silla;2015;12;10;42;NA;5
2015-05-27;Viveros;2015;22;16;11;83;3
2015-05-27;Politecnico;2015;12;8;13;75;3
2015-05-27;Avda. Francia;2015;10;9;22;64;3
2015-05-28;Moli del Sol;2015;15;13;NA;66;3
2015-05-28;Pista Silla;2015;15;13;38;NA;4
2015-05-28;Avda. Francia;2015;11;10;18;74;3
2015-05-28;Viveros;2015;26;16;14;89;3
2015-05-28;Politecnico;2015;17;12;15;83;3
2015-05-29;Avda. Francia;2015;10;9;24;74;3
2015-05-29;Pista Silla;2015;13;10;48;NA;3
2015-05-29;Politecnico;2015;12;9;13;89;3
2015-05-29;Viveros;2015;31;13;16;NA;3
2015-05-29;Moli del Sol;2015;11;10;NA;70;3
2015-05-30;Avda. Francia;2015;11;10;17;74;3
2015-05-30;Pista Silla;2015;13;11;32;NA;6
2015-05-30;Politecnico;2015;13;11;12;83;3
2015-05-30;Moli del Sol;2015;12;11;NA;75;3
2015-05-30;Viveros;2015;19;14;13;NA;4
2015-05-31;Moli del Sol;2015;11;10;NA;73;3
2015-05-31;Pista Silla;2015;11;10;29;NA;4
2015-05-31;Politecnico;2015;9;8;11;86;3
2015-05-31;Avda. Francia;2015;9;9;18;70;3
2015-05-31;Viveros;2015;19;10;11;NA;3
2015-06-01;Pista Silla;2015;13;11;35;NA;4
2015-06-01;Viveros;2015;19;11;10;NA;3
2015-06-01;Avda. Francia;2015;10;9;16;67;3
2015-06-01;Moli del Sol;2015;13;12;NA;76;3
2015-06-01;Politecnico;2015;13;10;11;82;3
2015-06-02;Avda. Francia;2015;11;10;16;70;3
2015-06-02;Viveros;2015;24;14;9;90;5
2015-06-02;Moli del Sol;2015;15;13;NA;76;3
2015-06-02;Politecnico;2015;15;12;12;78;3
2015-06-02;Pista Silla;2015;16;12;33;NA;7
2015-06-03;Avda. Francia;2015;11;9;31;66;3
2015-06-03;Politecnico;2015;13;9;17;79;3
2015-06-03;Viveros;2015;26;15;17;82;3
2015-06-03;Moli del Sol;2015;12;10;NA;64;4
2015-06-03;Pista Silla;2015;13;10;52;NA;3
2015-06-04;Avda. Francia;2015;11;10;40;56;3
2015-06-04;Politecnico;2015;17;9;23;72;3
2015-06-04;Moli del Sol;2015;11;9;NA;58;6
2015-06-04;Pista Silla;2015;15;10;58;NA;6
2015-06-04;Viveros;2015;NA;17;16;71;5
2015-06-05;Pista Silla;2015;16;11;54;NA;4
2015-06-05;Politecnico;2015;16;11;20;72;3
2015-06-05;Moli del Sol;2015;13;10;29;66;3
2015-06-05;Viveros;2015;25;18;14;81;5
2015-06-05;Avda. Francia;2015;11;10;26;66;3
2015-06-06;Avda. Francia;2015;11;10;29;62;3
2015-06-06;Politecnico;2015;14;10;19;71;3
2015-06-06;Viveros;2015;NA;15;15;76;4
2015-06-06;Moli del Sol;2015;12;10;26;61;3
2015-06-06;Pista Silla;2015;12;10;49;NA;7
2015-06-07;Avda. Francia;2015;11;9;32;56;3
2015-06-07;Moli del Sol;2015;9;7;22;65;3
2015-06-07;Viveros;2015;NA;16;13;76;5
2015-06-07;Pista Silla;2015;10;8;45;NA;5
2015-06-07;Politecnico;2015;10;7;15;74;3
2015-06-08;Avda. Francia;2015;11;10;34;72;4
2015-06-08;Politecnico;2015;15;7;28;81;3
2015-06-08;Moli del Sol;2015;12;8;30;77;3
2015-06-08;Viveros;2015;30;20;12;86;6
2015-06-08;Pista Silla;2015;16;9;56;NA;3
2015-06-09;Viveros;2015;NA;22;18;101;3
2015-06-09;Avda. Francia;2015;15;13;36;71;4
2015-06-09;Moli del Sol;2015;18;15;30;80;4
2015-06-09;Pista Silla;2015;20;15;53;NA;5
2015-06-09;Politecnico;2015;18;12;27;88;3
2015-06-10;Avda. Francia;2015;15;14;14;85;3
2015-06-10;Pista Silla;2015;20;16;35;NA;3
2015-06-10;Viveros;2015;25;20;10;112;3
2015-06-10;Moli del Sol;2015;19;17;18;89;3
2015-06-10;Politecnico;2015;15;12;11;100;3
2015-06-11;Pista Silla;2015;24;21;35;NA;3
2015-06-11;Moli del Sol;2015;24;22;25;64;3
2015-06-11;Politecnico;2015;24;18;12;82;3
2015-06-11;Avda. Francia;2015;19;17;17;67;3
2015-06-11;Viveros;2015;NA;21;10;90;3
2015-06-12;Avda. Francia;2015;17;15;27;64;3
2015-06-12;Viveros;2015;29;NA;17;78;5
2015-06-12;Moli del Sol;2015;17;14;23;65;3
2015-06-12;Pista Silla;2015;21;15;43;NA;4
2015-06-12;Politecnico;2015;20;13;17;78;3
2015-06-13;Avda. Francia;2015;15;13;22;62;3
2015-06-13;Viveros;2015;NA;NA;11;75;3
2015-06-13;Politecnico;2015;18;13;11;76;3
2015-06-13;Moli del Sol;2015;16;15;16;70;3
2015-06-13;Pista Silla;2015;17;14;25;NA;4
2015-06-14;Politecnico;2015;9;6;12;74;3
2015-06-14;Pista Silla;2015;11;7;23;NA;6
2015-06-14;Moli del Sol;2015;NA;NA;NA;NA;NA
2015-06-14;Avda. Francia;2015;9;8;21;66;3
2015-06-14;Viveros;2015;19;12;11;77;4
2015-06-15;Avda. Francia;2015;NA;NA;25;61;3
2015-06-15;Pista Silla;2015;15;9;42;NA;3
2015-06-15;Moli del Sol;2015;9;7;25;77;3
2015-06-15;Politecnico;2015;10;6;13;75;3
2015-06-15;Viveros;2015;NA;NA;15;73;3
2015-06-16;Moli del Sol;2015;6;5;28;70;3
2015-06-16;Politecnico;2015;6;4;23;72;6
2015-06-16;Pista Silla;2015;12;7;47;NA;4
2015-06-16;Avda. Francia;2015;NA;NA;34;59;3
2015-06-16;Viveros;2015;NA;NA;16;68;3
2015-06-17;Pista Silla;2015;18;12;54;NA;7
2015-06-17;Moli del Sol;2015;11;9;32;57;3
2015-06-17;Avda. Francia;2015;NA;NA;30;53;3
2015-06-17;Politecnico;2015;11;8;23;65;NA
2015-06-17;Viveros;2015;21;13;21;59;4
2015-06-18;Avda. Francia;2015;NA;NA;34;53;3
2015-06-18;Pista Silla;2015;19;11;52;NA;6
2015-06-18;Viveros;2015;23;15;24;59;3
2015-06-18;Politecnico;2015;12;8;26;65;4
2015-06-18;Moli del Sol;2015;12;10;33;60;3
2015-06-19;Avda. Francia;2015;NA;NA;30;67;3
2015-06-19;Pista Silla;2015;25;12;48;NA;5
2015-06-19;Moli del Sol;2015;13;10;29;73;3
2015-06-19;Viveros;2015;28;18;18;79;4
2015-06-19;Politecnico;2015;14;9;24;82;3
2015-06-20;Viveros;2015;23;13;10;66;3
2015-06-20;Avda. Francia;2015;NA;NA;19;59;3
2015-06-20;Moli del Sol;2015;14;12;18;64;3
2015-06-20;Pista Silla;2015;16;12;30;NA;6
2015-06-20;Politecnico;2015;14;9;13;70;8
2015-06-21;Moli del Sol;2015;14;12;21;66;4
2015-06-21;Politecnico;2015;17;12;13;75;6
2015-06-21;Avda. Francia;2015;NA;NA;20;63;3
2015-06-21;Pista Silla;2015;16;12;31;NA;4
2015-06-21;Viveros;2015;24;15;12;69;3
2015-06-22;Pista Silla;2015;21;10;46;NA;4
2015-06-22;Politecnico;2015;15;9;17;75;9
2015-06-22;Viveros;2015;NA;NA;17;68;3
2015-06-22;Avda. Francia;2015;NA;NA;24;62;3
2015-06-22;Moli del Sol;2015;13;11;28;64;3
2015-06-23;Avda. Francia;2015;NA;NA;45;60;3
2015-06-23;Pista Silla;2015;18;9;54;NA;3
2015-06-23;Moli del Sol;2015;10;7;30;76;3
2015-06-23;Viveros;2015;NA;NA;27;72;3
2015-06-23;Politecnico;2015;13;7;29;76;5
2015-06-24;Politecnico;2015;11;7;10;86;NA
2015-06-24;Viveros;2015;NA;NA;11;78;3
2015-06-24;Pista Silla;2015;16;8;38;NA;4
2015-06-24;Moli del Sol;2015;9;8;20;75;5
2015-06-24;Avda. Francia;2015;NA;NA;18;70;4
2015-06-25;Politecnico;2015;13;8;16;77;4
2015-06-25;Avda. Francia;2015;NA;NA;25;65;3
2015-06-25;Pista Silla;2015;15;10;47;NA;3
2015-06-25;Moli del Sol;2015;12;10;31;63;3
2015-06-25;Viveros;2015;NA;NA;17;65;5
2015-06-26;Moli del Sol;2015;15;12;40;62;3
2015-06-26;Viveros;2015;33;16;23;68;4
2015-06-26;Politecnico;2015;14;8;23;82;9
2015-06-26;Avda. Francia;2015;NA;NA;33;62;3
2015-06-26;Pista Silla;2015;17;10;55;49;5
2015-06-27;Politecnico;2015;18;13;18;84;5
2015-06-27;Avda. Francia;2015;NA;NA;24;62;4
2015-06-27;Viveros;2015;33;20;16;66;3
2015-06-27;Moli del Sol;2015;23;20;31;66;3
2015-06-27;Pista Silla;2015;21;14;42;55;3
2015-06-28;Viveros;2015;30;19;14;66;3
2015-06-28;Avda. Francia;2015;NA;NA;23;56;3
2015-06-28;Politecnico;2015;15;12;18;82;12
2015-06-28;Pista Silla;2015;17;12;28;55;3
2015-06-28;Moli del Sol;2015;20;17;19;74;3
2015-06-29;Avda. Francia;2015;NA;NA;14;63;3
2015-06-29;Politecnico;2015;14;11;13;85;3
2015-06-29;Pista Silla;2015;17;11;32;63;5
2015-06-29;Viveros;2015;25;16;9;71;4
2015-06-29;Moli del Sol;2015;21;19;20;78;3
2015-06-30;Avda. Francia;2015;NA;NA;31;61;3
2015-06-30;Viveros;2015;27;NA;18;67;3
2015-06-30;Pista Silla;2015;18;10;49;59;5
2015-06-30;Politecnico;2015;13;9;23;79;3
2015-06-30;Moli del Sol;2015;14;11;30;69;5
2015-07-01;Avda. Francia;2015;NA;NA;20;47;3
2015-07-01;Pista Silla;2015;18;12;35;46;3
2015-07-01;Moli del Sol;2015;28;24;24;58;3
2015-07-01;Politecnico;2015;15;11;20;63;7
2015-07-01;Viveros;2015;29;NA;13;55;3
2015-07-02;Avda. Francia;2015;NA;NA;21;56;3
2015-07-02;Moli del Sol;2015;23;19;22;71;3
2015-07-02;Politecnico;2015;18;12;19;77;4
2015-07-02;Pista Silla;2015;16;9;37;NA;NA
2015-07-02;Viveros;2015;37;NA;11;61;3
2015-07-03;Avda. Francia;2015;NA;NA;15;59;3
2015-07-03;Pista Silla;2015;16;11;26;NA;4
2015-07-03;Moli del Sol;2015;24;21;17;79;3
2015-07-03;Politecnico;2015;17;12;11;87;6
2015-07-03;Viveros;2015;34;NA;7;66;3
2015-07-04;Pista Silla;2015;17;12;33;NA;3
2015-07-04;Viveros;2015;29;NA;8;59;3
2015-07-04;Moli del Sol;2015;18;16;20;78;3
2015-07-04;Avda. Francia;2015;NA;NA;17;71;3
2015-07-04;Politecnico;2015;14;11;14;87;4
2015-07-05;Viveros;2015;29;NA;12;NA;3
2015-07-05;Moli del Sol;2015;22;20;18;81;3
2015-07-05;Avda. Francia;2015;NA;NA;21;68;3
2015-07-05;Politecnico;2015;15;12;15;94;4
2015-07-05;Pista Silla;2015;20;15;30;NA;3
2015-07-06;Avda. Francia;2015;NA;NA;25;63;3
2015-07-06;Pista Silla;2015;24;17;56;78;5
2015-07-06;Politecnico;2015;22;17;26;80;4
2015-07-06;Viveros;2015;40;NA;17;NA;3
2015-07-06;Moli del Sol;2015;29;24;38;57;3
2015-07-07;Viveros;2015;NA;NA;27;NA;3
2015-07-07;Avda. Francia;2015;NA;NA;35;53;3
2015-07-07;Moli del Sol;2015;28;22;40;57;3
2015-07-07;Politecnico;2015;21;14;37;72;3
2015-07-07;Pista Silla;2015;30;17;57;70;5
2015-07-08;Moli del Sol;2015;29;25;23;68;3
2015-07-08;Viveros;2015;39;NA;10;NA;3
2015-07-08;Pista Silla;2015;26;17;35;NA;4
2015-07-08;Avda. Francia;2015;NA;NA;19;53;3
2015-07-08;Politecnico;2015;18;14;17;74;3
2015-07-09;Moli del Sol;2015;30;27;18;58;3
2015-07-09;Viveros;2015;43;NA;10;NA;3
2015-07-09;Pista Silla;2015;23;16;34;NA;6
2015-07-09;Politecnico;2015;17;12;12;75;3
2015-07-09;Avda. Francia;2015;NA;NA;12;53;3
2015-07-10;Avda. Francia;2015;NA;NA;21;48;3
2015-07-10;Viveros;2015;33;NA;13;NA;3
2015-07-10;Pista Silla;2015;24;15;35;NA;5
2015-07-10;Moli del Sol;2015;23;19;21;52;3
2015-07-10;Politecnico;2015;16;11;15;68;3
2015-07-11;Avda. Francia;2015;NA;NA;16;50;3
2015-07-11;Moli del Sol;2015;33;30;12;56;3
2015-07-11;Pista Silla;2015;20;14;22;NA;4
2015-07-11;Politecnico;2015;13;10;10;70;3
2015-07-11;Viveros;2015;NA;17;7;NA;3
2015-07-12;Politecnico;2015;11;9;15;71;6
2015-07-12;Viveros;2015;32;19;10;NA;3
2015-07-12;Moli del Sol;2015;19;16;16;54;3
2015-07-12;Avda. Francia;2015;NA;NA;17;53;3
2015-07-12;Pista Silla;2015;15;11;27;NA;4
2015-07-13;Avda. Francia;2015;NA;NA;17;46;3
2015-07-13;Pista Silla;2015;21;14;36;NA;3
2015-07-13;Politecnico;2015;24;19;16;62;5
2015-07-13;Moli del Sol;2015;38;34;19;47;4
2015-07-13;Viveros;2015;NA;NA;11;NA;3
2015-07-14;Pista Silla;2015;20;14;31;NA;4
2015-07-14;Moli del Sol;2015;36;32;18;46;3
2015-07-14;Politecnico;2015;28;19;16;60;6
2015-07-14;Viveros;2015;29;NA;6;NA;3
2015-07-14;Avda. Francia;2015;NA;NA;15;46;3
2015-07-15;Viveros;2015;28;NA;11;NA;3
2015-07-15;Avda. Francia;2015;NA;NA;18;56;3
2015-07-15;Pista Silla;2015;19;13;34;NA;4
2015-07-15;Politecnico;2015;26;17;17;73;3
2015-07-15;Moli del Sol;2015;23;20;20;57;3
2015-07-16;Viveros;2015;32;NA;17;NA;3
2015-07-16;Avda. Francia;2015;NA;NA;22;63;3
2015-07-16;Pista Silla;2015;18;12;43;NA;4
2015-07-16;Politecnico;2015;22;14;22;80;3
2015-07-16;Moli del Sol;2015;16;14;26;64;3
2015-07-17;Pista Silla;2015;20;13;47;NA;4
2015-07-17;Avda. Francia;2015;NA;NA;26;54;3
2015-07-17;Moli del Sol;2015;18;16;30;59;3
2015-07-17;Politecnico;2015;23;15;23;74;3
2015-07-17;Viveros;2015;29;21;14;NA;3
2015-07-18;Viveros;2015;31;23;12;NA;3
2015-07-18;Avda. Francia;2015;15;14;14;51;3
2015-07-18;Moli del Sol;2015;29;26;19;60;3
2015-07-18;Pista Silla;2015;19;16;31;NA;4
2015-07-18;Politecnico;2015;25;18;12;70;4
2015-07-19;Moli del Sol;2015;25;23;20;52;3
2015-07-19;Pista Silla;2015;23;18;26;NA;3
2015-07-19;Viveros;2015;32;25;9;NA;3
2015-07-19;Avda. Francia;2015;17;15;18;41;3
2015-07-19;Politecnico;2015;26;18;17;56;3
2015-07-20;Avda. Francia;2015;20;18;13;43;3
2015-07-20;Politecnico;2015;29;22;16;57;8
2015-07-20;Moli del Sol;2015;53;49;20;54;3
2015-07-20;Pista Silla;2015;25;20;30;NA;4
2015-07-20;Viveros;2015;32;28;8;NA;3
2015-07-21;Avda. Francia;2015;21;19;15;43;3
2015-07-21;Moli del Sol;2015;39;36;19;56;3
2015-07-21;Pista Silla;2015;28;22;31;NA;3
2015-07-21;Politecnico;2015;37;26;17;57;4
2015-07-21;Viveros;2015;36;25;11;NA;4
2015-07-22;Moli del Sol;2015;16;14;19;64;3
2015-07-22;Pista Silla;2015;22;12;40;NA;3
2015-07-22;Politecnico;2015;20;11;NA;69;4
2015-07-22;Avda. Francia;2015;9;8;26;48;3
2015-07-22;Viveros;2015;29;NA;17;72;4
2015-07-23;Pista Silla;2015;14;10;42;NA;4
2015-07-23;Politecnico;2015;18;11;NA;59;3
2015-07-23;Moli del Sol;2015;16;14;26;52;3
2015-07-23;Viveros;2015;NA;14;17;62;4
2015-07-23;Avda. Francia;2015;8;7;20;43;3
2015-07-24;Viveros;2015;NA;25;18;74;6
2015-07-24;Moli del Sol;2015;28;25;31;56;3
2015-07-24;Politecnico;2015;34;26;23;69;6
2015-07-24;Avda. Francia;2015;19;17;26;45;3
2015-07-24;Pista Silla;2015;23;17;44;NA;4
2015-07-25;Pista Silla;2015;18;13;22;NA;4
2015-07-25;Moli del Sol;2015;19;17;13;63;3
2015-07-25;Politecnico;2015;27;14;14;70;6
2015-07-25;Viveros;2015;NA;17;6;79;7
2015-07-25;Avda. Francia;2015;10;9;13;48;3
2015-07-26;Avda. Francia;2015;12;10;12;42;3
2015-07-26;Pista Silla;2015;20;16;18;NA;5
2015-07-26;Politecnico;2015;37;23;11;61;3
2015-07-26;Moli del Sol;2015;32;29;11;57;3
2015-07-26;Viveros;2015;NA;16;9;65;5
2015-07-27;Politecnico;2015;28;18;19;59;3
2015-07-27;Moli del Sol;2015;42;39;19;45;3
2015-07-27;Avda. Francia;2015;NA;NA;9;44;3
2015-07-27;Pista Silla;2015;22;18;29;NA;4
2015-07-27;Viveros;2015;NA;22;10;67;5
2015-07-28;Politecnico;2015;29;18;13;65;4
2015-07-28;Moli del Sol;2015;41;37;13;51;3
2015-07-28;Pista Silla;2015;17;14;26;NA;5
2015-07-28;Avda. Francia;2015;NA;NA;9;NA;3
2015-07-28;Viveros;2015;NA;14;5;79;NA
2015-07-29;Avda. Francia;2015;NA;NA;10;NA;3
2015-07-29;Pista Silla;2015;18;13;30;NA;3
2015-07-29;Politecnico;2015;29;21;10;58;5
2015-07-29;Moli del Sol;2015;35;32;17;38;3
2015-07-29;Viveros;2015;NA;14;8;71;NA
2015-07-30;Politecnico;2015;22;13;14;58;5
2015-07-30;Avda. Francia;2015;NA;NA;14;50;3
2015-07-30;Viveros;2015;27;11;11;70;NA
2015-07-30;Moli del Sol;2015;14;13;15;38;3
2015-07-30;Pista Silla;2015;14;10;29;NA;3
2015-07-31;Moli del Sol;2015;14;13;17;36;3
2015-07-31;Avda. Francia;2015;NA;NA;15;55;3
2015-07-31;Pista Silla;2015;10;7;34;NA;3
2015-07-31;Politecnico;2015;27;15;11;63;5
2015-07-31;Viveros;2015;28;11;11;73;NA
2015-08-01;Avda. Francia;2015;NA;NA;11;80;3
2015-08-01;Pista Silla;2015;6;5;25;NA;3
2015-08-01;Moli del Sol;2015;5;5;13;50;3
2015-08-01;Politecnico;2015;15;7;12;85;8
2015-08-01;Viveros;2015;18;NA;6;100;NA
2015-08-02;Viveros;2015;17;NA;8;97;NA
2015-08-02;Pista Silla;2015;7;6;27;NA;4
2015-08-02;Politecnico;2015;15;9;13;NA;4
2015-08-02;Avda. Francia;2015;NA;NA;14;78;3
2015-08-02;Moli del Sol;2015;8;7;14;52;3
2015-08-03;Politecnico;2015;23;13;18;62;NA
2015-08-03;Viveros;2015;23;NA;14;83;NA
2015-08-03;Pista Silla;2015;11;8;35;NA;3
2015-08-03;Avda. Francia;2015;NA;NA;17;68;3
2015-08-03;Moli del Sol;2015;13;12;19;43;3
2015-08-04;Moli del Sol;2015;18;17;22;43;3
2015-08-04;Viveros;2015;25;NA;12;88;NA
2015-08-04;Politecnico;2015;22;11;17;69;NA
2015-08-04;Avda. Francia;2015;NA;NA;16;71;3
2015-08-04;Pista Silla;2015;12;7;35;NA;5
2015-08-05;Pista Silla;2015;11;8;32;NA;4
2015-08-05;Viveros;2015;23;NA;9;87;NA
2015-08-05;Avda. Francia;2015;NA;NA;11;67;3
2015-08-05;Moli del Sol;2015;15;13;17;47;3
2015-08-05;Politecnico;2015;21;14;14;66;NA
2015-08-06;Pista Silla;2015;11;9;31;NA;4
2015-08-06;Viveros;2015;21;NA;9;82;NA
2015-08-06;Moli del Sol;2015;35;33;17;41;3
2015-08-06;Avda. Francia;2015;NA;NA;15;61;3
2015-08-06;Politecnico;2015;21;15;11;66;NA
2015-08-07;Politecnico;2015;26;16;22;58;NA
2015-08-07;Viveros;2015;31;NA;13;68;NA
2015-08-07;Pista Silla;2015;14;11;34;NA;6
2015-08-07;Moli del Sol;2015;35;32;23;NA;3
2015-08-07;Avda. Francia;2015;NA;NA;17;55;3
2015-08-08;Moli del Sol;2015;26;24;18;NA;3
2015-08-08;Politecnico;2015;25;15;17;53;NA
2015-08-08;Avda. Francia;2015;NA;NA;18;48;3
2015-08-08;Pista Silla;2015;14;11;27;NA;3
2015-08-08;Viveros;2015;35;NA;9;66;NA
2015-08-09;Moli del Sol;2015;9;8;13;NA;3
2015-08-09;Avda. Francia;2015;NA;NA;NA;NA;NA
2015-08-09;Pista Silla;2015;10;8;20;NA;4
2015-08-09;Politecnico;2015;22;11;13;57;NA
2015-08-09;Viveros;2015;27;NA;7;71;NA
2015-08-10;Pista Silla;2015;11;8;30;NA;3
2015-08-10;Avda. Francia;2015;NA;NA;17;59;3
2015-08-10;Viveros;2015;22;NA;8;82;NA
2015-08-10;Politecnico;2015;17;10;16;65;NA
2015-08-10;Moli del Sol;2015;13;12;18;NA;3
2015-08-11;Moli del Sol;2015;24;22;18;NA;3
2015-08-11;Pista Silla;2015;14;11;29;NA;4
2015-08-11;Politecnico;2015;25;16;19;60;NA
2015-08-11;Viveros;2015;30;NA;9;78;NA
2015-08-11;Avda. Francia;2015;NA;NA;17;58;3
2015-08-12;Pista Silla;2015;18;14;25;NA;3
2015-08-12;Viveros;2015;NA;NA;7;80;NA
2015-08-12;Avda. Francia;2015;NA;NA;11;58;3
2015-08-12;Politecnico;2015;26;16;12;62;NA
2015-08-12;Moli del Sol;2015;27;25;16;NA;3
2015-08-13;Pista Silla;2015;16;6;27;NA;4
2015-08-13;Avda. Francia;2015;NA;NA;26;52;3
2015-08-13;Viveros;2015;NA;NA;10;71;NA
2015-08-13;Moli del Sol;2015;10;5;18;58;3
2015-08-13;Politecnico;2015;16;6;22;59;NA
2015-08-14;Viveros;2015;NA;NA;9;85;NA
2015-08-14;Avda. Francia;2015;NA;NA;20;63;3
2015-08-14;Pista Silla;2015;7;2;34;NA;3
2015-08-14;Politecnico;2015;11;3;19;69;NA
2015-08-14;Moli del Sol;2015;3;2;21;67;3
2015-08-15;Avda. Francia;2015;NA;NA;13;63;3
2015-08-15;Moli del Sol;2015;3;3;14;65;3
2015-08-15;Politecnico;2015;12;4;10;67;NA
2015-08-15;Pista Silla;2015;5;3;19;NA;4
2015-08-15;Viveros;2015;16;7;8;81;3
2015-08-16;Moli del Sol;2015;4;4;13;67;3
2015-08-16;Politecnico;2015;12;6;15;63;NA
2015-08-16;Avda. Francia;2015;NA;NA;16;59;3
2015-08-16;Pista Silla;2015;6;4;21;NA;3
2015-08-16;Viveros;2015;14;10;9;77;3
2015-08-17;Politecnico;2015;19;10;22;61;NA
2015-08-17;Moli del Sol;2015;6;6;22;59;3
2015-08-17;Pista Silla;2015;10;7;28;NA;3
2015-08-17;Viveros;2015;23;12;15;76;3
2015-08-17;Avda. Francia;2015;NA;NA;23;59;3
2015-08-18;Avda. Francia;2015;NA;NA;16;64;3
2015-08-18;Viveros;2015;18;8;9;84;3
2015-08-18;Pista Silla;2015;7;5;18;NA;3
2015-08-18;Politecnico;2015;16;9;14;67;NA
2015-08-18;Moli del Sol;2015;4;3;16;68;3
2015-08-19;Pista Silla;2015;5;4;22;NA;3
2015-08-19;Viveros;2015;11;8;7;91;3
2015-08-19;Avda. Francia;2015;NA;NA;19;62;3
2015-08-19;Moli del Sol;2015;4;4;15;72;3
2015-08-19;Politecnico;2015;11;6;14;69;NA
2015-08-20;Avda. Francia;2015;NA;NA;20;61;3
2015-08-20;Moli del Sol;2015;8;7;20;66;3
2015-08-20;Pista Silla;2015;8;6;28;NA;4
2015-08-20;Politecnico;2015;19;11;15;70;NA
2015-08-20;Viveros;2015;18;11;8;88;3
2015-08-21;Politecnico;2015;21;11;18;70;NA
2015-08-21;Avda. Francia;2015;NA;NA;19;67;3
2015-08-21;Moli del Sol;2015;8;7;22;NA;3
2015-08-21;Viveros;2015;20;11;10;89;3
2015-08-21;Pista Silla;2015;9;6;31;NA;4
2015-08-22;Viveros;2015;NA;9;6;93;3
2015-08-22;Moli del Sol;2015;NA;NA;NA;NA;NA
2015-08-22;Pista Silla;2015;7;6;22;NA;4
2015-08-22;Politecnico;2015;16;9;13;73;NA
2015-08-22;Avda. Francia;2015;NA;NA;14;71;3
2015-08-23;Pista Silla;2015;9;4;15;NA;3
2015-08-23;Moli del Sol;2015;NA;NA;NA;NA;NA
2015-08-23;Politecnico;2015;12;5;14;59;NA
2015-08-23;Avda. Francia;2015;NA;NA;15;52;3
2015-08-23;Viveros;2015;22;11;8;67;3
2015-08-24;Politecnico;2015;11;3;14;66;3
2015-08-24;Viveros;2015;NA;14;9;79;3
2015-08-24;Pista Silla;2015;57;10;22;80;4
2015-08-24;Avda. Francia;2015;NA;NA;21;59;3
2015-08-24;Moli del Sol;2015;4;2;11;71;3
2015-08-25;Politecnico;2015;18;7;14;73;3
2015-08-25;Avda. Francia;2015;NA;NA;18;66;3
2015-08-25;Moli del Sol;2015;4;3;18;69;3
2015-08-25;Viveros;2015;25;7;12;89;NA
2015-08-25;Pista Silla;2015;11;5;30;74;3
2015-08-26;Avda. Francia;2015;NA;NA;15;64;3
2015-08-26;Politecnico;2015;18;9;16;69;3
2015-08-26;Pista Silla;2015;14;6;32;64;3
2015-08-26;Moli del Sol;2015;4;4;19;NA;3
2015-08-26;Viveros;2015;23;9;13;83;NA
2015-08-27;Politecnico;2015;19;10;17;62;3
2015-08-27;Moli del Sol;2015;4;3;19;NA;3
2015-08-27;Pista Silla;2015;7;4;30;57;4
2015-08-27;Avda. Francia;2015;NA;NA;18;57;3
2015-08-27;Viveros;2015;25;9;13;75;NA
2015-08-28;Moli del Sol;2015;5;4;23;62;3
2015-08-28;Pista Silla;2015;12;5;34;58;5
2015-08-28;Avda. Francia;2015;NA;NA;19;60;3
2015-08-28;Politecnico;2015;16;9;18;66;3
2015-08-28;Viveros;2015;23;8;12;83;NA
2015-08-29;Moli del Sol;2015;5;4;15;64;3
2015-08-29;Pista Silla;2015;6;5;25;58;3
2015-08-29;Avda. Francia;2015;NA;NA;13;60;3
2015-08-29;Politecnico;2015;15;10;14;63;3
2015-08-29;Viveros;2015;NA;6;8;81;NA
2015-08-30;Viveros;2015;25;7;7;80;NA
2015-08-30;Avda. Francia;2015;NA;NA;12;56;3
2015-08-30;Politecnico;2015;22;14;12;61;3
2015-08-30;Moli del Sol;2015;9;8;13;64;3
2015-08-30;Pista Silla;2015;9;7;22;60;6
2015-08-31;Politecnico;2015;31;19;21;53;3
2015-08-31;Avda. Francia;2015;NA;NA;18;45;4
2015-08-31;Viveros;2015;37;NA;16;56;NA
2015-08-31;Pista Silla;2015;16;12;34;43;4
2015-08-31;Moli del Sol;2015;14;13;24;53;3
2015-09-01;Avda. Francia;2015;NA;NA;20;55;3
2015-09-01;Viveros;2015;28;16;11;73;4
2015-09-01;Pista Silla;2015;10;7;37;52;4
2015-09-01;Politecnico;2015;24;13;19;63;3
2015-09-01;Moli del Sol;2015;6;5;22;61;3
2015-09-02;Viveros;2015;22;10;12;83;4
2015-09-02;Politecnico;2015;17;9;21;70;3
2015-09-02;Pista Silla;2015;8;5;30;67;4
2015-09-02;Avda. Francia;2015;NA;NA;19;67;3
2015-09-02;Moli del Sol;2015;5;5;20;69;3
2015-09-03;Avda. Francia;2015;NA;NA;23;61;3
2015-09-03;Viveros;2015;23;12;14;80;3
2015-09-03;Moli del Sol;2015;7;7;22;71;3
2015-09-03;Pista Silla;2015;8;7;32;66;4
2015-09-03;Politecnico;2015;21;12;21;73;3
2015-09-04;Politecnico;2015;13;8;16;77;3
2015-09-04;Viveros;2015;16;8;9;75;4
2015-09-04;Avda. Francia;2015;NA;NA;22;68;3
2015-09-04;Moli del Sol;2015;4;3;17;79;3
2015-09-04;Pista Silla;2015;5;4;22;84;3
2015-09-05;Pista Silla;2015;4;4;32;64;3
2015-09-05;Viveros;2015;11;45;2;63;8
2015-09-05;Avda. Francia;2015;NA;NA;16;68;3
2015-09-05;Politecnico;2015;9;6;13;72;3
2015-09-05;Moli del Sol;2015;4;4;19;65;3
2015-09-06;Avda. Francia;2015;NA;NA;20;62;3
2015-09-06;Moli del Sol;2015;6;5;18;61;3
2015-09-06;Pista Silla;2015;5;5;27;66;4
2015-09-06;Viveros;2015;13;NA;18;47;3
2015-09-06;Politecnico;2015;7;6;21;67;3
2015-09-07;Pista Silla;2015;11;10;53;22;4
2015-09-07;Viveros;2015;32;52;8;16;NA
2015-09-07;Avda. Francia;2015;NA;NA;48;27;3
2015-09-07;Moli del Sol;2015;9;8;39;31;3
2015-09-07;Politecnico;2015;14;11;41;39;3
2015-09-08;Politecnico;2015;13;10;21;60;3
2015-09-08;Avda. Francia;2015;NA;NA;27;52;3
2015-09-08;Pista Silla;2015;7;7;42;48;4
2015-09-08;Viveros;2015;12;NA;19;44;3
2015-09-08;Moli del Sol;2015;6;6;30;51;3
2015-09-09;Avda. Francia;2015;NA;NA;35;55;3
2015-09-09;Moli del Sol;2015;7;6;29;57;3
2015-09-09;Politecnico;2015;12;8;26;64;3
2015-09-09;Viveros;2015;17;14;26;46;3
2015-09-09;Pista Silla;2015;8;6;48;50;6
2015-09-10;Viveros;2015;29;50;10;49;21
2015-09-10;Politecnico;2015;19;12;31;64;3
2015-09-10;Avda. Francia;2015;NA;NA;39;55;3
2015-09-10;Moli del Sol;2015;12;11;32;61;3
2015-09-10;Pista Silla;2015;11;10;45;59;5
2015-09-11;Pista Silla;2015;8;8;50;69;6
2015-09-11;Moli del Sol;2015;11;10;24;79;3
2015-09-11;Viveros;2015;21;13;13;69;3
2015-09-11;Avda. Francia;2015;NA;NA;21;73;3
2015-09-11;Politecnico;2015;18;12;20;78;3
2015-09-12;Politecnico;2015;18;12;22;77;3
2015-09-12;Pista Silla;2015;9;8;46;67;5
2015-09-12;Moli del Sol;2015;10;9;26;70;3
2015-09-12;Avda. Francia;2015;NA;NA;29;68;3
2015-09-12;Viveros;2015;16;48;2;59;14
2015-09-13;Avda. Francia;2015;NA;NA;26;56;3
2015-09-13;Viveros;2015;21;13;17;44;4
2015-09-13;Pista Silla;2015;8;6;22;69;4
2015-09-13;Politecnico;2015;15;8;26;60;3
2015-09-13;Moli del Sol;2015;8;6;15;65;3
2015-09-14;Viveros;2015;NA;10;19;43;4
2015-09-14;Avda. Francia;2015;NA;NA;18;58;3
2015-09-14;Politecnico;2015;11;4;25;60;3
2015-09-14;Pista Silla;2015;13;4;28;64;3
2015-09-14;Moli del Sol;2015;4;3;17;63;3
2015-09-15;Moli del Sol;2015;6;4;28;59;4
2015-09-15;Politecnico;2015;18;7;41;55;3
2015-09-15;Pista Silla;2015;15;6;44;53;4
2015-09-15;Viveros;2015;NA;14;34;38;3
2015-09-15;Avda. Francia;2015;NA;NA;28;56;3
2015-09-16;Avda. Francia;2015;NA;NA;21;56;3
2015-09-16;Politecnico;2015;15;5;25;60;3
2015-09-16;Pista Silla;2015;NA;NA;28;66;3
2015-09-16;Viveros;2015;NA;16;18;46;3
2015-09-16;Moli del Sol;2015;5;3;13;66;3
2015-09-17;Moli del Sol;2015;3;2;12;76;3
2015-09-17;Politecnico;2015;9;3;18;70;3
2015-09-17;Viveros;2015;NA;13;17;59;3
2015-09-17;Pista Silla;2015;NA;NA;23;81;6
2015-09-17;Avda. Francia;2015;NA;NA;14;65;3
2015-09-18;Pista Silla;2015;NA;NA;39;59;4
2015-09-18;Politecnico;2015;10;3;20;67;3
2015-09-18;Avda. Francia;2015;NA;NA;18;64;3
2015-09-18;Moli del Sol;2015;3;3;24;63;3
2015-09-18;Viveros;2015;NA;9;16;55;3
2015-09-19;Pista Silla;2015;17;13;39;61;3
2015-09-19;Politecnico;2015;10;4;22;69;3
2015-09-19;Avda. Francia;2015;NA;NA;22;66;3
2015-09-19;Viveros;2015;NA;10;24;47;3
2015-09-19;Moli del Sol;2015;3;3;21;67;3
2015-09-20;Viveros;2015;NA;17;15;51;3
2015-09-20;Pista Silla;2015;20;15;28;68;4
2015-09-20;Politecnico;2015;11;6;24;65;4
2015-09-20;Avda. Francia;2015;NA;NA;22;59;3
2015-09-20;Moli del Sol;2015;3;2;18;67;3
2015-09-21;Avda. Francia;2015;NA;NA;31;63;3
2015-09-21;Moli del Sol;2015;5;4;32;61;3
2015-09-21;Politecnico;2015;17;8;32;67;3
2015-09-21;Viveros;2015;NA;15;26;51;3
2015-09-21;Pista Silla;2015;36;25;47;57;3
2015-09-22;Politecnico;2015;22;14;31;63;3
2015-09-22;Avda. Francia;2015;NA;NA;29;60;3
2015-09-22;Pista Silla;2015;40;32;50;54;3
2015-09-22;Viveros;2015;29;16;23;53;3
2015-09-22;Moli del Sol;2015;7;6;32;61;4
2015-09-23;Pista Silla;2015;44;31;48;45;7
2015-09-23;Politecnico;2015;22;12;26;59;3
2015-09-23;Viveros;2015;22;16;27;40;3
2015-09-23;Avda. Francia;2015;NA;NA;28;55;3
2015-09-23;Moli del Sol;2015;9;8;33;50;3
2015-09-24;Viveros;2015;NA;11;26;44;3
2015-09-24;Pista Silla;2015;20;14;48;48;3
2015-09-24;Avda. Francia;2015;NA;NA;25;60;4
2015-09-24;Moli del Sol;2015;4;3;30;53;5
2015-09-24;Politecnico;2015;9;4;20;64;3
2015-09-25;Viveros;2015;NA;16;32;40;3
2015-09-25;Pista Silla;2015;36;24;56;40;3
2015-09-25;Avda. Francia;2015;NA;NA;39;47;3
2015-09-25;Politecnico;2015;15;8;42;53;3
2015-09-25;Moli del Sol;2015;5;4;34;52;4
2015-09-26;Viveros;2015;NA;19;22;57;3
2015-09-26;Moli del Sol;2015;8;7;24;64;3
2015-09-26;Pista Silla;2015;31;25;42;62;3
2015-09-26;Avda. Francia;2015;NA;NA;31;65;3
2015-09-26;Politecnico;2015;18;12;28;69;3
2015-09-27;Pista Silla;2015;30;26;37;42;4
2015-09-27;Viveros;2015;NA;NA;23;32;3
2015-09-27;Moli del Sol;2015;7;7;23;48;3
2015-09-27;Avda. Francia;2015;NA;NA;34;45;3
2015-09-27;Politecnico;2015;17;13;25;51;3
2015-09-28;Viveros;2015;NA;8;23;36;3
2015-09-28;Avda. Francia;2015;NA;NA;28;50;3
2015-09-28;Politecnico;2015;14;9;28;57;3
2015-09-28;Moli del Sol;2015;5;5;28;42;3
2015-09-28;Pista Silla;2015;26;21;41;44;4
2015-09-29;Avda. Francia;2015;NA;NA;26;54;3
2015-09-29;Pista Silla;2015;34;25;35;55;3
2015-09-29;Politecnico;2015;13;8;26;63;3
2015-09-29;Viveros;2015;17;NA;20;47;3
2015-09-29;Moli del Sol;2015;5;5;22;57;3
2015-09-30;Moli del Sol;2015;4;3;27;60;3
2015-09-30;Avda. Francia;2015;NA;NA;NA;NA;NA
2015-09-30;Politecnico;2015;16;7;25;73;3
2015-09-30;Pista Silla;2015;29;21;43;62;3
2015-09-30;Viveros;2015;20;NA;17;60;3
2015-10-01;Viveros;2015;25;NA;25;45;3
2015-10-01;Politecnico;2015;23;12;29;64;3
2015-10-01;Avda. Francia;2015;NA;NA;NA;NA;NA
2015-10-01;Moli del Sol;2015;NA;NA;29;53;3
2015-10-01;Pista Silla;2015;62;43;44;48;NA
2015-10-02;Politecnico;2015;26;15;29;66;3
2015-10-02;Pista Silla;2015;67;47;49;51;3
2015-10-02;Moli del Sol;2015;NA;NA;26;59;3
2015-10-02;Avda. Francia;2015;NA;NA;NA;NA;NA
2015-10-02;Viveros;2015;27;NA;27;49;3
2015-10-03;Politecnico;2015;24;16;52;35;3
2015-10-03;Pista Silla;2015;48;39;55;24;4
2015-10-03;Moli del Sol;2015;NA;NA;38;35;4
2015-10-03;Viveros;2015;30;NA;42;17;3
2015-10-03;Avda. Francia;2015;NA;NA;NA;NA;NA
2015-10-04;Avda. Francia;2015;NA;NA;NA;NA;NA
2015-10-04;Politecnico;2015;24;17;38;46;3
2015-10-04;Viveros;2015;31;NA;25;33;3
2015-10-04;Moli del Sol;2015;NA;NA;28;41;3
2015-10-04;Pista Silla;2015;47;40;47;31;3
2015-10-05;Viveros;2015;41;NA;29;24;3
2015-10-05;Avda. Francia;2015;NA;NA;18;29;4
2015-10-05;Moli del Sol;2015;NA;NA;19;43;3
2015-10-05;Pista Silla;2015;74;46;37;33;3
2015-10-05;Politecnico;2015;29;12;34;36;3
2015-10-06;Pista Silla;2015;63;33;27;52;4
2015-10-06;Politecnico;2015;13;5;24;52;3
2015-10-06;Moli del Sol;2015;NA;NA;14;58;3
2015-10-06;Avda. Francia;2015;NA;NA;26;48;5
2015-10-06;Viveros;2015;24;15;21;41;3
2015-10-07;Moli del Sol;2015;NA;NA;30;50;3
2015-10-07;Avda. Francia;2015;NA;NA;33;53;3
2015-10-07;Pista Silla;2015;34;22;47;43;6
2015-10-07;Politecnico;2015;11;4;25;59;3
2015-10-07;Viveros;2015;NA;8;24;49;3
2015-10-08;Avda. Francia;2015;NA;NA;48;38;3
2015-10-08;Pista Silla;2015;35;26;50;28;3
2015-10-08;Viveros;2015;NA;NA;32;28;3
2015-10-08;Moli del Sol;2015;NA;NA;37;29;3
2015-10-08;Politecnico;2015;12;8;40;NA;NA
2015-10-09;Avda. Francia;2015;NA;NA;25;52;3
2015-10-09;Viveros;2015;14;6;24;40;3
2015-10-09;Pista Silla;2015;21;18;37;43;3
2015-10-09;Moli del Sol;2015;NA;NA;23;45;3
2015-10-09;Politecnico;2015;8;6;25;59;3
2015-10-10;Politecnico;2015;13;9;29;55;3
2015-10-10;Moli del Sol;2015;NA;NA;24;47;3
2015-10-10;Avda. Francia;2015;NA;NA;33;49;3
2015-10-10;Viveros;2015;19;11;21;41;3
2015-10-10;Pista Silla;2015;29;25;37;45;3
2015-10-11;Avda. Francia;2015;NA;NA;35;45;3
2015-10-11;Pista Silla;2015;34;29;32;40;3
2015-10-11;Viveros;2015;24;16;27;31;3
2015-10-11;Politecnico;2015;14;10;30;49;3
2015-10-11;Moli del Sol;2015;NA;NA;21;42;3
2015-10-12;Moli del Sol;2015;NA;NA;26;33;3
2015-10-12;Avda. Francia;2015;NA;NA;33;39;3
2015-10-12;Politecnico;2015;11;7;35;40;3
2015-10-12;Viveros;2015;NA;16;27;24;3
2015-10-12;Pista Silla;2015;32;28;38;31;3
2015-10-13;Pista Silla;2015;20;18;37;32;4
2015-10-13;Avda. Francia;2015;NA;NA;32;36;3
2015-10-13;Politecnico;2015;10;8;31;41;3
2015-10-13;Viveros;2015;NA;NA;23;28;3
2015-10-13;Moli del Sol;2015;NA;NA;29;30;3
2015-10-14;Avda. Francia;2015;NA;NA;37;46;3
2015-10-14;Viveros;2015;NA;13;28;35;3
2015-10-14;Pista Silla;2015;38;28;52;32;4
2015-10-14;Moli del Sol;2015;NA;NA;34;38;3
2015-10-14;Politecnico;2015;13;9;35;47;3
2015-10-15;Moli del Sol;2015;NA;NA;34;42;3
2015-10-15;Avda. Francia;2015;NA;NA;40;50;3
2015-10-15;Viveros;2015;NA;14;31;42;3
2015-10-15;Pista Silla;2015;52;36;66;35;5
2015-10-15;Politecnico;2015;14;9;36;51;3
2015-10-16;Pista Silla;2015;55;40;54;47;3
2015-10-16;Viveros;2015;NA;18;26;65;3
2015-10-16;Politecnico;2015;17;12;25;63;3
2015-10-16;Avda. Francia;2015;NA;NA;40;62;3
2015-10-16;Moli del Sol;2015;NA;NA;30;51;3
2015-10-17;Politecnico;2015;17;13;17;78;3
2015-10-17;Avda. Francia;2015;NA;NA;26;75;3
2015-10-17;Pista Silla;2015;31;27;29;80;4
2015-10-17;Moli del Sol;2015;NA;NA;21;70;3
2015-10-17;Viveros;2015;19;17;12;91;3
2015-10-18;Politecnico;2015;17;13;24;66;3
2015-10-18;Moli del Sol;2015;NA;NA;23;60;3
2015-10-18;Viveros;2015;19;15;19;73;3
2015-10-18;Avda. Francia;2015;NA;NA;27;69;3
2015-10-18;Pista Silla;2015;33;29;35;60;3
2015-10-19;Moli del Sol;2015;NA;NA;23;47;3
2015-10-19;Avda. Francia;2015;NA;NA;37;56;3
2015-10-19;Pista Silla;2015;30;26;38;54;3
2015-10-19;Politecnico;2015;15;12;30;57;3
2015-10-19;Viveros;2015;19;15;23;63;3
2015-10-20;Moli del Sol;2015;NA;NA;29;32;3
2015-10-20;Pista Silla;2015;30;26;41;33;3
2015-10-20;Viveros;2015;20;NA;28;38;3
2015-10-20;Avda. Francia;2015;NA;NA;47;38;3
2015-10-20;Politecnico;2015;15;11;36;40;3
2015-10-21;Moli del Sol;2015;NA;NA;NA;40;3
2015-10-21;Pista Silla;2015;39;29;48;25;5
2015-10-21;Politecnico;2015;12;8;50;33;3
2015-10-21;Viveros;2015;18;18;38;29;3
2015-10-21;Avda. Francia;2015;NA;NA;46;34;3
2015-10-22;Viveros;2015;NA;15;44;39;3
2015-10-22;Pista Silla;2015;47;34;54;30;3
2015-10-22;Avda. Francia;2015;NA;NA;53;44;3
2015-10-22;Politecnico;2015;15;8;63;38;3
2015-10-22;Moli del Sol;2015;NA;NA;60;46;4
2015-10-23;Avda. Francia;2015;NA;NA;68;31;3
2015-10-23;Moli del Sol;2015;NA;NA;80;31;4
2015-10-23;Viveros;2015;NA;25;56;18;3
2015-10-23;Pista Silla;2015;54;42;65;14;3
2015-10-23;Politecnico;2015;19;12;72;28;4
2015-10-24;Pista Silla;2015;42;38;53;26;3
2015-10-24;Politecnico;2015;19;14;47;40;3
2015-10-24;Moli del Sol;2015;NA;NA;61;42;3
2015-10-24;Avda. Francia;2015;NA;NA;55;41;3
2015-10-24;Viveros;2015;NA;27;43;33;3
2015-10-25;Viveros;2015;NA;NA;19;57;3
2015-10-25;Avda. Francia;2015;NA;NA;35;52;3
2015-10-25;Moli del Sol;2015;NA;NA;26;57;3
2015-10-25;Pista Silla;2015;34;31;31;48;3
2015-10-25;Politecnico;2015;15;12;18;58;3
2015-10-26;Avda. Francia;2015;NA;NA;39;45;3
2015-10-26;Politecnico;2015;16;13;31;49;3
2015-10-26;Viveros;2015;NA;18;25;55;3
2015-10-26;Moli del Sol;2015;NA;NA;49;48;3
2015-10-26;Pista Silla;2015;35;30;50;42;4
2015-10-27;Viveros;2015;NA;NA;39;19;3
2015-10-27;Avda. Francia;2015;NA;NA;45;32;3
2015-10-27;Politecnico;2015;18;15;53;29;3
2015-10-27;Pista Silla;2015;46;38;51;25;4
2015-10-27;Moli del Sol;2015;NA;NA;52;40;3
2015-10-28;Avda. Francia;2015;NA;NA;37;40;4
2015-10-28;Moli del Sol;2015;NA;NA;35;59;3
2015-10-28;Pista Silla;2015;27;17;32;51;5
2015-10-28;Politecnico;2015;6;3;34;49;3
2015-10-28;Viveros;2015;21;13;29;48;3
2015-10-29;Avda. Francia;2015;NA;NA;38;38;3
2015-10-29;Politecnico;2015;10;5;48;39;3
2015-10-29;Moli del Sol;2015;NA;NA;54;48;3
2015-10-29;Pista Silla;2015;44;29;49;34;3
2015-10-29;Viveros;2015;NA;NA;37;35;3
2015-10-30;Avda. Francia;2015;NA;NA;38;43;3
2015-10-30;Viveros;2015;NA;NA;26;46;3
2015-10-30;Moli del Sol;2015;NA;NA;60;44;3
2015-10-30;Pista Silla;2015;36;28;48;36;3
2015-10-30;Politecnico;2015;11;8;37;46;3
2015-10-31;Viveros;2015;NA;NA;25;49;3
2015-10-31;Politecnico;2015;11;9;30;49;3
2015-10-31;Pista Silla;2015;28;25;38;43;4
2015-10-31;Moli del Sol;2015;NA;NA;36;52;3
2015-10-31;Avda. Francia;2015;NA;NA;35;43;3
2015-11-01;Viveros;2015;NA;NA;6;96;3
2015-11-01;Avda. Francia;2015;NA;NA;14;74;3
2015-11-01;Moli del Sol;2015;NA;NA;21;79;3
2015-11-01;Pista Silla;2015;42;35;18;85;3
2015-11-01;Politecnico;2015;20;14;12;76;3
2015-11-02;Politecnico;2015;20;12;41;56;3
2015-11-02;Avda. Francia;2015;NA;NA;28;51;3
2015-11-02;Moli del Sol;2015;NA;NA;49;57;3
2015-11-02;Pista Silla;2015;45;34;42;49;4
2015-11-02;Viveros;2015;NA;NA;30;51;3
2015-11-03;Avda. Francia;2015;NA;NA;59;21;3
2015-11-03;Viveros;2015;23;13;46;17;3
2015-11-03;Moli del Sol;2015;NA;NA;64;30;3
2015-11-03;Politecnico;2015;12;6;77;22;3
2015-11-03;Pista Silla;2015;24;18;54;19;4
2015-11-04;Politecnico;2015;12;7;56;28;3
2015-11-04;Avda. Francia;2015;NA;NA;48;23;3
2015-11-04;Pista Silla;2015;26;21;54;19;4
2015-11-04;Viveros;2015;20;12;41;22;3
2015-11-04;Moli del Sol;2015;NA;NA;59;34;3
2015-11-05;Avda. Francia;2015;NA;NA;48;27;3
2015-11-05;Politecnico;2015;14;9;51;31;3
2015-11-05;Viveros;2015;23;11;37;30;3
2015-11-05;Pista Silla;2015;34;26;48;28;3
2015-11-05;Moli del Sol;2015;NA;NA;53;42;3
2015-11-06;Politecnico;2015;19;14;59;25;3
2015-11-06;Moli del Sol;2015;NA;NA;74;26;4
2015-11-06;Avda. Francia;2015;NA;NA;64;19;3
2015-11-06;Pista Silla;2015;45;38;64;9;3
2015-11-06;Viveros;2015;27;19;39;24;3
2015-11-07;Avda. Francia;2015;NA;NA;53;29;3
2015-11-07;Moli del Sol;2015;NA;NA;61;35;3
2015-11-07;Pista Silla;2015;50;45;47;22;3
2015-11-07;Viveros;2015;30;24;35;26;3
2015-11-07;Politecnico;2015;24;20;64;19;3
2015-11-08;Viveros;2015;27;26;36;32;3
2015-11-08;Pista Silla;2015;43;40;45;26;5
2015-11-08;Avda. Francia;2015;NA;NA;49;34;3
2015-11-08;Moli del Sol;2015;NA;NA;51;39;3
2015-11-08;Politecnico;2015;22;20;41;38;3
2015-11-09;Pista Silla;2015;50;44;54;18;3
2015-11-09;Avda. Francia;2015;NA;NA;52;NA;3
2015-11-09;Moli del Sol;2015;NA;NA;60;31;4
2015-11-09;Viveros;2015;30;26;42;21;3
2015-11-09;Politecnico;2015;23;18;59;29;3
2015-11-10;Avda. Francia;2015;NA;NA;66;NA;4
2015-11-10;Viveros;2015;32;23;48;15;4
2015-11-10;Pista Silla;2015;55;46;65;12;3
2015-11-10;Moli del Sol;2015;NA;NA;63;28;5
2015-11-10;Politecnico;2015;27;16;78;19;3
2015-11-11;Viveros;2015;44;37;45;18;4
2015-11-11;Avda. Francia;2015;NA;NA;71;NA;4
2015-11-11;Politecnico;2015;30;23;64;28;4
2015-11-11;Pista Silla;2015;68;59;69;10;4
2015-11-11;Moli del Sol;2015;NA;NA;71;24;5
2015-11-12;Politecnico;2015;43;34;72;22;3
2015-11-12;Viveros;2015;52;47;43;20;3
2015-11-12;Moli del Sol;2015;NA;NA;57;27;4
2015-11-12;Avda. Francia;2015;NA;NA;69;NA;3
2015-11-12;Pista Silla;2015;62;48;61;12;4
2015-11-13;Pista Silla;2015;42;28;50;25;3
2015-11-13;Avda. Francia;2015;NA;NA;49;NA;3
2015-11-13;Moli del Sol;2015;NA;NA;69;35;3
2015-11-13;Viveros;2015;42;36;29;37;3
2015-11-13;Politecnico;2015;35;29;38;37;3
2015-11-14;Viveros;2015;36;35;33;27;3
2015-11-14;Avda. Francia;2015;NA;NA;47;NA;3
2015-11-14;Pista Silla;2015;28;21;46;21;3
2015-11-14;Moli del Sol;2015;NA;NA;72;37;3
2015-11-14;Politecnico;2015;28;24;50;29;3
2015-11-15;Viveros;2015;25;24;31;26;3
2015-11-15;Avda. Francia;2015;NA;NA;47;NA;3
2015-11-15;Pista Silla;2015;20;15;42;19;4
2015-11-15;Moli del Sol;2015;NA;NA;55;35;3
2015-11-15;Politecnico;2015;20;17;46;27;3
2015-11-16;Moli del Sol;2015;24;22;66;21;4
2015-11-16;Viveros;2015;28;26;43;11;3
2015-11-16;Avda. Francia;2015;NA;NA;67;NA;5
2015-11-16;Politecnico;2015;NA;NA;63;17;3
2015-11-16;Pista Silla;2015;35;18;58;6;4
2015-11-17;Pista Silla;2015;37;18;58;7;5
2015-11-17;Viveros;2015;32;29;46;11;3
2015-11-17;Avda. Francia;2015;NA;NA;67;NA;4
2015-11-17;Politecnico;2015;NA;NA;62;17;3
2015-11-17;Moli del Sol;2015;23;22;72;21;5
2015-11-18;Viveros;2015;38;36;56;11;3
2015-11-18;Politecnico;2015;NA;NA;80;18;3
2015-11-18;Moli del Sol;2015;27;25;79;23;5
2015-11-18;Pista Silla;2015;42;20;64;8;5
2015-11-18;Avda. Francia;2015;NA;NA;73;NA;5
2015-11-19;Politecnico;2015;NA;NA;76;19;3
2015-11-19;Viveros;2015;38;32;51;11;3
2015-11-19;Avda. Francia;2015;NA;NA;70;NA;4
2015-11-19;Moli del Sol;2015;25;24;86;22;4
2015-11-19;Pista Silla;2015;41;19;67;7;4
2015-11-20;Viveros;2015;31;28;43;17;3
2015-11-20;Politecnico;2015;NA;NA;64;20;3
2015-11-20;Avda. Francia;2015;NA;NA;55;18;3
2015-11-20;Moli del Sol;2015;17;15;68;30;4
2015-11-20;Pista Silla;2015;62;17;46;17;4
2015-11-21;Viveros;2015;40;38;9;77;3
2015-11-21;Moli del Sol;2015;12;8;27;66;3
2015-11-21;Avda. Francia;2015;NA;NA;16;52;3
2015-11-21;Pista Silla;2015;63;13;17;63;4
2015-11-21;Politecnico;2015;21;6;8;59;3
2015-11-22;Avda. Francia;2015;NA;NA;38;43;4
2015-11-22;Moli del Sol;2015;7;6;52;54;3
2015-11-22;Pista Silla;2015;10;4;28;54;3
2015-11-22;Politecnico;2015;5;3;32;49;3
2015-11-22;Viveros;2015;13;10;20;68;3
2015-11-23;Moli del Sol;2015;9;8;63;39;4
2015-11-23;Politecnico;2015;12;5;48;36;3
2015-11-23;Avda. Francia;2015;NA;NA;57;28;7
2015-11-23;Viveros;2015;18;13;29;36;3
2015-11-23;Pista Silla;2015;23;8;44;32;3
2015-11-24;Avda. Francia;2015;NA;NA;69;24;7
2015-11-24;Moli del Sol;2015;12;11;54;37;4
2015-11-24;Viveros;2015;27;16;46;21;3
2015-11-24;Pista Silla;2015;47;14;63;20;5
2015-11-24;Politecnico;2015;18;7;68;29;3
2015-11-25;Pista Silla;2015;80;17;43;33;3
2015-11-25;Politecnico;2015;13;5;39;38;3
2015-11-25;Avda. Francia;2015;NA;NA;48;29;4
2015-11-25;Viveros;2015;22;19;32;26;3
2015-11-25;Moli del Sol;2015;8;7;27;46;3
2015-11-26;Politecnico;2015;17;5;6;78;3
2015-11-26;Avda. Francia;2015;NA;NA;23;66;3
2015-11-26;Viveros;2015;44;22;8;76;3
2015-11-26;Moli del Sol;2015;12;8;11;79;3
2015-11-26;Pista Silla;2015;100;22;28;76;5
2015-11-27;Politecnico;2015;18;7;48;48;3
2015-11-27;Viveros;2015;28;11;39;35;4
2015-11-27;Moli del Sol;2015;10;9;45;46;4
2015-11-27;Pista Silla;2015;32;13;54;37;3
2015-11-27;Avda. Francia;2015;NA;NA;39;47;3
2015-11-28;Avda. Francia;2015;NA;NA;61;23;3
2015-11-28;Pista Silla;2015;18;7;56;18;3
2015-11-28;Viveros;2015;17;14;47;17;3
2015-11-28;Politecnico;2015;9;6;67;31;3
2015-11-28;Moli del Sol;2015;11;10;50;27;3
2015-11-29;Pista Silla;2015;11;6;40;34;3
2015-11-29;Avda. Francia;2015;NA;NA;51;33;3
2015-11-29;Politecnico;2015;9;6;46;39;3
2015-11-29;Viveros;2015;19;14;40;26;3
2015-11-29;Moli del Sol;2015;11;11;28;42;3
2015-11-30;Viveros;2015;34;26;64;11;4
2015-11-30;Avda. Francia;2015;NA;NA;NA;16;3
2015-11-30;Moli del Sol;2015;21;20;60;22;6
2015-11-30;Pista Silla;2015;80;26;69;11;4
2015-11-30;Politecnico;2015;25;16;96;17;6
2015-12-01;Moli del Sol;2015;29;28;NA;20;5
2015-12-01;Pista Silla;2015;63;24;65;9;4
2015-12-01;Avda. Francia;2015;NA;NA;71;18;6
2015-12-01;Politecnico;2015;31;21;85;18;4
2015-12-01;Viveros;2015;41;30;61;11;4
2015-12-02;Viveros;2015;47;36;62;11;4
2015-12-02;Moli del Sol;2015;34;32;NA;19;5
2015-12-02;Politecnico;2015;37;26;94;15;5
2015-12-02;Avda. Francia;2015;NA;NA;88;16;7
2015-12-02;Pista Silla;2015;43;23;69;8;5
2015-12-03;Pista Silla;2015;47;23;68;11;4
2015-12-03;Avda. Francia;2015;NA;NA;86;20;3
2015-12-03;Moli del Sol;2015;34;33;NA;20;5
2015-12-03;Politecnico;2015;41;29;93;19;4
2015-12-03;Viveros;2015;51;36;NA;13;4
2015-12-04;Avda. Francia;2015;NA;NA;77;23;7
2015-12-04;Pista Silla;2015;46;26;69;9;5
2015-12-04;Viveros;2015;51;43;NA;11;4
2015-12-04;Politecnico;2015;40;31;85;20;3
2015-12-04;Moli del Sol;2015;39;38;NA;13;4
2015-12-05;Avda. Francia;2015;NA;NA;61;32;5
2015-12-05;Moli del Sol;2015;43;43;35;30;4
2015-12-05;Politecnico;2015;39;34;45;32;3
2015-12-05;Viveros;2015;51;44;NA;25;3
2015-12-05;Pista Silla;2015;32;25;48;23;3
2015-12-06;Avda. Francia;2015;NA;NA;46;37;3
2015-12-06;Pista Silla;2015;33;27;50;22;3
2015-12-06;Viveros;2015;52;47;NA;19;3
2015-12-06;Moli del Sol;2015;44;43;34;28;3
2015-12-06;Politecnico;2015;38;33;35;38;3
2015-12-07;Moli del Sol;2015;40;40;42;20;3
2015-12-07;Avda. Francia;2015;NA;NA;60;21;3
2015-12-07;Viveros;2015;53;43;NA;9;3
2015-12-07;Pista Silla;2015;32;26;52;16;3
2015-12-07;Politecnico;2015;36;32;66;22;3
2015-12-08;Moli del Sol;2015;33;32;38;20;3
2015-12-08;Viveros;2015;40;31;NA;11;3
2015-12-08;Pista Silla;2015;24;19;47;15;5
2015-12-08;Politecnico;2015;33;27;58;22;3
2015-12-08;Avda. Francia;2015;NA;NA;55;21;4
2015-12-09;Viveros;2015;31;26;NA;19;3
2015-12-09;Moli del Sol;2015;28;27;40;18;4
2015-12-09;Pista Silla;2015;31;20;48;15;4
2015-12-09;Avda. Francia;2015;NA;NA;50;23;3
2015-12-09;Politecnico;2015;31;24;50;26;3
2015-12-10;Avda. Francia;2015;NA;NA;73;12;5
2015-12-10;Politecnico;2015;35;25;85;13;4
2015-12-10;Moli del Sol;2015;29;28;66;12;4
2015-12-10;Pista Silla;2015;50;29;68;5;4
2015-12-10;Viveros;2015;37;28;50;6;4
2015-12-11;Avda. Francia;2015;NA;NA;69;15;5
2015-12-11;Moli del Sol;2015;30;30;65;9;4
2015-12-11;Pista Silla;2015;40;24;64;6;7
2015-12-11;Viveros;2015;35;25;41;8;3
2015-12-11;Politecnico;2015;25;19;67;21;3
2015-12-12;Avda. Francia;2015;NA;NA;54;21;5
2015-12-12;Politecnico;2015;27;22;62;26;3
2015-12-12;Moli del Sol;2015;31;30;49;19;3
2015-12-12;Viveros;2015;37;29;33;13;3
2015-12-12;Pista Silla;2015;29;20;55;12;3
2015-12-13;Avda. Francia;2015;NA;NA;41;17;5
2015-12-13;Politecnico;2015;18;15;37;36;3
2015-12-13;Moli del Sol;2015;20;20;34;28;3
2015-12-13;Pista Silla;2015;19;12;41;21;3
2015-12-13;Viveros;2015;21;17;NA;20;3
2015-12-14;Avda. Francia;2015;NA;NA;62;11;5
2015-12-14;Viveros;2015;35;24;NA;11;4
2015-12-14;Moli del Sol;2015;20;19;58;17;3
2015-12-14;Pista Silla;2015;60;23;54;15;4
2015-12-14;Politecnico;2015;30;20;78;16;3
2015-12-15;Moli del Sol;2015;28;26;68;15;3
2015-12-15;Politecnico;2015;48;26;92;11;5
2015-12-15;Avda. Francia;2015;NA;NA;74;8;6
2015-12-15;Viveros;2015;60;36;NA;7;5
2015-12-15;Pista Silla;2015;90;34;66;11;5
2015-12-16;Viveros;2015;56;34;NA;6;4
2015-12-16;Politecnico;2015;46;26;83;12;4
2015-12-16;Moli del Sol;2015;25;23;73;10;4
2015-12-16;Avda. Francia;2015;NA;NA;72;6;5
2015-12-16;Pista Silla;2015;69;32;63;6;4
2015-12-17;Politecnico;2015;47;29;89;8;5
2015-12-17;Moli del Sol;2015;29;27;71;9;4
2015-12-17;Viveros;2015;58;40;NA;4;4
2015-12-17;Avda. Francia;2015;NA;NA;74;5;8
2015-12-17;Pista Silla;2015;60;33;64;5;4
2015-12-18;Pista Silla;2015;63;35;74;4;6
2015-12-18;Moli del Sol;2015;34;33;82;8;5
2015-12-18;Viveros;2015;66;46;NA;4;5
2015-12-18;Politecnico;2015;52;37;99;7;6
2015-12-18;Avda. Francia;2015;NA;NA;80;10;7
2015-12-19;Pista Silla;2015;NA;NA;62;5;5
2015-12-19;Viveros;2015;64;45;NA;5;3
2015-12-19;Moli del Sol;2015;36;35;61;10;4
2015-12-19;Politecnico;2015;49;37;80;9;3
2015-12-19;Avda. Francia;2015;NA;NA;70;13;9
2015-12-20;Avda. Francia;2015;NA;NA;65;23;3
2015-12-20;Politecnico;2015;53;42;62;20;3
2015-12-20;Moli del Sol;2015;39;38;41;19;4
2015-12-20;Pista Silla;2015;NA;NA;49;13;3
2015-12-20;Viveros;2015;69;52;NA;15;3
2015-12-21;Pista Silla;2015;NA;NA;64;10;4
2015-12-21;Avda. Francia;2015;NA;NA;67;20;6
2015-12-21;Politecnico;2015;48;36;67;19;3
2015-12-21;Viveros;2015;63;40;NA;10;3
2015-12-21;Moli del Sol;2015;35;34;69;15;4
2015-12-22;Pista Silla;2015;45;30;61;14;5
2015-12-22;Moli del Sol;2015;29;29;55;19;3
2015-12-22;Politecnico;2015;42;32;75;18;3
2015-12-22;Viveros;2015;50;39;NA;13;3
2015-12-22;Avda. Francia;2015;NA;NA;70;19;4
2015-12-23;Moli del Sol;2015;30;29;62;10;3
2015-12-23;Viveros;2015;44;37;59;8;3
2015-12-23;Pista Silla;2015;76;46;65;8;4
2015-12-23;Politecnico;2015;37;28;73;14;4
2015-12-23;Avda. Francia;2015;NA;NA;73;10;3
2015-12-24;Moli del Sol;2015;30;30;60;16;3
2015-12-24;Politecnico;2015;35;28;59;24;3
2015-12-24;Viveros;2015;45;39;49;13;3
2015-12-24;Avda. Francia;2015;NA;NA;72;20;3
2015-12-24;Pista Silla;2015;NA;NA;57;15;6
2015-12-25;Politecnico;2015;31;25;50;20;3
2015-12-25;Avda. Francia;2015;NA;NA;53;20;3
2015-12-25;Moli del Sol;2015;26;26;41;19;3
2015-12-25;Pista Silla;2015;NA;NA;45;18;7
2015-12-25;Viveros;2015;40;34;20;14;3
2015-12-26;Pista Silla;2015;NA;NA;48;29;3
2015-12-26;Moli del Sol;2015;22;22;34;31;3
2015-12-26;Avda. Francia;2015;NA;NA;58;27;3
2015-12-26;Politecnico;2015;29;24;53;28;3
2015-12-26;Viveros;2015;37;29;33;19;3
2015-12-27;Pista Silla;2015;NA;NA;41;28;4
2015-12-27;Politecnico;2015;23;20;35;34;3
2015-12-27;Avda. Francia;2015;NA;NA;47;28;3
2015-12-27;Viveros;2015;32;24;39;25;3
2015-12-27;Moli del Sol;2015;18;18;34;30;3
2015-12-28;Moli del Sol;2015;22;22;60;21;3
2015-12-28;Politecnico;2015;27;20;51;35;3
2015-12-28;Viveros;2015;30;24;43;21;4
2015-12-28;Avda. Francia;2015;NA;NA;57;33;3
2015-12-28;Pista Silla;2015;33;29;66;23;4
2015-12-29;Avda. Francia;2015;NA;NA;66;14;3
2015-12-29;Viveros;2015;36;27;40;10;3
2015-12-29;Politecnico;2015;29;20;71;19;3
2015-12-29;Pista Silla;2015;72;56;54;14;3
2015-12-29;Moli del Sol;2015;19;18;52;17;4
2015-12-30;Avda. Francia;2015;NA;NA;59;15;3
2015-12-30;Pista Silla;2015;72;34;48;22;4
2015-12-30;Viveros;2015;NA;20;NA;16;3
2015-12-30;Politecnico;2015;19;10;61;26;3
2015-12-30;Moli del Sol;2015;11;10;56;22;3
2015-12-31;Avda. Francia;2015;NA;NA;41;NA;3
2015-12-31;Politecnico;2015;14;9;37;36;3
2015-12-31;Pista Silla;2015;28;10;33;37;3
2015-12-31;Viveros;2015;24;18;NA;27;3
2015-12-31;Moli del Sol;2015;10;9;26;39;3
2016-01-01;Avda. Francia;2016;NA;NA;46;NA;3
2016-01-01;Politecnico;2016;19;16;43;28;3
2016-01-01;Moli del Sol;2016;19;19;31;23;3
2016-01-01;Pista Silla;2016;16;13;39;23;5
2016-01-01;Viveros;2016;27;23;37;18;3
2016-01-02;Politecnico;2016;9;5;28;50;3
2016-01-02;Avda. Francia;2016;NA;NA;30;NA;3
2016-01-02;Viveros;2016;25;23;NA;36;3
2016-01-02;Moli del Sol;2016;5;4;20;48;3
2016-01-02;Pista Silla;2016;47;10;25;51;3
2016-01-03;Moli del Sol;2016;5;4;15;48;3
2016-01-03;Pista Silla;2016;36;8;17;61;4
2016-01-03;Viveros;2016;23;21;NA;40;4
2016-01-03;Avda. Francia;2016;NA;NA;20;NA;3
2016-01-03;Politecnico;2016;7;4;22;52;3
2016-01-04;Moli del Sol;2016;17;7;9;48;3
2016-01-04;Pista Silla;2016;77;13;16;53;4
2016-01-04;Avda. Francia;2016;NA;NA;17;NA;3
2016-01-04;Politecnico;2016;19;4;13;49;3
2016-01-04;Viveros;2016;56;52;13;39;3
2016-01-05;Viveros;2016;21;15;NA;38;3
2016-01-05;Pista Silla;2016;47;10;30;53;4
2016-01-05;Politecnico;2016;5;2;29;54;3
2016-01-05;Avda. Francia;2016;NA;NA;40;40;3
2016-01-05;Moli del Sol;2016;3;2;25;48;3
2016-01-06;Viveros;2016;21;20;NA;54;3
2016-01-06;Moli del Sol;2016;3;2;7;61;3
2016-01-06;Avda. Francia;2016;NA;NA;19;55;3
2016-01-06;Pista Silla;2016;33;7;12;75;5
2016-01-06;Politecnico;2016;4;2;7;61;3
2016-01-07;Politecnico;2016;6;2;16;52;3
2016-01-07;Avda. Francia;2016;NA;NA;20;47;5
2016-01-07;Viveros;2016;19;15;NA;42;3
2016-01-07;Moli del Sol;2016;5;3;11;53;3
2016-01-07;Pista Silla;2016;83;15;16;62;6
2016-01-08;Moli del Sol;2016;6;4;26;44;3
2016-01-08;Avda. Francia;2016;NA;NA;35;40;5
2016-01-08;Pista Silla;2016;58;10;29;50;6
2016-01-08;Politecnico;2016;6;3;24;50;3
2016-01-08;Viveros;2016;16;10;16;34;3
2016-01-09;Avda. Francia;2016;NA;NA;23;54;3
2016-01-09;Moli del Sol;2016;6;4;12;61;3
2016-01-09;Politecnico;2016;7;4;16;65;3
2016-01-09;Pista Silla;2016;45;10;17;NA;3
2016-01-09;Viveros;2016;16;12;6;51;3
2016-01-10;Pista Silla;2016;49;10;10;NA;3
2016-01-10;Politecnico;2016;5;2;7;74;3
2016-01-10;Viveros;2016;15;11;6;59;3
2016-01-10;Avda. Francia;2016;NA;NA;12;65;3
2016-01-10;Moli del Sol;2016;3;2;8;67;4
2016-01-11;Moli del Sol;2016;4;2;13;63;4
2016-01-11;Viveros;2016;18;13;NA;54;3
2016-01-11;Avda. Francia;2016;NA;NA;22;60;3
2016-01-11;Pista Silla;2016;78;15;20;NA;5
2016-01-11;Politecnico;2016;6;2;21;65;3
2016-01-12;Moli del Sol;2016;4;3;22;50;3
2016-01-12;Viveros;2016;26;18;NA;40;3
2016-01-12;Politecnico;2016;8;4;24;54;3
2016-01-12;Avda. Francia;2016;NA;NA;34;43;3
2016-01-12;Pista Silla;2016;97;21;28;NA;3
2016-01-13;Viveros;2016;24;19;NA;19;3
2016-01-13;Politecnico;2016;16;9;57;31;3
2016-01-13;Moli del Sol;2016;11;10;55;22;4
2016-01-13;Avda. Francia;2016;NA;NA;65;26;3
2016-01-13;Pista Silla;2016;35;13;54;36;6
2016-01-14;Avda. Francia;2016;NA;NA;43;32;3
2016-01-14;Pista Silla;2016;55;12;37;56;6
2016-01-14;Viveros;2016;NA;16;NA;24;3
2016-01-14;Moli del Sol;2016;13;12;46;30;3
2016-01-14;Politecnico;2016;12;6;36;42;3
2016-01-15;Moli del Sol;2016;8;7;29;38;4
2016-01-15;Politecnico;2016;9;6;31;45;3
2016-01-15;Avda. Francia;2016;NA;NA;41;35;4
2016-01-15;Pista Silla;2016;26;8;40;45;4
2016-01-15;Viveros;2016;13;12;NA;32;3
2016-01-16;Avda. Francia;2016;NA;NA;30;52;4
2016-01-16;Viveros;2016;NA;7;23;51;3
2016-01-16;Politecnico;2016;3;2;13;65;3
2016-01-16;Moli del Sol;2016;9;4;17;58;3
2016-01-16;Pista Silla;2016;15;5;26;NA;4
2016-01-17;Pista Silla;2016;18;9;41;45;3
2016-01-17;Avda. Francia;2016;NA;NA;54;30;5
2016-01-17;Moli del Sol;2016;13;12;48;30;3
2016-01-17;Viveros;2016;23;18;52;23;3
2016-01-17;Politecnico;2016;14;9;52;36;3
2016-01-18;Avda. Francia;2016;NA;NA;52;25;3
2016-01-18;Viveros;2016;25;23;51;20;3
2016-01-18;Politecnico;2016;15;9;52;31;3
2016-01-18;Moli del Sol;2016;12;12;26;28;3
2016-01-18;Pista Silla;2016;54;13;43;49;4
2016-01-19;Politecnico;2016;13;7;55;35;3
2016-01-19;Viveros;2016;NA;16;59;18;3
2016-01-19;Avda. Francia;2016;NA;NA;64;26;4
2016-01-19;Moli del Sol;2016;10;10;46;26;4
2016-01-19;Pista Silla;2016;36;12;57;19;4
2016-01-20;Moli del Sol;2016;15;15;34;28;5
2016-01-20;Avda. Francia;2016;NA;NA;66;28;4
2016-01-20;Viveros;2016;31;22;52;22;4
2016-01-20;Pista Silla;2016;32;14;51;16;3
2016-01-20;Politecnico;2016;18;13;48;37;3
2016-01-21;Moli del Sol;2016;15;15;26;20;6
2016-01-21;Pista Silla;2016;40;21;60;9;4
2016-01-21;Viveros;2016;NA;24;56;14;4
2016-01-21;Politecnico;2016;18;13;60;26;4
2016-01-21;Avda. Francia;2016;NA;NA;75;20;4
2016-01-22;Viveros;2016;26;24;50;12;3
2016-01-22;Pista Silla;2016;34;26;54;11;5
2016-01-22;Moli del Sol;2016;16;15;NA;20;4
2016-01-22;Politecnico;2016;NA;NA;NA;NA;NA
2016-01-22;Avda. Francia;2016;NA;NA;68;19;3
2016-01-23;Moli del Sol;2016;23;23;NA;15;4
2016-01-23;Politecnico;2016;NA;NA;NA;NA;NA
2016-01-23;Viveros;2016;NA;44;46;6;4
2016-01-23;Pista Silla;2016;28;22;51;6;5
2016-01-23;Avda. Francia;2016;NA;NA;71;13;5
2016-01-24;Pista Silla;2016;NA;NA;35;21;4
2016-01-24;Moli del Sol;2016;32;31;NA;31;4
2016-01-24;Viveros;2016;53;47;20;22;4
2016-01-24;Avda. Francia;2016;NA;NA;46;31;4
2016-01-24;Politecnico;2016;NA;NA;NA;NA;NA
2016-01-25;Moli del Sol;2016;29;29;NA;31;3
2016-01-25;Avda. Francia;2016;NA;NA;60;34;3
2016-01-25;Pista Silla;2016;40;28;53;18;4
2016-01-25;Viveros;2016;NA;48;33;21;3
2016-01-25;Politecnico;2016;36;32;45;NA;3
2016-01-26;Politecnico;2016;41;35;38;28;3
2016-01-26;Avda. Francia;2016;NA;NA;70;27;4
2016-01-26;Viveros;2016;62;53;39;15;3
2016-01-26;Pista Silla;2016;37;30;60;12;3
2016-01-26;Moli del Sol;2016;29;29;NA;22;3
2016-01-27;Viveros;2016;54;51;49;12;3
2016-01-27;Avda. Francia;2016;NA;NA;73;24;3
2016-01-27;Pista Silla;2016;36;28;69;13;4
2016-01-27;Moli del Sol;2016;25;25;NA;29;4
2016-01-27;Politecnico;2016;38;31;56;17;3
2016-01-28;Pista Silla;2016;37;21;58;17;3
2016-01-28;Avda. Francia;2016;NA;NA;54;28;3
2016-01-28;Moli del Sol;2016;19;19;NA;30;3
2016-01-28;Viveros;2016;36;NA;42;18;3
2016-01-28;Politecnico;2016;30;23;49;22;3
2016-01-29;Politecnico;2016;33;26;50;16;3
2016-01-29;Moli del Sol;2016;20;20;NA;15;4
2016-01-29;Pista Silla;2016;24;20;55;11;3
2016-01-29;Avda. Francia;2016;NA;NA;55;21;4
2016-01-29;Viveros;2016;39;NA;39;13;4
2016-01-30;Pista Silla;2016;17;15;42;23;3
2016-01-30;Moli del Sol;2016;14;14;34;34;3
2016-01-30;Politecnico;2016;22;18;38;27;3
2016-01-30;Viveros;2016;NA;NA;39;21;3
2016-01-30;Avda. Francia;2016;NA;NA;37;32;5
2016-01-31;Politecnico;2016;10;8;22;42;3
2016-01-31;Viveros;2016;NA;NA;28;34;3
2016-01-31;Avda. Francia;2016;NA;NA;28;36;3
2016-01-31;Moli del Sol;2016;7;7;18;51;3
2016-01-31;Pista Silla;2016;15;8;25;38;3
2016-02-01;Moli del Sol;2016;6;6;52;29;4
2016-02-01;Viveros;2016;23;NA;50;20;4
2016-02-01;Pista Silla;2016;41;10;56;17;4
2016-02-01;Avda. Francia;2016;NA;NA;59;24;4
2016-02-01;Politecnico;2016;15;9;56;23;3
2016-02-02;Moli del Sol;2016;12;11;60;20;4
2016-02-02;Pista Silla;2016;24;15;60;12;3
2016-02-02;Politecnico;2016;21;16;51;27;3
2016-02-02;Avda. Francia;2016;NA;NA;62;23;4
2016-02-02;Viveros;2016;NA;NA;47;21;4
2016-02-03;Politecnico;2016;25;18;43;33;3
2016-02-03;Moli del Sol;2016;10;10;40;36;4
2016-02-03;Viveros;2016;28;NA;40;25;4
2016-02-03;Avda. Francia;2016;NA;NA;60;27;3
2016-02-03;Pista Silla;2016;32;15;54;19;4
2016-02-04;Viveros;2016;24;13;51;31;3
2016-02-04;Politecnico;2016;14;6;59;38;3
2016-02-04;Moli del Sol;2016;4;4;51;44;3
2016-02-04;Avda. Francia;2016;NA;NA;65;35;4
2016-02-04;Pista Silla;2016;22;7;60;24;4
2016-02-05;Politecnico;2016;20;12;58;36;3
2016-02-05;Avda. Francia;2016;NA;NA;61;33;3
2016-02-05;Viveros;2016;33;20;53;27;3
2016-02-05;Moli del Sol;2016;7;7;51;39;4
2016-02-05;Pista Silla;2016;20;10;61;21;4
2016-02-06;Politecnico;2016;25;18;56;33;3
2016-02-06;Moli del Sol;2016;11;11;58;30;5
2016-02-06;Pista Silla;2016;17;13;61;16;5
2016-02-06;Avda. Francia;2016;NA;NA;59;30;5
2016-02-06;Viveros;2016;39;26;59;19;3
2016-02-07;Moli del Sol;2016;3;2;10;84;3
2016-02-07;Pista Silla;2016;44;9;12;77;4
2016-02-07;Politecnico;2016;6;3;11;81;3
2016-02-07;Viveros;2016;20;12;16;65;3
2016-02-07;Avda. Francia;2016;NA;NA;23;60;3
2016-02-08;Pista Silla;2016;NA;NA;NA;NA;NA
2016-02-08;Politecnico;2016;7;3;14;69;3
2016-02-08;Moli del Sol;2016;2;2;13;76;4
2016-02-08;Viveros;2016;16;15;23;56;3
2016-02-08;Avda. Francia;2016;NA;NA;22;NA;5
2016-02-09;Pista Silla;2016;113;13;19;60;3
2016-02-09;Politecnico;2016;11;4;14;69;3
2016-02-09;Avda. Francia;2016;NA;NA;17;NA;7
2016-02-09;Viveros;2016;38;34;18;58;3
2016-02-09;Moli del Sol;2016;4;2;NA;74;3
2016-02-10;Avda. Francia;2016;NA;NA;19;NA;3
2016-02-10;Viveros;2016;21;20;19;56;3
2016-02-10;Pista Silla;2016;86;9;19;59;3
2016-02-10;Politecnico;2016;5;2;16;67;3
2016-02-10;Moli del Sol;2016;2;2;11;72;3
2016-02-11;Avda. Francia;2016;NA;NA;34;NA;3
2016-02-11;Politecnico;2016;6;3;31;46;3
2016-02-11;Moli del Sol;2016;2;2;26;53;3
2016-02-11;Pista Silla;2016;62;8;36;36;4
2016-02-11;Viveros;2016;11;7;35;37;3
2016-02-12;Politecnico;2016;6;3;23;53;3
2016-02-12;Avda. Francia;2016;NA;NA;15;NA;3
2016-02-12;Moli del Sol;2016;2;2;13;61;3
2016-02-12;Viveros;2016;10;5;20;43;3
2016-02-12;Pista Silla;2016;54;7;26;43;5
2016-02-13;Avda. Francia;2016;NA;NA;10;42;3
2016-02-13;Viveros;2016;8;5;7;43;3
2016-02-13;Pista Silla;2016;33;4;10;47;4
2016-02-13;Politecnico;2016;3;1;11;52;3
2016-02-13;Moli del Sol;2016;2;1;4;58;3
2016-02-14;Moli del Sol;2016;3;2;4;91;3
2016-02-14;Pista Silla;2016;23;3;12;75;3
2016-02-14;Politecnico;2016;5;2;7;89;3
2016-02-14;Avda. Francia;2016;NA;NA;11;69;4
2016-02-14;Viveros;2016;19;17;9;73;3
2016-02-15;Politecnico;2016;4;2;12;83;3
2016-02-15;Viveros;2016;8;5;20;67;3
2016-02-15;Moli del Sol;2016;2;2;9;84;3
2016-02-15;Avda. Francia;2016;NA;NA;18;61;3
2016-02-15;Pista Silla;2016;20;3;32;58;3
2016-02-16;Moli del Sol;2016;4;4;35;59;3
2016-02-16;Politecnico;2016;8;4;31;68;3
2016-02-16;Pista Silla;2016;29;6;53;36;4
2016-02-16;Viveros;2016;13;9;50;46;3
2016-02-16;Avda. Francia;2016;NA;NA;31;47;5
2016-02-17;Viveros;2016;20;15;56;37;3
2016-02-17;Avda. Francia;2016;NA;NA;31;44;3
2016-02-17;Moli del Sol;2016;7;6;39;50;3
2016-02-17;Pista Silla;2016;86;12;45;37;4
2016-02-17;Politecnico;2016;11;6;44;50;3
2016-02-18;Politecnico;2016;10;7;22;66;3
2016-02-18;Viveros;2016;15;17;34;51;3
2016-02-18;Avda. Francia;2016;NA;NA;26;54;3
2016-02-18;Moli del Sol;2016;6;6;28;61;3
2016-02-18;Pista Silla;2016;21;7;44;41;3
2016-02-19;Moli del Sol;2016;8;7;42;44;4
2016-02-19;Pista Silla;2016;22;8;60;25;4
2016-02-19;Viveros;2016;18;11;52;38;3
2016-02-19;Avda. Francia;2016;NA;NA;32;45;3
2016-02-19;Politecnico;2016;12;8;45;46;3
2016-02-20;Moli del Sol;2016;8;8;29;54;4
2016-02-20;Avda. Francia;2016;NA;NA;35;46;3
2016-02-20;Politecnico;2016;13;9;42;55;3
2016-02-20;Pista Silla;2016;25;10;52;31;3
2016-02-20;Viveros;2016;20;13;44;38;3
2016-02-21;Moli del Sol;2016;8;8;15;66;3
2016-02-21;Avda. Francia;2016;NA;NA;31;51;3
2016-02-21;Pista Silla;2016;12;9;37;45;3
2016-02-21;Viveros;2016;17;12;33;48;3
2016-02-21;Politecnico;2016;13;10;36;57;3
2016-02-22;Viveros;2016;59;39;60;33;3
2016-02-22;Avda. Francia;2016;NA;NA;48;41;4
2016-02-22;Pista Silla;2016;65;17;66;27;3
2016-02-22;Moli del Sol;2016;NA;NA;51;42;3
2016-02-22;Politecnico;2016;43;18;57;46;4
2016-02-23;Politecnico;2016;109;42;43;53;4
2016-02-23;Pista Silla;2016;118;32;59;27;5
2016-02-23;Viveros;2016;127;64;52;37;3
2016-02-23;Avda. Francia;2016;NA;NA;43;40;5
2016-02-23;Moli del Sol;2016;NA;NA;38;46;3
2016-02-24;Politecnico;2016;32;14;39;55;3
2016-02-24;Pista Silla;2016;115;19;39;44;4
2016-02-24;Viveros;2016;69;50;39;41;3
2016-02-24;Avda. Francia;2016;NA;NA;27;49;5
2016-02-24;Moli del Sol;2016;NA;NA;34;52;5
2016-02-25;Pista Silla;2016;32;5;39;48;5
2016-02-25;Politecnico;2016;8;3;22;72;3
2016-02-25;Moli del Sol;2016;NA;NA;20;75;3
2016-02-25;Viveros;2016;18;14;36;52;3
2016-02-25;Avda. Francia;2016;NA;NA;25;51;3
2016-02-26;Avda. Francia;2016;NA;NA;24;53;3
2016-02-26;Moli del Sol;2016;NA;NA;30;68;4
2016-02-26;Pista Silla;2016;51;9;41;44;4
2016-02-26;Politecnico;2016;10;5;28;68;3
2016-02-26;Viveros;2016;19;15;37;46;3
2016-02-27;Avda. Francia;2016;NA;NA;15;64;4
2016-02-27;Moli del Sol;2016;NA;NA;7;91;3
2016-02-27;Viveros;2016;10;7;19;69;3
2016-02-27;Pista Silla;2016;10;2;14;72;3
2016-02-27;Politecnico;2016;2;1;11;86;3
2016-02-28;Avda. Francia;2016;NA;NA;15;61;3
2016-02-28;Pista Silla;2016;6;3;27;57;3
2016-02-28;Politecnico;2016;5;3;13;81;3
2016-02-28;Viveros;2016;11;6;22;59;3
2016-02-28;Moli del Sol;2016;NA;NA;16;81;3
2016-02-29;Pista Silla;2016;35;6;32;64;3
2016-02-29;Moli del Sol;2016;NA;NA;16;92;3
2016-02-29;Avda. Francia;2016;NA;NA;17;70;4
2016-02-29;Politecnico;2016;7;4;10;95;3
2016-02-29;Viveros;2016;19;12;18;74;3
2016-03-01;Pista Silla;2016;39;9;60;34;4
2016-03-01;Moli del Sol;2016;NA;NA;69;46;3
2016-03-01;Politecnico;2016;16;7;64;54;5
2016-03-01;Viveros;2016;32;18;62;39;4
2016-03-01;Avda. Francia;2016;NA;NA;42;45;4
2016-03-02;Politecnico;2016;14;5;40;58;3
2016-03-02;Moli del Sol;2016;6;3;40;53;3
2016-03-02;Viveros;2016;31;21;43;40;3
2016-03-02;Avda. Francia;2016;NA;NA;34;44;5
2016-03-02;Pista Silla;2016;75;10;44;39;3
2016-03-03;Pista Silla;2016;44;8;54;41;4
2016-03-03;Viveros;2016;25;15;31;59;3
2016-03-03;Avda. Francia;2016;NA;NA;34;53;4
2016-03-03;Moli del Sol;2016;4;3;46;51;4
2016-03-03;Politecnico;2016;10;4;35;73;3
2016-03-04;Pista Silla;2016;111;13;38;50;3
2016-03-04;Politecnico;2016;12;5;26;60;3
2016-03-04;Moli del Sol;2016;11;4;25;56;3
2016-03-04;Viveros;2016;NA;30;13;56;3
2016-03-04;Avda. Francia;2016;NA;NA;27;53;6
2016-03-05;Viveros;2016;14;10;16;68;3
2016-03-05;Pista Silla;2016;23;4;17;70;4
2016-03-05;Politecnico;2016;3;1;10;70;3
2016-03-05;Moli del Sol;2016;5;2;5;71;3
2016-03-05;Avda. Francia;2016;NA;NA;16;65;5
2016-03-06;Moli del Sol;2016;5;2;19;56;3
2016-03-06;Viveros;2016;11;10;24;61;3
2016-03-06;Avda. Francia;2016;NA;NA;22;59;4
2016-03-06;Politecnico;2016;4;2;17;62;3
2016-03-06;Pista Silla;2016;15;3;30;54;3
2016-03-07;Pista Silla;2016;33;7;45;27;4
2016-03-07;Moli del Sol;2016;5;3;22;33;4
2016-03-07;Viveros;2016;13;NA;33;28;3
2016-03-07;Politecnico;2016;6;4;40;36;3
2016-03-07;Avda. Francia;2016;NA;NA;32;34;3
2016-03-08;Avda. Francia;2016;NA;NA;22;62;4
2016-03-08;Viveros;2016;12;9;NA;51;3
2016-03-08;Pista Silla;2016;22;5;52;43;5
2016-03-08;Moli del Sol;2016;2;2;22;56;4
2016-03-08;Politecnico;2016;9;3;12;64;4
2016-03-09;Viveros;2016;14;14;NA;45;3
2016-03-09;Avda. Francia;2016;NA;NA;25;48;3
2016-03-09;Politecnico;2016;7;3;20;49;3
2016-03-09;Moli del Sol;2016;4;2;19;48;3
2016-03-09;Pista Silla;2016;75;9;40;41;5
2016-03-10;Viveros;2016;10;8;NA;60;3
2016-03-10;Politecnico;2016;9;3;15;65;3
2016-03-10;Avda. Francia;2016;NA;NA;23;59;3
2016-03-10;Moli del Sol;2016;4;3;27;53;3
2016-03-10;Pista Silla;2016;24;5;55;43;3
2016-03-11;Viveros;2016;18;15;NA;38;4
2016-03-11;Avda. Francia;2016;NA;NA;39;42;5
2016-03-11;Moli del Sol;2016;7;6;38;40;3
2016-03-11;Politecnico;2016;10;5;30;44;3
2016-03-11;Pista Silla;2016;43;10;66;29;5
2016-03-12;Pista Silla;2016;27;11;51;47;5
2016-03-12;Avda. Francia;2016;NA;NA;28;61;4
2016-03-12;Politecnico;2016;11;8;19;56;3
2016-03-12;Viveros;2016;21;17;NA;51;3
2016-03-12;Moli del Sol;2016;9;9;24;54;4
2016-03-13;Pista Silla;2016;25;14;34;61;3
2016-03-13;Politecnico;2016;15;12;13;70;3
2016-03-13;Viveros;2016;25;20;NA;67;3
2016-03-13;Avda. Francia;2016;NA;NA;21;74;4
2016-03-13;Moli del Sol;2016;15;15;13;67;4
2016-03-14;Viveros;2016;19;18;NA;71;4
2016-03-14;Avda. Francia;2016;NA;NA;26;76;3
2016-03-14;Pista Silla;2016;21;17;35;69;3
2016-03-14;Moli del Sol;2016;15;15;26;68;4
2016-03-14;Politecnico;2016;18;15;14;73;3
2016-03-15;Pista Silla;2016;18;13;35;66;3
2016-03-15;Politecnico;2016;15;11;17;65;3
2016-03-15;Avda. Francia;2016;NA;NA;26;69;3
2016-03-15;Moli del Sol;2016;12;12;27;63;4
2016-03-15;Viveros;2016;14;13;NA;69;4
2016-03-16;Avda. Francia;2016;NA;NA;28;60;5
2016-03-16;Moli del Sol;2016;13;12;31;51;3
2016-03-16;Politecnico;2016;16;12;22;59;3
2016-03-16;Pista Silla;2016;56;16;54;41;4
2016-03-16;Viveros;2016;31;29;NA;53;3
2016-03-17;Pista Silla;2016;34;14;45;48;4
2016-03-17;Avda. Francia;2016;NA;NA;24;64;4
2016-03-17;Politecnico;2016;13;9;14;64;3
2016-03-17;Viveros;2016;NA;18;NA;58;3
2016-03-17;Moli del Sol;2016;10;9;27;53;5
2016-03-18;Avda. Francia;2016;NA;NA;19;77;3
2016-03-18;Viveros;2016;26;13;NA;70;3
2016-03-18;Pista Silla;2016;42;21;46;56;3
2016-03-18;Moli del Sol;2016;12;12;31;55;3
2016-03-18;Politecnico;2016;15;11;9;76;3
2016-03-19;Politecnico;2016;30;25;23;58;3
2016-03-19;Viveros;2016;43;32;NA;47;3
2016-03-19;Avda. Francia;2016;NA;NA;26;65;4
2016-03-19;Pista Silla;2016;48;42;58;34;5
2016-03-19;Moli del Sol;2016;15;15;31;49;3
2016-03-20;Viveros;2016;33;23;NA;53;3
2016-03-20;Politecnico;2016;29;26;16;52;3
2016-03-20;Pista Silla;2016;24;20;35;47;5
2016-03-20;Avda. Francia;2016;NA;NA;24;57;4
2016-03-20;Moli del Sol;2016;13;13;17;51;3
2016-03-21;Viveros;2016;23;16;NA;66;3
2016-03-21;Pista Silla;2016;21;17;33;63;3
2016-03-21;Moli del Sol;2016;12;12;24;55;3
2016-03-21;Avda. Francia;2016;NA;NA;20;70;3
2016-03-21;Politecnico;2016;19;17;14;62;3
2016-03-22;Politecnico;2016;13;10;23;51;3
2016-03-22;Avda. Francia;2016;NA;NA;32;52;3
2016-03-22;Viveros;2016;22;16;NA;43;3
2016-03-22;Pista Silla;2016;41;13;49;42;4
2016-03-22;Moli del Sol;2016;9;9;23;48;3
2016-03-23;Pista Silla;2016;33;10;63;37;5
2016-03-23;Avda. Francia;2016;NA;NA;39;52;3
2016-03-23;Moli del Sol;2016;8;8;35;45;3
2016-03-23;Viveros;2016;30;19;NA;44;4
2016-03-23;Politecnico;2016;19;9;31;52;4
2016-03-24;Avda. Francia;2016;NA;NA;30;68;3
2016-03-24;Moli del Sol;2016;11;10;22;63;3
2016-03-24;Politecnico;2016;17;12;23;62;3
2016-03-24;Pista Silla;2016;18;10;43;59;4
2016-03-24;Viveros;2016;24;15;NA;62;4
2016-03-25;Viveros;2016;28;20;NA;60;3
2016-03-25;Moli del Sol;2016;13;13;21;58;3
2016-03-25;Avda. Francia;2016;NA;NA;34;61;4
2016-03-25;Pista Silla;2016;35;13;35;60;3
2016-03-25;Politecnico;2016;20;13;25;56;3
2016-03-26;Viveros;2016;22;20;NA;49;3
2016-03-26;Politecnico;2016;14;9;26;48;4
2016-03-26;Avda. Francia;2016;NA;NA;28;57;7
2016-03-26;Pista Silla;2016;16;8;32;53;3
2016-03-26;Moli del Sol;2016;9;9;19;52;3
2016-03-27;Pista Silla;2016;31;5;16;64;3
2016-03-27;Avda. Francia;2016;NA;NA;13;64;3
2016-03-27;Politecnico;2016;6;3;9;61;3
2016-03-27;Moli del Sol;2016;5;4;6;66;3
2016-03-27;Viveros;2016;20;18;NA;61;3
2016-03-28;Politecnico;2016;5;3;7;63;3
2016-03-28;Moli del Sol;2016;4;3;6;65;3
2016-03-28;Pista Silla;2016;10;3;17;62;3
2016-03-28;Viveros;2016;13;13;NA;61;3
2016-03-28;Avda. Francia;2016;NA;NA;15;61;3
2016-03-29;Moli del Sol;2016;7;7;22;56;4
2016-03-29;Pista Silla;2016;31;7;36;59;10
2016-03-29;Viveros;2016;31;28;NA;61;3
2016-03-29;Avda. Francia;2016;NA;NA;23;65;5
2016-03-29;Politecnico;2016;11;6;16;62;3
2016-03-30;Avda. Francia;2016;NA;NA;30;62;3
2016-03-30;Politecnico;2016;24;19;24;53;3
2016-03-30;Moli del Sol;2016;16;16;35;43;3
2016-03-30;Pista Silla;2016;NA;NA;NA;NA;NA
2016-03-30;Viveros;2016;34;23;NA;53;3
2016-03-31;Moli del Sol;2016;13;10;16;60;3
2016-03-31;Pista Silla;2016;50;15;29;61;4
2016-03-31;Avda. Francia;2016;NA;NA;22;69;3
2016-03-31;Politecnico;2016;19;11;NA;65;3
2016-03-31;Viveros;2016;61;58;NA;64;3
2016-04-01;Pista Silla;2016;20;5;50;47;3
2016-04-01;Moli del Sol;2016;5;4;24;57;3
2016-04-01;Avda. Francia;2016;NA;NA;21;66;5
2016-04-01;Politecnico;2016;9;3;NA;66;3
2016-04-01;Viveros;2016;16;15;NA;63;3
2016-04-02;Pista Silla;2016;22;8;42;52;3
2016-04-02;Moli del Sol;2016;6;6;18;64;3
2016-04-02;Avda. Francia;2016;NA;NA;27;64;5
2016-04-02;Politecnico;2016;16;8;NA;64;3
2016-04-02;Viveros;2016;22;19;NA;62;3
2016-04-03;Pista Silla;2016;16;9;37;61;4
2016-04-03;Moli del Sol;2016;8;8;18;65;3
2016-04-03;Politecnico;2016;17;11;NA;64;3
2016-04-03;Avda. Francia;2016;NA;NA;29;68;3
2016-04-03;Viveros;2016;25;18;NA;70;3
2016-04-04;Avda. Francia;2016;NA;NA;26;58;3
2016-04-04;Viveros;2016;17;11;NA;49;3
2016-04-04;Pista Silla;2016;13;11;49;42;3
2016-04-04;Moli del Sol;2016;10;10;25;52;3
2016-04-04;Politecnico;2016;13;10;NA;62;3
2016-04-05;Moli del Sol;2016;4;4;20;39;3
2016-04-05;Viveros;2016;10;8;NA;35;3
2016-04-05;Avda. Francia;2016;NA;NA;31;38;3
2016-04-05;Pista Silla;2016;8;5;43;32;3
2016-04-05;Politecnico;2016;5;4;NA;44;3
2016-04-06;Pista Silla;2016;24;7;64;33;3
2016-04-06;Politecnico;2016;15;6;NA;48;3
2016-04-06;Viveros;2016;17;12;NA;42;3
2016-04-06;Avda. Francia;2016;NA;NA;44;41;5
2016-04-06;Moli del Sol;2016;5;5;27;46;3
2016-04-07;Viveros;2016;24;17;36;48;3
2016-04-07;Moli del Sol;2016;8;8;25;52;3
2016-04-07;Avda. Francia;2016;NA;NA;40;52;3
2016-04-07;Politecnico;2016;15;9;NA;48;3
2016-04-07;Pista Silla;2016;26;10;58;41;3
2016-04-08;Avda. Francia;2016;NA;NA;19;70;3
2016-04-08;Moli del Sol;2016;3;2;13;68;3
2016-04-08;Pista Silla;2016;16;3;43;56;3
2016-04-08;Politecnico;2016;4;2;NA;70;3
2016-04-08;Viveros;2016;NA;6;16;67;3
2016-04-09;Politecnico;2016;10;5;NA;58;3
2016-04-09;Avda. Francia;2016;NA;NA;38;52;4
2016-04-09;Moli del Sol;2016;5;5;24;51;4
2016-04-09;Viveros;2016;21;11;32;49;3
2016-04-09;Pista Silla;2016;12;5;43;50;4
2016-04-10;Politecnico;2016;16;10;NA;64;3
2016-04-10;Avda. Francia;2016;NA;NA;NA;NA;NA
2016-04-10;Moli del Sol;2016;8;7;22;58;4
2016-04-10;Viveros;2016;25;15;26;62;3
2016-04-10;Pista Silla;2016;13;8;42;57;3
2016-04-11;Politecnico;2016;12;7;NA;65;3
2016-04-11;Viveros;2016;17;12;22;64;3
2016-04-11;Moli del Sol;2016;4;4;15;67;3
2016-04-11;Pista Silla;2016;26;6;40;58;3
2016-04-11;Avda. Francia;2016;NA;NA;NA;NA;NA
2016-04-12;Avda. Francia;2016;NA;NA;NA;47;3
2016-04-12;Viveros;2016;22;14;34;49;3
2016-04-12;Moli del Sol;2016;6;6;25;54;3
2016-04-12;Politecnico;2016;13;8;NA;54;3
2016-04-12;Pista Silla;2016;30;9;51;46;4
2016-04-13;Pista Silla;2016;92;10;24;72;3
2016-04-13;Avda. Francia;2016;NA;NA;NA;68;5
2016-04-13;Politecnico;2016;9;3;NA;72;3
2016-04-13;Moli del Sol;2016;4;3;7;77;3
2016-04-13;Viveros;2016;28;21;15;73;3
2016-04-14;Pista Silla;2016;34;10;49;53;3
2016-04-14;Avda. Francia;2016;NA;NA;NA;56;3
2016-04-14;Moli del Sol;2016;7;6;20;60;3
2016-04-14;Politecnico;2016;18;9;NA;62;3
2016-04-14;Viveros;2016;22;17;30;58;3
2016-04-15;Viveros;2016;35;28;40;47;3
2016-04-15;Moli del Sol;2016;14;13;38;43;6
2016-04-15;Avda. Francia;2016;NA;NA;NA;48;7
2016-04-15;Pista Silla;2016;31;18;74;32;6
2016-04-15;Politecnico;2016;22;17;NA;54;3
2016-04-16;Moli del Sol;2016;5;4;10;65;3
2016-04-16;Viveros;2016;30;15;18;59;3
2016-04-16;Politecnico;2016;11;5;NA;62;3
2016-04-16;Avda. Francia;2016;NA;NA;NA;54;4
2016-04-16;Pista Silla;2016;39;7;34;53;3
2016-04-17;Politecnico;2016;3;2;NA;72;3
2016-04-17;Avda. Francia;2016;NA;NA;NA;65;5
2016-04-17;Pista Silla;2016;18;3;18;71;3
2016-04-17;Moli del Sol;2016;4;3;7;74;3
2016-04-17;Viveros;2016;18;8;12;73;3
2016-04-18;Pista Silla;2016;16;6;25;67;3
2016-04-18;Politecnico;2016;13;7;NA;65;3
2016-04-18;Avda. Francia;2016;NA;NA;NA;65;4
2016-04-18;Moli del Sol;2016;5;4;14;65;3
2016-04-18;Viveros;2016;NA;19;12;70;3
2016-04-19;Moli del Sol;2016;5;5;15;74;3
2016-04-19;Politecnico;2016;14;7;NA;80;3
2016-04-19;Avda. Francia;2016;NA;NA;NA;79;3
2016-04-19;Pista Silla;2016;15;6;24;78;4
2016-04-19;Viveros;2016;25;15;11;81;3
2016-04-20;Pista Silla;2016;18;8;39;73;6
2016-04-20;Avda. Francia;2016;NA;NA;NA;77;3
2016-04-20;Politecnico;2016;16;9;NA;82;3
2016-04-20;Viveros;2016;30;15;17;81;3
2016-04-20;Moli del Sol;2016;9;8;19;76;3
2016-04-21;Politecnico;2016;12;7;NA;80;3
2016-04-21;Avda. Francia;2016;NA;NA;NA;73;3
2016-04-21;Moli del Sol;2016;11;10;13;77;4
2016-04-21;Viveros;2016;NA;28;16;79;3
2016-04-21;Pista Silla;2016;47;9;33;72;3
2016-04-22;Viveros;2016;21;14;29;58;3
2016-04-22;Politecnico;2016;19;13;NA;59;3
2016-04-22;Avda. Francia;2016;NA;NA;NA;53;3
2016-04-22;Pista Silla;2016;29;14;58;41;4
2016-04-22;Moli del Sol;2016;23;23;29;48;3
2016-04-23;Politecnico;2016;12;8;NA;60;NA
2016-04-23;Pista Silla;2016;18;9;44;46;4
2016-04-23;Viveros;2016;22;21;26;55;4
2016-04-23;Moli del Sol;2016;15;14;15;58;4
2016-04-23;Avda. Francia;2016;NA;NA;NA;50;3
2016-04-24;Moli del Sol;2016;5;4;9;72;4
2016-04-24;Pista Silla;2016;6;2;32;62;4
2016-04-24;Avda. Francia;2016;NA;NA;NA;67;4
2016-04-24;Politecnico;2016;4;2;NA;70;3
2016-04-24;Viveros;2016;17;13;17;69;3
2016-04-25;Pista Silla;2016;21;6;45;59;3
2016-04-25;Viveros;2016;22;13;19;72;4
2016-04-25;Politecnico;2016;11;6;NA;72;3
2016-04-25;Moli del Sol;2016;10;9;22;65;3
2016-04-25;Avda. Francia;2016;NA;NA;NA;68;3
2016-04-26;Avda. Francia;2016;NA;NA;NA;62;3
2016-04-26;Moli del Sol;2016;14;13;27;58;4
2016-04-26;Politecnico;2016;16;10;NA;71;3
2016-04-26;Pista Silla;2016;23;10;48;53;4
2016-04-26;Viveros;2016;26;15;24;64;3
2016-04-27;Viveros;2016;21;15;18;63;3
2016-04-27;Pista Silla;2016;16;11;36;57;3
2016-04-27;Politecnico;2016;19;13;NA;63;3
2016-04-27;Avda. Francia;2016;NA;NA;NA;61;5
2016-04-27;Moli del Sol;2016;18;17;22;56;3
2016-04-28;Pista Silla;2016;10;8;28;64;5
2016-04-28;Politecnico;2016;12;9;NA;66;3
2016-04-28;Viveros;2016;15;11;13;68;3
2016-04-28;Avda. Francia;2016;NA;NA;NA;63;4
2016-04-28;Moli del Sol;2016;16;16;16;59;3
2016-04-29;Politecnico;2016;13;9;11;68;3
2016-04-29;Moli del Sol;2016;16;16;20;60;4
2016-04-29;Pista Silla;2016;15;9;48;53;3
2016-04-29;Viveros;2016;17;12;19;68;3
2016-04-29;Avda. Francia;2016;NA;NA;NA;64;4
2016-04-30;Avda. Francia;2016;NA;NA;NA;52;4
2016-04-30;Viveros;2016;23;21;24;54;3
2016-04-30;Politecnico;2016;14;12;15;56;3
2016-04-30;Moli del Sol;2016;22;21;18;52;3
2016-04-30;Pista Silla;2016;15;12;41;44;3
2016-05-01;Politecnico;2016;5;2;8;79;3
2016-05-01;Pista Silla;2016;7;2;27;72;3
2016-05-01;Avda. Francia;2016;NA;NA;NA;75;5
2016-05-01;Moli del Sol;2016;5;4;7;78;4
2016-05-01;Viveros;2016;NA;NA;11;81;3
2016-05-02;Viveros;2016;24;NA;34;62;4
2016-05-02;Pista Silla;2016;18;5;57;52;5
2016-05-02;Politecnico;2016;13;5;26;65;3
2016-05-02;Avda. Francia;2016;NA;NA;NA;56;6
2016-05-02;Moli del Sol;2016;9;8;23;66;3
2016-05-03;Moli del Sol;2016;14;13;29;68;3
2016-05-03;Viveros;2016;34;NA;32;72;3
2016-05-03;Politecnico;2016;21;8;30;68;3
2016-05-03;Avda. Francia;2016;NA;NA;NA;62;5
2016-05-03;Pista Silla;2016;25;7;57;57;4
2016-05-04;Pista Silla;2016;16;8;49;75;4
2016-05-04;Avda. Francia;2016;NA;NA;NA;84;3
2016-05-04;Viveros;2016;19;NA;19;90;3
2016-05-04;Politecnico;2016;13;9;15;83;3
2016-05-04;Moli del Sol;2016;16;15;24;79;3
2016-05-05;Politecnico;2016;20;14;33;56;3
2016-05-05;Viveros;2016;29;NA;45;52;3
2016-05-05;Avda. Francia;2016;NA;NA;NA;51;4
2016-05-05;Pista Silla;2016;35;14;67;41;6
2016-05-05;Moli del Sol;2016;21;21;36;54;4
2016-05-06;Avda. Francia;2016;NA;NA;21;80;3
2016-05-06;Pista Silla;2016;16;11;41;72;6
2016-05-06;Moli del Sol;2016;20;19;21;74;3
2016-05-06;Politecnico;2016;17;13;14;80;3
2016-05-06;Viveros;2016;22;15;16;85;3
2016-05-07;Avda. Francia;2016;NA;NA;13;93;3
2016-05-07;Politecnico;2016;19;14;8;93;3
2016-05-07;Viveros;2016;20;14;10;99;3
2016-05-07;Pista Silla;2016;17;12;26;92;4
2016-05-07;Moli del Sol;2016;17;17;11;94;3
2016-05-08;Moli del Sol;2016;17;16;13;82;3
2016-05-08;Pista Silla;2016;12;11;32;73;3
2016-05-08;Avda. Francia;2016;NA;NA;16;74;3
2016-05-08;Politecnico;2016;16;13;6;88;3
2016-05-08;Viveros;2016;15;10;8;87;3
2016-05-09;Politecnico;2016;13;11;20;52;3
2016-05-09;Pista Silla;2016;11;9;53;34;3
2016-05-09;Avda. Francia;2016;NA;NA;25;42;3
2016-05-09;Moli del Sol;2016;15;14;30;45;3
2016-05-09;Viveros;2016;13;NA;28;46;3
2016-05-10;Viveros;2016;12;9;33;30;3
2016-05-10;Pista Silla;2016;11;6;57;23;4
2016-05-10;Politecnico;2016;9;6;24;40;3
2016-05-10;Avda. Francia;2016;NA;NA;32;28;3
2016-05-10;Moli del Sol;2016;13;12;30;30;3
2016-05-11;Politecnico;2016;8;5;20;59;3
2016-05-11;Moli del Sol;2016;12;11;17;62;3
2016-05-11;Pista Silla;2016;20;6;38;55;3
2016-05-11;Avda. Francia;2016;NA;NA;25;55;3
2016-05-11;Viveros;2016;11;10;28;58;3
2016-05-12;Moli del Sol;2016;8;6;9;74;3
2016-05-12;Avda. Francia;2016;NA;NA;22;60;3
2016-05-12;Viveros;2016;7;NA;19;69;3
2016-05-12;Pista Silla;2016;22;4;26;68;4
2016-05-12;Politecnico;2016;3;2;13;69;3
2016-05-13;Politecnico;2016;5;3;17;62;3
2016-05-13;Pista Silla;2016;20;5;44;51;3
2016-05-13;Avda. Francia;2016;NA;NA;34;47;3
2016-05-13;Viveros;2016;9;8;27;59;3
2016-05-13;Moli del Sol;2016;11;9;18;64;3
2016-05-14;Pista Silla;2016;9;3;39;53;3
2016-05-14;Viveros;2016;13;9;29;56;4
2016-05-14;Moli del Sol;2016;10;9;17;61;3
2016-05-14;Avda. Francia;2016;NA;NA;26;53;3
2016-05-14;Politecnico;2016;6;3;20;59;3
2016-05-15;Pista Silla;2016;9;6;41;68;4
2016-05-15;Moli del Sol;2016;18;17;15;77;4
2016-05-15;Viveros;2016;12;12;18;82;3
2016-05-15;Avda. Francia;2016;NA;NA;24;69;3
2016-05-15;Politecnico;2016;8;6;12;81;3
2016-05-16;Viveros;2016;16;14;18;73;3
2016-05-16;Moli del Sol;2016;28;26;20;67;3
2016-05-16;Pista Silla;2016;17;10;53;55;4
2016-05-16;Politecnico;2016;14;10;14;73;3
2016-05-16;Avda. Francia;2016;NA;NA;22;66;3
2016-05-17;Moli del Sol;2016;39;37;21;60;3
2016-05-17;Pista Silla;2016;23;15;50;51;4
2016-05-17;Politecnico;2016;19;14;15;66;3
2016-05-17;Avda. Francia;2016;NA;NA;25;61;3
2016-05-17;Viveros;2016;20;18;18;72;3
2016-05-18;Pista Silla;2016;22;16;41;58;4
2016-05-18;Viveros;2016;21;20;23;64;3
2016-05-18;Moli del Sol;2016;43;41;21;59;3
2016-05-18;Avda. Francia;2016;NA;NA;31;62;3
2016-05-18;Politecnico;2016;22;17;17;62;3
2016-05-19;Pista Silla;2016;15;11;49;49;4
2016-05-19;Avda. Francia;2016;NA;NA;49;51;4
2016-05-19;Moli del Sol;2016;29;27;23;55;3
2016-05-19;Politecnico;2016;16;12;19;59;3
2016-05-19;Viveros;2016;16;NA;23;63;3
2016-05-20;Politecnico;2016;18;13;13;63;3
2016-05-20;Avda. Francia;2016;NA;NA;35;48;4
2016-05-20;Moli del Sol;2016;22;20;28;48;4
2016-05-20;Viveros;2016;18;NA;27;58;3
2016-05-20;Pista Silla;2016;20;12;53;44;4
2016-05-21;Moli del Sol;2016;21;19;14;60;3
2016-05-21;Viveros;2016;NA;NA;13;68;3
2016-05-21;Avda. Francia;2016;NA;NA;15;65;5
2016-05-21;Pista Silla;2016;16;11;33;56;4
2016-05-21;Politecnico;2016;20;13;8;66;3
2016-05-22;Avda. Francia;2016;NA;NA;14;64;4
2016-05-22;Politecnico;2016;18;10;9;66;3
2016-05-22;Pista Silla;2016;56;12;18;68;3
2016-05-22;Moli del Sol;2016;17;14;7;67;4
2016-05-22;Viveros;2016;45;NA;10;72;3
2016-05-23;Moli del Sol;2016;10;9;12;57;3
2016-05-23;Viveros;2016;20;NA;16;59;3
2016-05-23;Avda. Francia;2016;NA;NA;25;50;4
2016-05-23;Pista Silla;2016;22;6;34;50;5
2016-05-23;Politecnico;2016;12;6;13;55;3
2016-05-24;Pista Silla;2016;17;6;38;50;6
2016-05-24;Avda. Francia;2016;NA;NA;41;48;5
2016-05-24;Viveros;2016;NA;NA;17;61;3
2016-05-24;Politecnico;2016;14;8;12;59;3
2016-05-24;Moli del Sol;2016;14;12;18;54;4
2016-05-25;Viveros;2016;NA;NA;15;67;3
2016-05-25;Avda. Francia;2016;NA;NA;24;57;4
2016-05-25;Politecnico;2016;18;13;12;63;3
2016-05-25;Pista Silla;2016;21;11;39;52;3
2016-05-25;Moli del Sol;2016;21;19;18;58;4
2016-05-26;Avda. Francia;2016;NA;NA;15;68;4
2016-05-26;Pista Silla;2016;19;12;35;65;4
2016-05-26;Politecnico;2016;18;13;7;76;3
2016-05-26;Moli del Sol;2016;24;22;11;74;3
2016-05-26;Viveros;2016;22;14;7;83;3
2016-05-27;Viveros;2016;29;20;17;76;3
2016-05-27;Moli del Sol;2016;28;26;15;70;3
2016-05-27;Politecnico;2016;21;15;7;78;3
2016-05-27;Avda. Francia;2016;NA;NA;21;64;4
2016-05-27;Pista Silla;2016;25;15;40;60;3
2016-05-28;Avda. Francia;2016;NA;NA;20;55;4
2016-05-28;Pista Silla;2016;56;15;30;57;3
2016-05-28;Politecnico;2016;28;15;16;60;3
2016-05-28;Viveros;2016;64;61;21;63;3
2016-05-28;Moli del Sol;2016;27;22;15;61;3
2016-05-29;Viveros;2016;19;NA;7;71;3
2016-05-29;Politecnico;2016;4;2;5;67;3
2016-05-29;Avda. Francia;2016;NA;NA;9;58;4
2016-05-29;Moli del Sol;2016;6;5;4;71;4
2016-05-29;Pista Silla;2016;15;3;9;69;3
2016-05-30;Politecnico;2016;9;5;11;72;3
2016-05-30;Avda. Francia;2016;NA;NA;29;58;5
2016-05-30;Viveros;2016;27;NA;16;76;3
2016-05-30;Pista Silla;2016;19;6;39;60;3
2016-05-30;Moli del Sol;2016;9;8;18;69;3
2016-05-31;Pista Silla;2016;22;7;54;42;3
2016-05-31;Viveros;2016;32;NA;32;53;3
2016-05-31;Moli del Sol;2016;12;10;24;53;3
2016-05-31;Politecnico;2016;14;6;23;55;3
2016-05-31;Avda. Francia;2016;NA;NA;33;49;4
2016-06-01;Politecnico;2016;14;8;20;71;3
2016-06-01;Pista Silla;2016;27;9;48;62;3
2016-06-01;Moli del Sol;2016;13;11;19;76;4
2016-06-01;Avda. Francia;2016;NA;NA;26;64;4
2016-06-01;Viveros;2016;28;NA;23;78;3
2016-06-02;Avda. Francia;2016;NA;NA;27;62;4
2016-06-02;Pista Silla;2016;24;11;49;58;3
2016-06-02;Politecnico;2016;14;9;17;71;3
2016-06-02;Moli del Sol;2016;15;14;21;69;3
2016-06-02;Viveros;2016;NA;NA;20;79;3
2016-06-03;Pista Silla;2016;22;12;46;58;3
2016-06-03;Moli del Sol;2016;15;14;20;67;3
2016-06-03;Viveros;2016;18;16;16;78;3
2016-06-03;Politecnico;2016;14;9;12;72;3
2016-06-03;Avda. Francia;2016;NA;NA;31;62;4
2016-06-04;Avda. Francia;2016;NA;NA;26;46;3
2016-06-04;Politecnico;2016;18;13;18;54;3
2016-06-04;Moli del Sol;2016;21;19;26;52;3
2016-06-04;Viveros;2016;21;15;27;55;3
2016-06-04;Pista Silla;2016;19;14;52;41;4
2016-06-05;Moli del Sol;2016;22;21;14;63;4
2016-06-05;Pista Silla;2016;18;15;38;49;3
2016-06-05;Viveros;2016;17;15;14;67;3
2016-06-05;Avda. Francia;2016;NA;NA;18;NA;3
2016-06-05;Politecnico;2016;17;14;9;59;3
2016-06-06;Moli del Sol;2016;17;16;21;59;3
2016-06-06;Avda. Francia;2016;NA;NA;26;47;4
2016-06-06;Politecnico;2016;16;11;11;63;3
2016-06-06;Pista Silla;2016;20;13;43;47;5
2016-06-06;Viveros;2016;16;16;16;68;3
2016-06-07;Avda. Francia;2016;NA;NA;20;49;4
2016-06-07;Politecnico;2016;16;12;9;57;3
2016-06-07;Viveros;2016;20;17;16;64;3
2016-06-07;Pista Silla;2016;26;14;45;46;4
2016-06-07;Moli del Sol;2016;19;18;19;60;3
2016-06-08;Pista Silla;2016;28;15;46;46;3
2016-06-08;Viveros;2016;24;28;27;58;3
2016-06-08;Moli del Sol;2016;21;19;23;56;3
2016-06-08;Politecnico;2016;NA;NA;17;55;3
2016-06-08;Avda. Francia;2016;NA;NA;31;44;4
2016-06-09;Moli del Sol;2016;17;15;25;55;3
2016-06-09;Politecnico;2016;NA;NA;12;58;3
2016-06-09;Avda. Francia;2016;NA;NA;38;49;5
2016-06-09;Viveros;2016;23;14;18;65;4
2016-06-09;Pista Silla;2016;19;11;53;43;4
2016-06-10;Avda. Francia;2016;NA;NA;15;69;3
2016-06-10;Moli del Sol;2016;20;19;16;72;3
2016-06-10;Pista Silla;2016;21;16;38;51;4
2016-06-10;Viveros;2016;18;16;8;86;4
2016-06-10;Politecnico;2016;NA;NA;4;75;3
2016-06-11;Avda. Francia;2016;NA;NA;9;76;4
2016-06-11;Pista Silla;2016;17;11;26;69;4
2016-06-11;Viveros;2016;17;12;5;93;4
2016-06-11;Moli del Sol;2016;15;14;9;84;3
2016-06-11;Politecnico;2016;NA;NA;5;79;3
2016-06-12;Moli del Sol;2016;21;19;12;68;3
2016-06-12;Pista Silla;2016;21;15;30;58;4
2016-06-12;Politecnico;2016;NA;NA;8;66;3
2016-06-12;Avda. Francia;2016;NA;NA;14;66;4
2016-06-12;Viveros;2016;19;16;11;78;4
2016-06-13;Moli del Sol;2016;15;13;22;58;4
2016-06-13;Pista Silla;2016;25;10;53;38;4
2016-06-13;Viveros;2016;34;29;26;57;5
2016-06-13;Avda. Francia;2016;NA;NA;25;49;4
2016-06-13;Politecnico;2016;NA;NA;12;61;4
2016-06-14;Politecnico;2016;NA;NA;10;56;3
2016-06-14;Moli del Sol;2016;14;12;16;53;4
2016-06-14;Viveros;2016;25;NA;17;58;4
2016-06-14;Avda. Francia;2016;NA;NA;17;49;3
2016-06-14;Pista Silla;2016;22;10;43;41;3
2016-06-15;Moli del Sol;2016;15;10;8;58;3
2016-06-15;Pista Silla;2016;109;14;31;49;4
2016-06-15;Politecnico;2016;17;5;13;54;3
2016-06-15;Viveros;2016;87;NA;22;54;3
2016-06-15;Avda. Francia;2016;NA;NA;19;50;3
2016-06-16;Avda. Francia;2016;NA;NA;20;43;5
2016-06-16;Pista Silla;2016;65;8;31;46;4
2016-06-16;Moli del Sol;2016;7;5;7;56;4
2016-06-16;Politecnico;2016;8;2;8;52;3
2016-06-16;Viveros;2016;30;NA;16;52;3
2016-06-17;Viveros;2016;26;16;24;64;4
2016-06-17;Pista Silla;2016;25;6;44;52;3
2016-06-17;Avda. Francia;2016;NA;NA;26;53;5
2016-06-17;Moli del Sol;2016;10;9;17;67;3
2016-06-17;Politecnico;2016;14;6;15;62;3
2016-06-18;Avda. Francia;2016;NA;NA;16;58;3
2016-06-18;Pista Silla;2016;11;5;42;53;5
2016-06-18;Viveros;2016;15;13;21;63;NA
2016-06-18;Politecnico;2016;13;7;17;55;3
2016-06-18;Moli del Sol;2016;12;11;17;63;3
2016-06-19;Viveros;2016;17;9;11;72;NA
2016-06-19;Moli del Sol;2016;8;7;13;67;3
2016-06-19;Avda. Francia;2016;NA;NA;16;61;3
2016-06-19;Pista Silla;2016;10;5;29;62;4
2016-06-19;Politecnico;2016;9;5;6;67;3
2016-06-20;Avda. Francia;2016;NA;NA;25;54;4
2016-06-20;Moli del Sol;2016;9;8;21;60;4
2016-06-20;Pista Silla;2016;22;6;48;46;3
2016-06-20;Viveros;2016;19;11;19;63;NA
2016-06-20;Politecnico;2016;11;5;12;59;3
2016-06-21;Pista Silla;2016;24;7;58;43;3
2016-06-21;Avda. Francia;2016;NA;NA;23;48;4
2016-06-21;Viveros;2016;21;14;33;55;NA
2016-06-21;Politecnico;2016;13;6;18;55;3
2016-06-21;Moli del Sol;2016;9;8;27;57;3
2016-06-22;Moli del Sol;2016;10;9;26;52;4
2016-06-22;Pista Silla;2016;15;6;52;45;4
2016-06-22;Viveros;2016;15;9;19;64;NA
2016-06-22;Avda. Francia;2016;NA;NA;20;55;3
2016-06-22;Politecnico;2016;9;5;13;55;3
2016-06-23;Pista Silla;2016;20;6;52;50;4
2016-06-23;Moli del Sol;2016;9;8;24;62;4
2016-06-23;Viveros;2016;20;13;NA;NA;NA
2016-06-23;Avda. Francia;2016;NA;NA;30;56;4
2016-06-23;Politecnico;2016;12;7;20;60;3
2016-06-24;Avda. Francia;2016;NA;NA;24;59;4
2016-06-24;Pista Silla;2016;22;11;49;51;3
2016-06-24;Politecnico;2016;16;9;14;67;3
2016-06-24;Viveros;2016;22;14;NA;NA;NA
2016-06-24;Moli del Sol;2016;17;16;24;64;4
2016-06-25;Avda. Francia;2016;NA;NA;10;66;4
2016-06-25;Viveros;2016;14;8;7;81;NA
2016-06-25;Pista Silla;2016;13;9;28;61;3
2016-06-25;Moli del Sol;2016;14;13;11;67;3
2016-06-25;Politecnico;2016;10;7;5;69;3
2016-06-26;Politecnico;2016;18;10;4;67;3
2016-06-26;Avda. Francia;2016;NA;NA;8;63;5
2016-06-26;Pista Silla;2016;20;10;21;55;3
2016-06-26;Viveros;2016;23;11;5;73;NA
2016-06-26;Moli del Sol;2016;18;16;5;66;3
2016-06-27;Moli del Sol;2016;17;15;17;55;3
2016-06-27;Avda. Francia;2016;NA;NA;13;57;3
2016-06-27;Pista Silla;2016;20;10;44;43;3
2016-06-27;Politecnico;2016;17;10;9;57;3
2016-06-27;Viveros;2016;23;10;15;62;NA
2016-06-28;Pista Silla;2016;24;11;56;37;3
2016-06-28;Moli del Sol;2016;16;14;23;54;3
2016-06-28;Avda. Francia;2016;NA;NA;23;49;4
2016-06-28;Viveros;2016;26;15;22;60;NA
2016-06-28;Politecnico;2016;15;9;10;63;3
2016-06-29;Moli del Sol;2016;17;15;21;57;3
2016-06-29;Viveros;2016;20;12;16;69;NA
2016-06-29;Politecnico;2016;14;9;10;63;3
2016-06-29;Avda. Francia;2016;NA;NA;NA;55;3
2016-06-29;Pista Silla;2016;17;10;51;41;4
2016-06-30;Politecnico;2016;17;11;15;54;3
2016-06-30;Avda. Francia;2016;NA;NA;NA;43;3
2016-06-30;Viveros;2016;NA;11;21;59;NA
2016-06-30;Pista Silla;2016;20;12;42;37;3
2016-06-30;Moli del Sol;2016;21;18;23;50;3
2016-07-01;Pista Silla;2016;18;12;41;39;4
2016-07-01;Viveros;2016;17;11;14;66;NA
2016-07-01;Moli del Sol;2016;21;19;15;55;3
2016-07-01;Politecnico;2016;17;11;9;58;3
2016-07-01;Avda. Francia;2016;NA;NA;NA;NA;NA
2016-07-02;Pista Silla;2016;15;11;30;39;3
2016-07-02;Viveros;2016;NA;10;12;59;NA
2016-07-02;Avda. Francia;2016;NA;NA;NA;NA;NA
2016-07-02;Politecnico;2016;18;12;10;49;3
2016-07-02;Moli del Sol;2016;22;20;13;51;3
2016-07-03;Moli del Sol;2016;21;18;8;62;3
2016-07-03;Pista Silla;2016;17;12;25;43;3
2016-07-03;Viveros;2016;17;11;7;70;NA
2016-07-03;Politecnico;2016;19;12;7;56;3
2016-07-03;Avda. Francia;2016;NA;NA;NA;NA;NA
2016-07-04;Politecnico;2016;16;10;9;52;3
2016-07-04;Moli del Sol;2016;17;15;16;51;3
2016-07-04;Viveros;2016;17;8;12;60;NA
2016-07-04;Avda. Francia;2016;NA;NA;NA;NA;NA
2016-07-04;Pista Silla;2016;15;10;38;35;4
2016-07-05;Pista Silla;2016;17;8;45;42;3
2016-07-05;Avda. Francia;2016;NA;NA;19;55;3
2016-07-05;Moli del Sol;2016;14;13;18;57;3
2016-07-05;Politecnico;2016;15;9;15;60;3
2016-07-05;Viveros;2016;NA;14;18;66;NA
2016-07-06;Politecnico;2016;16;9;19;65;3
2016-07-06;Viveros;2016;26;18;28;67;NA
2016-07-06;Moli del Sol;2016;16;14;28;56;3
2016-07-06;Pista Silla;2016;21;9;57;44;3
2016-07-06;Avda. Francia;2016;NA;NA;26;58;3
2016-07-07;Viveros;2016;30;21;34;60;NA
2016-07-07;Avda. Francia;2016;NA;NA;32;52;3
2016-07-07;Moli del Sol;2016;16;14;28;56;3
2016-07-07;Pista Silla;2016;22;8;62;42;3
2016-07-07;Politecnico;2016;15;8;25;59;3
2016-07-08;Pista Silla;2016;22;9;62;41;4
2016-07-08;Viveros;2016;35;18;31;69;NA
2016-07-08;Moli del Sol;2016;17;15;28;56;4
2016-07-08;Politecnico;2016;17;9;20;66;3
2016-07-08;Avda. Francia;2016;NA;NA;23;67;3
2016-07-09;Avda. Francia;2016;NA;NA;15;68;3
2016-07-09;Politecnico;2016;17;11;7;77;3
2016-07-09;Pista Silla;2016;14;9;35;62;3
2016-07-09;Viveros;2016;24;15;14;86;NA
2016-07-09;Moli del Sol;2016;19;18;10;75;3
2016-07-10;Moli del Sol;2016;21;19;14;73;3
2016-07-10;Politecnico;2016;21;13;19;66;3
2016-07-10;Pista Silla;2016;14;9;35;62;3
2016-07-10;Avda. Francia;2016;NA;NA;NA;NA;NA
2016-07-10;Viveros;2016;30;18;21;79;NA
2016-07-11;Viveros;2016;33;NA;20;88;NA
2016-07-11;Avda. Francia;2016;NA;NA;NA;NA;NA
2016-07-11;Politecnico;2016;22;12;17;75;3
2016-07-11;Moli del Sol;2016;21;19;22;74;3
2016-07-11;Pista Silla;2016;24;12;53;57;5
2016-07-12;Viveros;2016;26;NA;12;74;NA
2016-07-12;Avda. Francia;2016;NA;NA;10;63;3
2016-07-12;Moli del Sol;2016;28;25;17;60;3
2016-07-12;Pista Silla;2016;22;13;37;50;3
2016-07-12;Politecnico;2016;17;10;10;64;3
2016-07-13;Politecnico;2016;20;8;8;59;3
2016-07-13;Pista Silla;2016;15;6;39;43;4
2016-07-13;Viveros;2016;28;NA;13;62;NA
2016-07-13;Moli del Sol;2016;13;11;12;60;3
2016-07-13;Avda. Francia;2016;NA;NA;8;56;3
2016-07-14;Viveros;2016;NA;NA;10;66;NA
2016-07-14;Pista Silla;2016;12;6;45;39;3
2016-07-14;Avda. Francia;2016;NA;NA;15;53;4
2016-07-14;Politecnico;2016;15;6;7;61;3
2016-07-14;Moli del Sol;2016;13;11;15;59;3
2016-07-15;Avda. Francia;2016;NA;NA;26;51;4
2016-07-15;Politecnico;2016;17;6;8;62;3
2016-07-15;Pista Silla;2016;13;5;42;42;3
2016-07-15;Viveros;2016;NA;13;16;62;NA
2016-07-15;Moli del Sol;2016;12;10;16;60;3
2016-07-16;Pista Silla;2016;12;6;35;51;3
2016-07-16;Avda. Francia;2016;NA;NA;19;60;3
2016-07-16;Moli del Sol;2016;15;13;13;60;3
2016-07-16;Politecnico;2016;18;9;8;64;3
2016-07-16;Viveros;2016;NA;16;15;65;NA
2016-07-17;Moli del Sol;2016;13;12;9;71;3
2016-07-17;Avda. Francia;2016;NA;NA;15;69;4
2016-07-17;Pista Silla;2016;9;5;33;61;4
2016-07-17;Politecnico;2016;12;6;7;71;3
2016-07-17;Viveros;2016;NA;17;9;80;NA
2016-07-18;Politecnico;2016;12;8;12;66;3
2016-07-18;Pista Silla;2016;12;6;53;44;3
2016-07-18;Viveros;2016;23;14;17;70;NA
2016-07-18;Moli del Sol;2016;15;14;21;60;4
2016-07-18;Avda. Francia;2016;NA;NA;20;60;4
2016-07-19;Politecnico;2016;15;9;16;63;3
2016-07-19;Viveros;2016;NA;17;20;70;NA
2016-07-19;Avda. Francia;2016;NA;NA;25;57;4
2016-07-19;Pista Silla;2016;15;7;52;46;3
2016-07-19;Moli del Sol;2016;16;15;23;60;4
2016-07-20;Politecnico;2016;19;11;18;59;3
2016-07-20;Avda. Francia;2016;NA;NA;24;54;3
2016-07-20;Moli del Sol;2016;24;22;28;55;3
2016-07-20;Viveros;2016;29;17;25;65;NA
2016-07-20;Pista Silla;2016;22;13;53;44;3
2016-07-21;Politecnico;2016;16;9;15;53;3
2016-07-21;Avda. Francia;2016;NA;NA;19;49;3
2016-07-21;Pista Silla;2016;16;11;38;42;3
2016-07-21;Moli del Sol;2016;29;25;21;53;3
2016-07-21;Viveros;2016;25;13;17;62;NA
2016-07-22;Moli del Sol;2016;28;25;17;56;3
2016-07-22;Viveros;2016;32;18;14;66;NA
2016-07-22;Pista Silla;2016;22;13;40;43;3
2016-07-22;Avda. Francia;2016;NA;NA;18;55;3
2016-07-22;Politecnico;2016;23;14;11;59;3
2016-07-23;Avda. Francia;2016;NA;NA;18;53;3
2016-07-23;Politecnico;2016;16;9;11;57;3
2016-07-23;Pista Silla;2016;13;8;40;45;3
2016-07-23;Viveros;2016;22;16;16;63;NA
2016-07-23;Moli del Sol;2016;16;14;13;61;3
2016-07-24;Pista Silla;2016;12;7;34;54;4
2016-07-24;Politecnico;2016;16;8;10;65;3
2016-07-24;Avda. Francia;2016;NA;NA;20;60;3
2016-07-24;Moli del Sol;2016;14;13;13;67;3
2016-07-24;Viveros;2016;20;11;13;71;NA
2016-07-25;Viveros;2016;30;13;21;69;3
2016-07-25;Avda. Francia;2016;NA;NA;27;60;3
2016-07-25;Pista Silla;2016;22;8;55;47;3
2016-07-25;Politecnico;2016;17;8;14;66;3
2016-07-25;Moli del Sol;2016;15;13;23;62;3
2016-07-26;Pista Silla;2016;23;13;50;49;3
2016-07-26;Politecnico;2016;18;10;11;65;3
2016-07-26;Viveros;2016;32;17;15;76;3
2016-07-26;Avda. Francia;2016;NA;NA;18;61;3
2016-07-26;Moli del Sol;2016;28;25;22;63;3
2016-07-27;Avda. Francia;2016;NA;NA;15;62;3
2016-07-27;Moli del Sol;2016;24;22;16;65;3
2016-07-27;Politecnico;2016;13;9;9;65;3
2016-07-27;Pista Silla;2016;14;9;37;58;3
2016-07-27;Viveros;2016;21;8;8;82;3
2016-07-28;Politecnico;2016;13;8;16;57;3
2016-07-28;Avda. Francia;2016;NA;NA;23;57;3
2016-07-28;Moli del Sol;2016;15;14;23;61;3
2016-07-28;Pista Silla;2016;17;8;55;42;4
2016-07-28;Viveros;2016;25;12;19;69;3
2016-07-29;Avda. Francia;2016;NA;NA;24;60;3
2016-07-29;Pista Silla;2016;17;10;50;47;4
2016-07-29;Moli del Sol;2016;20;18;23;60;3
2016-07-29;Politecnico;2016;15;9;15;62;3
2016-07-29;Viveros;2016;29;13;16;73;3
2016-07-30;Avda. Francia;2016;NA;NA;25;51;3
2016-07-30;Politecnico;2016;19;11;14;55;3
2016-07-30;Viveros;2016;30;19;18;67;3
2016-07-30;Pista Silla;2016;16;10;40;51;3
2016-07-30;Moli del Sol;2016;27;24;20;56;3
2016-07-31;Moli del Sol;2016;47;42;22;43;3
2016-07-31;Avda. Francia;2016;NA;NA;23;36;3
2016-07-31;Viveros;2016;36;NA;20;50;NA
2016-07-31;Politecnico;2016;23;14;16;38;3
2016-07-31;Pista Silla;2016;24;13;35;38;3
2016-08-01;Pista Silla;2016;16;9;34;29;4
2016-08-01;Politecnico;2016;20;11;5;53;3
2016-08-01;Viveros;2016;32;12;7;64;NA
2016-08-01;Moli del Sol;2016;19;16;10;57;3
2016-08-01;Avda. Francia;2016;NA;NA;8;46;3
2016-08-02;Avda. Francia;2016;NA;NA;15;44;3
2016-08-02;Moli del Sol;2016;16;14;17;47;3
2016-08-02;Politecnico;2016;16;9;11;49;3
2016-08-02;Viveros;2016;29;13;12;54;NA
2016-08-02;Pista Silla;2016;16;8;41;30;3
2016-08-03;Avda. Francia;2016;NA;NA;18;48;3
2016-08-03;Moli del Sol;2016;15;13;15;53;4
2016-08-03;Pista Silla;2016;16;9;36;42;3
2016-08-03;Politecnico;2016;16;9;10;57;3
2016-08-03;Viveros;2016;30;NA;14;60;NA
2016-08-04;Moli del Sol;2016;29;26;13;59;3
2016-08-04;Pista Silla;2016;15;9;35;51;3
2016-08-04;Politecnico;2016;13;8;8;59;3
2016-08-04;Viveros;2016;26;NA;8;71;NA
2016-08-04;Avda. Francia;2016;NA;NA;16;50;3
2016-08-05;Avda. Francia;2016;NA;NA;14;42;3
2016-08-05;Moli del Sol;2016;18;15;17;42;3
2016-08-05;Pista Silla;2016;16;9;35;34;3
2016-08-05;Politecnico;2016;19;9;8;48;3
2016-08-05;Viveros;2016;29;NA;8;48;NA
2016-08-06;Avda. Francia;2016;NA;NA;22;41;4
2016-08-06;Politecnico;2016;19;9;9;49;3
2016-08-06;Moli del Sol;2016;14;12;14;47;3
2016-08-06;Pista Silla;2016;13;6;40;36;6
2016-08-06;Viveros;2016;29;NA;12;47;NA
2016-08-07;Politecnico;2016;17;8;13;58;3
2016-08-07;Viveros;2016;25;NA;11;63;NA
2016-08-07;Avda. Francia;2016;NA;NA;19;52;3
2016-08-07;Moli del Sol;2016;12;11;10;59;3
2016-08-07;Pista Silla;2016;9;6;29;55;3
2016-08-08;Moli del Sol;2016;11;10;22;57;4
2016-08-08;Avda. Francia;2016;NA;NA;22;59;3
2016-08-08;Politecnico;2016;12;7;19;60;4
2016-08-08;Pista Silla;2016;14;7;47;53;3
2016-08-08;Viveros;2016;NA;NA;17;66;NA
2016-08-09;Pista Silla;2016;19;6;58;52;6
2016-08-09;Politecnico;2016;13;5;19;69;4
2016-08-09;Viveros;2016;NA;NA;20;72;NA
2016-08-09;Moli del Sol;2016;10;9;24;66;4
2016-08-09;Avda. Francia;2016;NA;NA;36;54;3
2016-08-10;Moli del Sol;2016;10;9;20;58;3
2016-08-10;Avda. Francia;2016;NA;NA;23;49;3
2016-08-10;Pista Silla;2016;10;5;44;56;3
2016-08-10;Politecnico;2016;NA;NA;NA;NA;NA
2016-08-10;Viveros;2016;NA;NA;19;58;NA
2016-08-11;Pista Silla;2016;18;8;53;46;3
2016-08-11;Avda. Francia;2016;NA;NA;30;43;5
2016-08-11;Moli del Sol;2016;16;15;22;51;3
2016-08-11;Viveros;2016;NA;NA;15;61;NA
2016-08-11;Politecnico;2016;NA;NA;NA;NA;NA
2016-08-12;Avda. Francia;2016;NA;NA;30;55;4
2016-08-12;Viveros;2016;25;10;17;66;NA
2016-08-12;Moli del Sol;2016;17;15;24;55;3
2016-08-12;Politecnico;2016;17;9;15;65;3
2016-08-12;Pista Silla;2016;18;8;48;77;3
2016-08-13;Viveros;2016;23;NA;12;72;NA
2016-08-13;Pista Silla;2016;11;7;34;87;3
2016-08-13;Politecnico;2016;14;8;14;65;4
2016-08-13;Avda. Francia;2016;NA;NA;18;63;4
2016-08-13;Moli del Sol;2016;14;13;13;66;4
2016-08-14;Viveros;2016;20;NA;8;71;NA
2016-08-14;Moli del Sol;2016;15;14;11;62;3
2016-08-14;Pista Silla;2016;9;7;29;81;3
2016-08-14;Politecnico;2016;11;7;8;66;3
2016-08-14;Avda. Francia;2016;NA;NA;17;58;3
2016-08-15;Moli del Sol;2016;11;10;8;64;3
2016-08-15;Politecnico;2016;9;6;9;64;3
2016-08-15;Avda. Francia;2016;NA;NA;13;58;4
2016-08-15;Viveros;2016;19;NA;8;68;NA
2016-08-15;Pista Silla;2016;7;5;26;84;3
2016-08-16;Pista Silla;2016;15;8;51;39;3
2016-08-16;Viveros;2016;32;NA;26;34;NA
2016-08-16;Moli del Sol;2016;19;17;22;40;3
2016-08-16;Avda. Francia;2016;NA;NA;27;29;3
2016-08-16;Politecnico;2016;14;9;22;39;3
2016-08-17;Politecnico;2016;20;13;20;50;3
2016-08-17;Moli del Sol;2016;27;23;28;47;3
2016-08-17;Viveros;2016;38;20;20;57;NA
2016-08-17;Avda. Francia;2016;NA;NA;45;36;3
2016-08-17;Pista Silla;2016;19;10;49;52;3
2016-08-18;Avda. Francia;2016;NA;NA;23;39;3
2016-08-18;Moli del Sol;2016;31;27;14;55;3
2016-08-18;Pista Silla;2016;19;14;27;59;3
2016-08-18;Viveros;2016;35;15;7;64;NA
2016-08-18;Politecnico;2016;23;15;10;52;3
2016-08-19;Avda. Francia;2016;NA;NA;18;42;3
2016-08-19;Pista Silla;2016;23;18;31;57;3
2016-08-19;Politecnico;2016;26;17;11;50;3
2016-08-19;Viveros;2016;37;19;12;59;NA
2016-08-19;Moli del Sol;2016;48;43;17;49;3
2016-08-20;Pista Silla;2016;21;18;23;42;3
2016-08-20;Viveros;2016;33;19;4;58;NA
2016-08-20;Moli del Sol;2016;48;44;12;50;3
2016-08-20;Avda. Francia;2016;NA;NA;12;39;3
2016-08-20;Politecnico;2016;23;16;6;47;3
2016-08-21;Politecnico;2016;21;9;4;60;3
2016-08-21;Viveros;2016;29;9;6;63;NA
2016-08-21;Avda. Francia;2016;NA;NA;10;47;3
2016-08-21;Pista Silla;2016;11;7;22;47;4
2016-08-21;Moli del Sol;2016;16;14;8;60;3
2016-08-22;Viveros;2016;28;11;12;52;3
2016-08-22;Pista Silla;2016;13;7;52;37;3
2016-08-22;Moli del Sol;2016;16;14;21;44;3
2016-08-22;Avda. Francia;2016;NA;NA;21;39;4
2016-08-22;Politecnico;2016;17;9;14;48;3
2016-08-23;Politecnico;2016;14;9;12;49;3
2016-08-23;Pista Silla;2016;13;8;46;44;3
2016-08-23;Moli del Sol;2016;16;14;20;45;3
2016-08-23;Viveros;2016;21;NA;12;52;3
2016-08-23;Avda. Francia;2016;NA;NA;21;39;3
2016-08-24;Moli del Sol;2016;14;13;18;55;4
2016-08-24;Politecnico;2016;11;8;12;58;3
2016-08-24;Pista Silla;2016;10;6;40;57;3
2016-08-24;Viveros;2016;20;8;9;65;3
2016-08-24;Avda. Francia;2016;NA;NA;21;49;3
2016-08-25;Pista Silla;2016;10;4;43;68;4
2016-08-25;Politecnico;2016;8;5;10;67;3
2016-08-25;Viveros;2016;18;8;8;75;NA
2016-08-25;Avda. Francia;2016;NA;NA;23;56;3
2016-08-25;Moli del Sol;2016;9;8;18;62;3
2016-08-26;Viveros;2016;17;8;10;66;NA
2016-08-26;Avda. Francia;2016;NA;NA;32;48;3
2016-08-26;Pista Silla;2016;8;5;45;58;3
2016-08-26;Politecnico;2016;7;5;13;60;4
2016-08-26;Moli del Sol;2016;12;11;18;57;3
2016-08-27;Viveros;2016;19;8;8;62;NA
2016-08-27;Pista Silla;2016;8;6;31;62;4
2016-08-27;Avda. Francia;2016;NA;NA;18;47;3
2016-08-27;Moli del Sol;2016;14;13;13;55;3
2016-08-27;Politecnico;2016;10;7;9;57;3
2016-08-28;Avda. Francia;2016;NA;NA;13;43;3
2016-08-28;Pista Silla;2016;13;11;19;65;3
2016-08-28;Politecnico;2016;17;11;7;51;3
2016-08-28;Viveros;2016;NA;10;6;60;NA
2016-08-28;Moli del Sol;2016;24;22;10;51;3
2016-08-29;Moli del Sol;2016;22;20;11;57;3
2016-08-29;Politecnico;2016;18;11;7;53;3
2016-08-29;Avda. Francia;2016;NA;NA;19;39;3
2016-08-29;Viveros;2016;20;11;4;65;NA
2016-08-29;Pista Silla;2016;14;11;25;58;3
2016-08-30;Moli del Sol;2016;18;16;11;59;3
2016-08-30;Politecnico;2016;18;9;5;59;3
2016-08-30;Avda. Francia;2016;NA;NA;18;43;3
2016-08-30;Pista Silla;2016;12;8;29;50;3
2016-08-30;Viveros;2016;22;NA;4;64;NA
2016-08-31;Moli del Sol;2016;13;12;17;54;4
2016-08-31;Politecnico;2016;13;7;10;59;3
2016-08-31;Avda. Francia;2016;NA;NA;22;48;3
2016-08-31;Pista Silla;2016;10;6;46;48;3
2016-08-31;Viveros;2016;21;NA;7;63;NA
2016-09-01;Avda. Francia;2016;NA;NA;28;45;3
2016-09-01;Politecnico;2016;12;7;14;56;3
2016-09-01;Viveros;2016;21;NA;16;54;3
2016-09-01;Moli del Sol;2016;14;13;19;51;3
2016-09-01;Pista Silla;2016;11;7;56;49;3
2016-09-02;Politecnico;2016;16;10;22;47;3
2016-09-02;Avda. Francia;2016;NA;NA;35;36;3
2016-09-02;Moli del Sol;2016;18;17;26;44;3
2016-09-02;Viveros;2016;27;18;18;48;4
2016-09-02;Pista Silla;2016;13;9;NA;NA;4
2016-09-03;Pista Silla;2016;13;10;NA;NA;3
2016-09-03;Viveros;2016;NA;19;17;53;5
2016-09-03;Avda. Francia;2016;NA;NA;34;39;3
2016-09-03;Moli del Sol;2016;17;16;23;50;3
2016-09-03;Politecnico;2016;19;11;24;45;5
2016-09-04;Pista Silla;2016;12;8;NA;NA;5
2016-09-04;Politecnico;2016;16;9;20;53;4
2016-09-04;Avda. Francia;2016;NA;NA;NA;47;3
2016-09-04;Moli del Sol;2016;17;16;27;49;3
2016-09-04;Viveros;2016;27;22;17;51;3
2016-09-05;Pista Silla;2016;17;7;NA;NA;3
2016-09-05;Politecnico;2016;22;10;29;50;3
2016-09-05;Viveros;2016;NA;30;21;53;NA
2016-09-05;Avda. Francia;2016;NA;NA;53;39;4
2016-09-05;Moli del Sol;2016;19;16;39;50;3
2016-09-06;Avda. Francia;2016;NA;NA;33;49;3
2016-09-06;Politecnico;2016;19;12;19;55;3
2016-09-06;Pista Silla;2016;17;11;NA;NA;3
2016-09-06;Moli del Sol;2016;29;27;26;63;3
2016-09-06;Viveros;2016;32;NA;11;72;NA
2016-09-07;Moli del Sol;2016;35;33;19;60;3
2016-09-07;Politecnico;2016;16;11;12;57;3
2016-09-07;Viveros;2016;27;19;5;77;NA
2016-09-07;Avda. Francia;2016;NA;NA;33;46;3
2016-09-07;Pista Silla;2016;21;16;NA;NA;4
2016-09-08;Viveros;2016;NA;NA;8;60;NA
2016-09-08;Avda. Francia;2016;NA;NA;35;41;3
2016-09-08;Politecnico;2016;12;7;10;53;3
2016-09-08;Moli del Sol;2016;17;16;19;52;3
2016-09-08;Pista Silla;2016;12;8;NA;NA;3
2016-09-09;Viveros;2016;NA;10;8;58;NA
2016-09-09;Moli del Sol;2016;15;14;18;52;3
2016-09-09;Avda. Francia;2016;NA;NA;40;42;3
2016-09-09;Politecnico;2016;15;9;11;52;3
2016-09-09;Pista Silla;2016;12;8;NA;NA;4
2016-09-10;Avda. Francia;2016;NA;NA;16;55;3
2016-09-10;Moli del Sol;2016;18;17;10;63;3
2016-09-10;Pista Silla;2016;12;10;NA;NA;3
2016-09-10;Viveros;2016;23;12;5;73;3
2016-09-10;Politecnico;2016;13;9;5;66;3
2016-09-11;Pista Silla;2016;12;11;NA;NA;4
2016-09-11;Politecnico;2016;15;11;8;60;3
2016-09-11;Moli del Sol;2016;19;18;10;58;3
2016-09-11;Viveros;2016;NA;12;6;64;4
2016-09-11;Avda. Francia;2016;NA;NA;19;46;3
2016-09-12;Pista Silla;2016;13;9;NA;NA;4
2016-09-12;Viveros;2016;19;NA;9;61;3
2016-09-12;Avda. Francia;2016;NA;NA;27;40;3
2016-09-12;Moli del Sol;2016;15;14;15;53;3
2016-09-12;Politecnico;2016;13;8;12;56;3
2016-09-13;Avda. Francia;2016;NA;NA;31;39;4
2016-09-13;Pista Silla;2016;13;10;57;NA;4
2016-09-13;Politecnico;2016;14;9;12;57;3
2016-09-13;Viveros;2016;21;11;8;59;3
2016-09-13;Moli del Sol;2016;17;16;8;53;3
2016-09-14;Moli del Sol;2016;6;5;8;52;3
2016-09-14;Viveros;2016;16;11;9;48;3
2016-09-14;Avda. Francia;2016;NA;NA;22;33;3
2016-09-14;Pista Silla;2016;15;3;38;54;3
2016-09-14;Politecnico;2016;6;3;17;45;3
2016-09-15;Pista Silla;2016;25;4;54;42;4
2016-09-15;Avda. Francia;2016;NA;NA;31;36;4
2016-09-15;Politecnico;2016;7;3;25;40;3
2016-09-15;Viveros;2016;22;13;14;38;3
2016-09-15;Moli del Sol;2016;6;5;10;41;3
2016-09-16;Avda. Francia;2016;NA;NA;35;31;4
2016-09-16;Viveros;2016;20;10;11;44;3
2016-09-16;Moli del Sol;2016;6;5;NA;40;3
2016-09-16;Politecnico;2016;7;3;23;42;3
2016-09-16;Pista Silla;2016;12;3;62;29;4
2016-09-17;Pista Silla;2016;5;2;49;34;3
2016-09-17;Viveros;2016;17;10;9;42;3
2016-09-17;Moli del Sol;2016;5;5;NA;43;4
2016-09-17;Politecnico;2016;5;3;17;41;4
2016-09-17;Avda. Francia;2016;NA;NA;26;33;3
2016-09-18;Moli del Sol;2016;4;3;NA;47;4
2016-09-18;Viveros;2016;17;9;6;48;3
2016-09-18;Politecnico;2016;4;2;12;45;3
2016-09-18;Avda. Francia;2016;NA;NA;18;39;3
2016-09-18;Pista Silla;2016;4;1;33;48;4
2016-09-19;Viveros;2016;20;12;11;47;3
2016-09-19;Avda. Francia;2016;NA;NA;30;38;4
2016-09-19;Moli del Sol;2016;6;6;NA;43;3
2016-09-19;Pista Silla;2016;14;4;55;40;3
2016-09-19;Politecnico;2016;7;3;23;42;3
2016-09-20;Viveros;2016;22;14;9;53;3
2016-09-20;Moli del Sol;2016;9;9;NA;50;3
2016-09-20;Avda. Francia;2016;NA;NA;29;38;3
2016-09-20;Pista Silla;2016;13;4;54;39;3
2016-09-20;Politecnico;2016;11;5;22;45;4
2016-09-21;Moli del Sol;2016;15;14;NA;49;4
2016-09-21;Viveros;2016;20;17;10;56;3
2016-09-21;Avda. Francia;2016;NA;NA;28;39;4
2016-09-21;Pista Silla;2016;11;7;51;41;3
2016-09-21;Politecnico;2016;13;8;22;47;3
2016-09-22;Avda. Francia;2016;NA;NA;26;43;4
2016-09-22;Moli del Sol;2016;23;22;NA;49;3
2016-09-22;Pista Silla;2016;15;10;51;41;3
2016-09-22;Politecnico;2016;15;11;17;53;3
2016-09-22;Viveros;2016;13;NA;8;59;3
2016-09-23;Politecnico;2016;17;11;19;57;3
2016-09-23;Moli del Sol;2016;20;19;NA;57;3
2016-09-23;Viveros;2016;26;NA;9;62;3
2016-09-23;Pista Silla;2016;18;10;53;37;4
2016-09-23;Avda. Francia;2016;NA;NA;26;46;3
2016-09-24;Avda. Francia;2016;NA;NA;16;47;3
2016-09-24;Politecnico;2016;8;6;13;56;3
2016-09-24;Viveros;2016;15;NA;7;57;3
2016-09-24;Moli del Sol;2016;11;11;NA;54;3
2016-09-24;Pista Silla;2016;5;4;44;41;3
2016-09-25;Avda. Francia;2016;NA;NA;17;48;3
2016-09-25;Pista Silla;2016;7;6;34;50;4
2016-09-25;Moli del Sol;2016;17;17;NA;60;3
2016-09-25;Politecnico;2016;10;8;12;55;3
2016-09-25;Viveros;2016;18;NA;5;61;3
2016-09-26;Moli del Sol;2016;15;15;NA;48;3
2016-09-26;Politecnico;2016;11;8;14;55;3
2016-09-26;Avda. Francia;2016;NA;NA;23;41;3
2016-09-26;Viveros;2016;17;NA;7;55;3
2016-09-26;Pista Silla;2016;8;6;48;32;3
2016-09-27;Moli del Sol;2016;16;15;NA;45;3
2016-09-27;Pista Silla;2016;9;6;54;25;3
2016-09-27;Avda. Francia;2016;NA;NA;21;43;3
2016-09-27;Viveros;2016;22;NA;6;54;3
2016-09-27;Politecnico;2016;11;8;16;48;3
2016-09-28;Pista Silla;2016;8;5;33;46;4
2016-09-28;Moli del Sol;2016;12;11;9;68;3
2016-09-28;Politecnico;2016;15;8;10;66;3
2016-09-28;Avda. Francia;2016;NA;NA;23;53;3
2016-09-28;Viveros;2016;21;NA;4;75;3
2016-09-29;Viveros;2016;18;11;9;66;3
2016-09-29;Moli del Sol;2016;18;18;22;47;3
2016-09-29;Avda. Francia;2016;NA;NA;34;46;3
2016-09-29;Politecnico;2016;13;10;16;65;3
2016-09-29;Pista Silla;2016;11;8;59;43;4
2016-09-30;Pista Silla;2016;16;10;57;19;3
2016-09-30;Politecnico;2016;15;12;21;46;3
2016-09-30;Avda. Francia;2016;NA;NA;28;35;3
2016-09-30;Moli del Sol;2016;19;19;18;42;3
2016-09-30;Viveros;2016;21;16;8;46;3
2016-10-01;Viveros;2016;25;19;7;49;3
2016-10-01;Pista Silla;2016;15;12;43;30;3
2016-10-01;Avda. Francia;2016;NA;NA;29;35;3
2016-10-01;Moli del Sol;2016;22;21;11;52;3
2016-10-01;Politecnico;2016;17;14;19;48;3
2016-10-02;Avda. Francia;2016;NA;NA;21;43;4
2016-10-02;Pista Silla;2016;15;13;37;41;3
2016-10-02;Viveros;2016;28;17;4;61;3
2016-10-02;Politecnico;2016;19;14;15;52;3
2016-10-02;Moli del Sol;2016;23;22;8;57;3
2016-10-03;Viveros;2016;25;16;NA;54;3
2016-10-03;Politecnico;2016;16;12;15;49;3
2016-10-03;Avda. Francia;2016;NA;NA;30;38;4
2016-10-03;Moli del Sol;2016;20;19;14;45;3
2016-10-03;Pista Silla;2016;16;11;42;31;4
2016-10-04;Viveros;2016;25;12;NA;51;3
2016-10-04;Avda. Francia;2016;NA;NA;26;40;3
2016-10-04;Pista Silla;2016;14;9;37;29;3
2016-10-04;Moli del Sol;2016;16;15;13;49;3
2016-10-04;Politecnico;2016;13;9;17;48;3
2016-10-05;Pista Silla;2016;11;8;38;27;3
2016-10-05;Politecnico;2016;14;10;16;48;3
2016-10-05;Moli del Sol;2016;18;17;16;43;3
2016-10-05;Avda. Francia;2016;NA;NA;29;38;4
2016-10-05;Viveros;2016;19;9;NA;53;3
2016-10-06;Moli del Sol;2016;20;19;14;47;3
2016-10-06;Pista Silla;2016;NA;NA;NA;NA;NA
2016-10-06;Avda. Francia;2016;NA;NA;33;34;3
2016-10-06;Politecnico;2016;17;12;20;45;3
2016-10-06;Viveros;2016;30;16;NA;50;3
2016-10-07;Avda. Francia;2016;NA;NA;NA;44;3
2016-10-07;Pista Silla;2016;13;8;43;32;4
2016-10-07;Politecnico;2016;15;10;18;53;3
2016-10-07;Viveros;2016;30;15;NA;60;3
2016-10-07;Moli del Sol;2016;17;16;16;53;3
2016-10-08;Viveros;2016;25;15;NA;54;3
2016-10-08;Moli del Sol;2016;17;16;11;47;3
2016-10-08;Politecnico;2016;18;10;17;48;3
2016-10-08;Avda. Francia;2016;NA;NA;NA;44;4
2016-10-08;Pista Silla;2016;11;7;35;29;3
2016-10-09;Moli del Sol;2016;12;11;4;58;3
2016-10-09;Pista Silla;2016;8;4;15;52;3
2016-10-09;Avda. Francia;2016;NA;NA;NA;51;3
2016-10-09;Politecnico;2016;13;7;6;57;3
2016-10-09;Viveros;2016;21;10;NA;66;3
2016-10-10;Viveros;2016;22;9;NA;67;3
2016-10-10;Moli del Sol;2016;11;10;NA;64;3
2016-10-10;Politecnico;2016;12;7;11;56;3
2016-10-10;Avda. Francia;2016;NA;NA;NA;43;3
2016-10-10;Pista Silla;2016;7;4;20;48;3
2016-10-11;Pista Silla;2016;14;8;40;49;3
2016-10-11;Moli del Sol;2016;18;17;NA;60;3
2016-10-11;Viveros;2016;31;17;NA;69;3
2016-10-11;Avda. Francia;2016;NA;NA;35;51;3
2016-10-11;Politecnico;2016;18;11;22;57;5
2016-10-12;Politecnico;2016;13;8;13;62;3
2016-10-12;Pista Silla;2016;10;7;22;60;3
2016-10-12;Viveros;2016;20;9;NA;69;3
2016-10-12;Avda. Francia;2016;NA;NA;13;56;3
2016-10-12;Moli del Sol;2016;15;15;NA;63;3
2016-10-13;Politecnico;2016;7;5;29;32;3
2016-10-13;Avda. Francia;2016;NA;NA;32;25;4
2016-10-13;Viveros;2016;12;6;NA;30;3
2016-10-13;Pista Silla;2016;6;4;31;28;3
2016-10-13;Moli del Sol;2016;11;11;NA;37;3
2016-10-14;Avda. Francia;2016;NA;NA;43;26;4
2016-10-14;Pista Silla;2016;10;3;40;30;3
2016-10-14;Politecnico;2016;6;3;26;38;3
2016-10-14;Viveros;2016;14;5;NA;39;3
2016-10-14;Moli del Sol;2016;7;6;NA;42;3
2016-10-15;Pista Silla;2016;8;6;50;33;3
2016-10-15;Moli del Sol;2016;13;13;NA;45;4
2016-10-15;Avda. Francia;2016;NA;NA;35;40;4
2016-10-15;Politecnico;2016;10;7;23;49;3
2016-10-15;Viveros;2016;17;9;NA;49;3
2016-10-16;Moli del Sol;2016;13;13;NA;54;3
2016-10-16;Avda. Francia;2016;NA;NA;24;50;4
2016-10-16;Pista Silla;2016;7;5;40;40;3
2016-10-16;Politecnico;2016;9;7;19;51;3
2016-10-16;Viveros;2016;16;9;NA;59;3
2016-10-17;Viveros;2016;28;19;NA;56;3
2016-10-17;Moli del Sol;2016;21;20;NA;53;3
2016-10-17;Pista Silla;2016;NA;NA;NA;NA;NA
2016-10-17;Politecnico;2016;12;7;23;52;3
2016-10-17;Avda. Francia;2016;NA;NA;36;41;6
2016-10-18;Politecnico;2016;14;10;37;34;3
2016-10-18;Pista Silla;2016;NA;NA;NA;NA;NA
2016-10-18;Moli del Sol;2016;19;19;NA;29;3
2016-10-18;Viveros;2016;23;15;NA;25;3
2016-10-18;Avda. Francia;2016;NA;NA;41;29;3
2016-10-19;Moli del Sol;2016;23;23;NA;35;3
2016-10-19;Viveros;2016;22;19;NA;31;3
2016-10-19;Politecnico;2016;15;13;37;35;3
2016-10-19;Avda. Francia;2016;NA;NA;37;31;3
2016-10-19;Pista Silla;2016;NA;NA;NA;NA;NA
2016-10-20;Avda. Francia;2016;NA;NA;44;23;6
2016-10-20;Viveros;2016;19;NA;NA;29;3
2016-10-20;Politecnico;2016;14;10;28;30;3
2016-10-20;Moli del Sol;2016;18;17;NA;22;3
2016-10-20;Pista Silla;2016;NA;NA;NA;NA;NA
2016-10-21;Viveros;2016;20;8;NA;45;3
2016-10-21;Moli del Sol;2016;12;12;NA;36;3
2016-10-21;Politecnico;2016;11;6;16;48;3
2016-10-21;Pista Silla;2016;7;5;39;31;3
2016-10-21;Avda. Francia;2016;NA;NA;39;34;3
2016-10-22;Politecnico;2016;18;15;18;37;3
2016-10-22;Viveros;2016;26;11;NA;38;3
2016-10-22;Avda. Francia;2016;NA;NA;29;25;3
2016-10-22;Moli del Sol;2016;26;26;NA;37;3
2016-10-22;Pista Silla;2016;13;12;35;28;3
2016-10-23;Politecnico;2016;24;19;20;34;3
2016-10-23;Moli del Sol;2016;28;27;NA;33;3
2016-10-23;Pista Silla;2016;17;16;29;25;3
2016-10-23;Viveros;2016;35;24;NA;35;3
2016-10-23;Avda. Francia;2016;NA;NA;27;26;4
2016-10-24;Avda. Francia;2016;NA;NA;41;14;3
2016-10-24;Pista Silla;2016;14;8;42;16;3
2016-10-24;Moli del Sol;2016;16;15;NA;24;3
2016-10-24;Politecnico;2016;16;11;30;22;3
2016-10-24;Viveros;2016;32;14;NA;24;3
2016-10-25;Politecnico;2016;23;16;34;17;3
2016-10-25;Avda. Francia;2016;NA;NA;45;12;7
2016-10-25;Viveros;2016;39;NA;NA;15;3
2016-10-25;Moli del Sol;2016;23;22;NA;17;3
2016-10-25;Pista Silla;2016;15;11;44;11;3
2016-10-26;Avda. Francia;2016;NA;NA;40;10;NA
2016-10-26;Viveros;2016;64;20;NA;15;3
2016-10-26;Pista Silla;2016;20;11;47;7;3
2016-10-26;Moli del Sol;2016;23;21;NA;15;3
2016-10-26;Politecnico;2016;32;20;30;16;4
2016-10-27;Avda. Francia;2016;NA;NA;34;22;NA
2016-10-27;Viveros;2016;51;NA;NA;26;3
2016-10-27;Politecnico;2016;27;17;25;29;3
2016-10-27;Moli del Sol;2016;22;20;34;23;3
2016-10-27;Pista Silla;2016;19;11;50;13;6
2016-10-28;Politecnico;2016;21;15;32;32;3
2016-10-28;Avda. Francia;2016;NA;NA;45;25;NA
2016-10-28;Viveros;2016;34;13;NA;25;3
2016-10-28;Pista Silla;2016;31;15;68;13;7
2016-10-28;Moli del Sol;2016;22;22;44;26;3
2016-10-29;Pista Silla;2016;24;16;56;19;NA
2016-10-29;Viveros;2016;33;NA;NA;25;4
2016-10-29;Politecnico;2016;22;17;36;26;3
2016-10-29;Avda. Francia;2016;NA;NA;46;24;NA
2016-10-29;Moli del Sol;2016;27;26;37;28;3
2016-10-30;Viveros;2016;23;NA;NA;40;3
2016-10-30;Politecnico;2016;15;12;22;38;3
2016-10-30;Moli del Sol;2016;21;21;25;35;3
2016-10-30;Pista Silla;2016;15;9;41;28;NA
2016-10-30;Avda. Francia;2016;NA;NA;35;32;NA
2016-10-31;Avda. Francia;2016;NA;NA;40;39;NA
2016-10-31;Politecnico;2016;19;16;22;50;3
2016-10-31;Moli del Sol;2016;26;26;37;41;3
2016-10-31;Viveros;2016;23;NA;NA;49;3
2016-10-31;Pista Silla;2016;20;14;57;27;3
2016-11-01;Pista Silla;2016;18;15;43;38;3
2016-11-01;Moli del Sol;2016;33;32;25;48;3
2016-11-01;Viveros;2016;24;NA;NA;48;3
2016-11-01;Avda. Francia;2016;NA;NA;41;42;NA
2016-11-01;Politecnico;2016;20;17;28;43;3
2016-11-02;Politecnico;2016;20;15;41;25;4
2016-11-02;Viveros;2016;28;NA;NA;27;4
2016-11-02;Avda. Francia;2016;NA;NA;61;17;NA
2016-11-02;Moli del Sol;2016;24;23;44;24;3
2016-11-02;Pista Silla;2016;22;13;69;14;7
2016-11-03;Avda. Francia;2016;NA;NA;60;14;NA
2016-11-03;Moli del Sol;2016;30;29;45;21;3
2016-11-03;Pista Silla;2016;28;13;58;16;8
2016-11-03;Politecnico;2016;28;17;45;18;4
2016-11-03;Viveros;2016;36;NA;NA;22;5
2016-11-04;Pista Silla;2016;27;16;59;9;6
2016-11-04;Politecnico;2016;34;23;47;11;NA
2016-11-04;Avda. Francia;2016;NA;NA;55;10;NA
2016-11-04;Moli del Sol;2016;31;30;46;15;3
2016-11-04;Viveros;2016;43;28;32;15;4
2016-11-05;Moli del Sol;2016;14;11;12;47;3
2016-11-05;Politecnico;2016;14;7;16;36;3
2016-11-05;Pista Silla;2016;46;8;15;43;NA
2016-11-05;Avda. Francia;2016;NA;NA;23;36;NA
2016-11-05;Viveros;2016;22;11;12;45;3
2016-11-06;Moli del Sol;2016;3;3;9;57;3
2016-11-06;Avda. Francia;2016;NA;NA;21;43;NA
2016-11-06;Viveros;2016;5;1;9;55;3
2016-11-06;Pista Silla;2016;3;1;14;51;NA
2016-11-06;Politecnico;2016;2;1;9;48;3
2016-11-07;Moli del Sol;2016;7;6;30;35;4
2016-11-07;Pista Silla;2016;12;3;36;26;NA
2016-11-07;Politecnico;2016;7;3;22;34;3
2016-11-07;Avda. Francia;2016;NA;NA;42;26;NA
2016-11-07;Viveros;2016;13;5;16;39;3
2016-11-08;Pista Silla;2016;31;5;31;33;NA
2016-11-08;Avda. Francia;2016;NA;NA;34;33;NA
2016-11-08;Moli del Sol;2016;5;5;18;44;4
2016-11-08;Viveros;2016;20;8;15;43;3
2016-11-08;Politecnico;2016;6;2;15;40;3
2016-11-09;Moli del Sol;2016;10;8;23;39;3
2016-11-09;Pista Silla;2016;54;8;31;29;NA
2016-11-09;Avda. Francia;2016;NA;NA;41;NA;NA
2016-11-09;Viveros;2016;20;10;18;35;3
2016-11-09;Politecnico;2016;10;4;24;30;3
2016-11-10;Moli del Sol;2016;13;12;46;23;3
2016-11-10;Avda. Francia;2016;NA;NA;57;NA;NA
2016-11-10;Politecnico;2016;11;6;39;20;4
2016-11-10;Viveros;2016;20;10;33;19;4
2016-11-10;Pista Silla;2016;20;6;68;13;4
2016-11-11;Pista Silla;2016;22;7;61;15;5
2016-11-11;Politecnico;2016;12;7;40;18;4
2016-11-11;Avda. Francia;2016;NA;NA;60;18;3
2016-11-11;Moli del Sol;2016;15;14;49;20;3
2016-11-11;Viveros;2016;NA;31;40;16;4
2016-11-12;Viveros;2016;21;12;28;22;3
2016-11-12;Avda. Francia;2016;NA;NA;54;20;3
2016-11-12;Pista Silla;2016;14;8;52;15;7
2016-11-12;Politecnico;2016;12;9;26;25;3
2016-11-12;Moli del Sol;2016;17;16;36;24;3
2016-11-13;Viveros;2016;21;14;24;24;3
2016-11-13;Avda. Francia;2016;NA;NA;53;19;4
2016-11-13;Moli del Sol;2016;17;16;36;24;3
2016-11-13;Pista Silla;2016;13;8;51;16;7
2016-11-13;Politecnico;2016;11;8;25;23;3
2016-11-14;Avda. Francia;2016;NA;NA;53;25;4
2016-11-14;Pista Silla;2016;19;5;55;20;3
2016-11-14;Viveros;2016;25;12;25;30;3
2016-11-14;Moli del Sol;2016;12;11;41;23;3
2016-11-14;Politecnico;2016;11;5;23;28;3
2016-11-15;Viveros;2016;NA;13;22;31;3
2016-11-15;Pista Silla;2016;15;5;49;24;4
2016-11-15;Politecnico;2016;14;6;22;28;3
2016-11-15;Avda. Francia;2016;NA;NA;51;NA;6
2016-11-15;Moli del Sol;2016;13;12;34;31;3
2016-11-16;Avda. Francia;2016;NA;NA;54;NA;4
2016-11-16;Politecnico;2016;13;8;29;27;4
2016-11-16;Moli del Sol;2016;15;14;35;29;4
2016-11-16;Pista Silla;2016;16;7;55;19;6
2016-11-16;Viveros;2016;24;14;27;28;4
2016-11-17;Politecnico;2016;18;11;41;19;5
2016-11-17;Pista Silla;2016;18;9;69;10;3
2016-11-17;Moli del Sol;2016;20;19;54;15;3
2016-11-17;Avda. Francia;2016;NA;NA;64;NA;4
2016-11-17;Viveros;2016;32;22;37;16;4
2016-11-18;Pista Silla;2016;24;11;66;10;4
2016-11-18;Avda. Francia;2016;NA;NA;62;NA;6
2016-11-18;Moli del Sol;2016;26;24;50;16;3
2016-11-18;Viveros;2016;38;27;35;15;5
2016-11-18;Politecnico;2016;23;15;38;13;4
2016-11-19;Pista Silla;2016;14;9;56;12;5
2016-11-19;Viveros;2016;29;21;29;21;4
2016-11-19;Politecnico;2016;16;12;27;21;3
2016-11-19;Avda. Francia;2016;NA;NA;49;NA;3
2016-11-19;Moli del Sol;2016;22;22;41;20;3
2016-11-20;Moli del Sol;2016;15;14;16;44;3
2016-11-20;Pista Silla;2016;15;7;28;38;4
2016-11-20;Avda. Francia;2016;NA;NA;28;NA;4
2016-11-20;Politecnico;2016;10;8;NA;36;3
2016-11-20;Viveros;2016;20;14;16;41;3
2016-11-21;Avda. Francia;2016;NA;NA;49;10;4
2016-11-21;Politecnico;2016;9;6;NA;18;4
2016-11-21;Viveros;2016;21;14;31;13;3
2016-11-21;Moli del Sol;2016;13;13;36;19;3
2016-11-21;Pista Silla;2016;11;6;56;12;3
2016-11-22;Moli del Sol;2016;6;6;30;27;3
2016-11-22;Viveros;2016;9;NA;23;21;3
2016-11-22;Politecnico;2016;4;3;27;23;3
2016-11-22;Pista Silla;2016;3;3;47;18;3
2016-11-22;Avda. Francia;2016;NA;NA;47;18;4
2016-11-23;Viveros;2016;9;6;25;16;3
2016-11-23;Avda. Francia;2016;NA;NA;49;17;4
2016-11-23;Pista Silla;2016;3;3;48;17;3
2016-11-23;Politecnico;2016;4;3;32;18;3
2016-11-23;Moli del Sol;2016;6;6;36;23;3
2016-11-24;Moli del Sol;2016;9;8;26;30;3
2016-11-24;Pista Silla;2016;15;4;37;26;4
2016-11-24;Politecnico;2016;5;4;22;24;3
2016-11-24;Avda. Francia;2016;NA;NA;46;24;5
2016-11-24;Viveros;2016;9;7;19;26;3
2016-11-25;Viveros;2016;17;9;23;23;3
2016-11-25;Pista Silla;2016;17;6;51;21;3
2016-11-25;Politecnico;2016;8;5;25;23;3
2016-11-25;Moli del Sol;2016;13;13;35;28;3
2016-11-25;Avda. Francia;2016;NA;NA;57;24;3
2016-11-26;Moli del Sol;2016;10;10;28;32;3
2016-11-26;Pista Silla;2016;7;5;43;25;4
2016-11-26;Avda. Francia;2016;NA;NA;39;29;3
2016-11-26;Viveros;2016;18;NA;NA;35;3
2016-11-26;Politecnico;2016;9;6;NA;34;3
2016-11-27;Avda. Francia;2016;NA;NA;24;48;3
2016-11-27;Pista Silla;2016;3;2;23;42;4
2016-11-27;Viveros;2016;14;NA;NA;53;3
2016-11-27;Moli del Sol;2016;5;5;16;46;3
2016-11-27;Politecnico;2016;6;4;NA;47;3
2016-11-28;Moli del Sol;2016;11;10;46;25;3
2016-11-28;Politecnico;2016;7;5;NA;22;5
2016-11-28;Pista Silla;2016;5;4;66;16;3
2016-11-28;Viveros;2016;13;11;NA;18;4
2016-11-28;Avda. Francia;2016;NA;NA;59;21;3
2016-11-29;Politecnico;2016;9;8;22;27;4
2016-11-29;Pista Silla;2016;6;5;38;19;3
2016-11-29;Avda. Francia;2016;NA;NA;43;20;3
2016-11-29;Moli del Sol;2016;14;14;29;24;3
2016-11-29;Viveros;2016;10;NA;NA;27;4
2016-11-30;Pista Silla;2016;4;3;32;42;3
2016-11-30;Politecnico;2016;13;7;10;52;3
2016-11-30;Avda. Francia;2016;NA;NA;21;54;3
2016-11-30;Viveros;2016;18;NA;NA;59;3
2016-11-30;Moli del Sol;2016;7;7;21;47;3
2016-12-01;Avda. Francia;2016;NA;NA;51;29;3
2016-12-01;Politecnico;2016;15;9;37;29;4
2016-12-01;Moli del Sol;2016;13;13;35;32;3
2016-12-01;Pista Silla;2016;10;6;53;26;3
2016-12-01;Viveros;2016;27;NA;NA;32;4
2016-12-02;Moli del Sol;2016;21;21;42;13;3
2016-12-02;Viveros;2016;26;16;NA;9;4
2016-12-02;Pista Silla;2016;20;11;65;5;6
2016-12-02;Avda. Francia;2016;NA;NA;60;10;3
2016-12-02;Politecnico;2016;16;12;39;11;4
2016-12-03;Moli del Sol;2016;21;21;22;22;3
2016-12-03;Pista Silla;2016;14;10;34;13;7
2016-12-03;Politecnico;2016;15;13;24;16;3
2016-12-03;Avda. Francia;2016;NA;NA;44;16;4
2016-12-03;Viveros;2016;21;15;NA;20;3
2016-12-04;Politecnico;2016;13;10;10;49;3
2016-12-04;Moli del Sol;2016;14;13;15;53;3
2016-12-04;Pista Silla;2016;6;6;27;42;4
2016-12-04;Viveros;2016;13;NA;NA;54;3
2016-12-04;Avda. Francia;2016;NA;NA;22;48;4
2016-12-05;Avda. Francia;2016;NA;NA;20;56;3
2016-12-05;Moli del Sol;2016;10;9;12;58;3
2016-12-05;Politecnico;2016;17;12;11;53;3
2016-12-05;Pista Silla;2016;5;4;24;48;4
2016-12-05;Viveros;2016;20;7;NA;58;3
2016-12-06;Avda. Francia;2016;NA;NA;42;34;4
2016-12-06;Viveros;2016;23;11;NA;39;3
2016-12-06;Pista Silla;2016;7;6;41;30;3
2016-12-06;Moli del Sol;2016;16;15;24;36;3
2016-12-06;Politecnico;2016;13;9;19;36;3
2016-12-07;Moli del Sol;2016;21;21;41;17;4
2016-12-07;Politecnico;2016;17;13;27;21;4
2016-12-07;Viveros;2016;25;14;NA;21;4
2016-12-07;Avda. Francia;2016;NA;NA;47;22;3
2016-12-07;Pista Silla;2016;11;9;55;11;4
2016-12-08;Viveros;2016;23;14;NA;40;3
2016-12-08;Politecnico;2016;15;12;14;43;3
2016-12-08;Pista Silla;2016;10;9;43;28;4
2016-12-08;Avda. Francia;2016;NA;NA;35;45;3
2016-12-08;Moli del Sol;2016;24;23;28;32;3
2016-12-09;Moli del Sol;2016;21;21;46;19;4
2016-12-09;Politecnico;2016;19;12;43;12;4
2016-12-09;Avda. Francia;2016;NA;NA;65;17;6
2016-12-09;Pista Silla;2016;14;9;66;13;4
2016-12-09;Viveros;2016;27;18;NA;14;3
2016-12-10;Moli del Sol;2016;20;20;33;18;4
2016-12-10;Pista Silla;2016;13;11;50;11;3
2016-12-10;Politecnico;2016;16;13;30;14;3
2016-12-10;Avda. Francia;2016;NA;NA;45;19;3
2016-12-10;Viveros;2016;24;17;NA;16;3
2016-12-11;Politecnico;2016;14;12;17;13;3
2016-12-11;Avda. Francia;2016;NA;NA;50;NA;6
2016-12-11;Viveros;2016;18;15;NA;14;3
2016-12-11;Moli del Sol;2016;17;17;28;16;3
2016-12-11;Pista Silla;2016;8;7;46;8;4
2016-12-12;Avda. Francia;2016;NA;NA;54;NA;3
2016-12-12;Politecnico;2016;16;11;NA;7;5
2016-12-12;Viveros;2016;23;18;71;9;3
2016-12-12;Moli del Sol;2016;19;18;35;12;6
2016-12-12;Pista Silla;2016;13;8;53;6;4
2016-12-13;Politecnico;2016;19;15;NA;9;4
2016-12-13;Avda. Francia;2016;NA;NA;57;NA;3
2016-12-13;Moli del Sol;2016;25;24;40;11;4
2016-12-13;Viveros;2016;24;22;68;9;3
2016-12-13;Pista Silla;2016;17;12;60;4;3
2016-12-14;Avda. Francia;2016;NA;NA;60;NA;4
2016-12-14;Politecnico;2016;22;18;39;12;4
2016-12-14;Pista Silla;2016;21;15;62;6;4
2016-12-14;Moli del Sol;2016;32;31;41;13;4
2016-12-14;Viveros;2016;31;28;64;10;3
2016-12-15;Pista Silla;2016;17;13;54;6;3
2016-12-15;Moli del Sol;2016;28;27;40;11;4
2016-12-15;Politecnico;2016;21;17;39;9;3
2016-12-15;Avda. Francia;2016;NA;NA;60;NA;3
2016-12-15;Viveros;2016;28;23;62;9;3
2016-12-16;Pista Silla;2016;10;9;56;14;3
2016-12-16;Moli del Sol;2016;20;20;39;20;3
2016-12-16;Viveros;2016;19;NA;43;23;3
2016-12-16;Avda. Francia;2016;NA;NA;47;NA;3
2016-12-16;Politecnico;2016;14;12;27;27;3
2016-12-17;Moli del Sol;2016;9;8;8;65;3
2016-12-17;Pista Silla;2016;5;4;16;63;4
2016-12-17;Viveros;2016;23;NA;3;76;3
2016-12-17;Avda. Francia;2016;NA;NA;10;71;3
2016-12-17;Politecnico;2016;16;11;3;64;3
2016-12-18;Politecnico;2016;13;11;8;52;3
2016-12-18;Avda. Francia;2016;NA;NA;18;57;4
2016-12-18;Pista Silla;2016;5;5;11;57;3
2016-12-18;Viveros;2016;11;NA;3;65;3
2016-12-18;Moli del Sol;2016;12;12;5;61;3
2016-12-19;Moli del Sol;2016;10;10;16;48;3
2016-12-19;Pista Silla;2016;4;4;31;40;3
2016-12-19;Viveros;2016;6;NA;24;50;3
2016-12-19;Avda. Francia;2016;NA;NA;36;41;4
2016-12-19;Politecnico;2016;8;7;16;42;3
2016-12-20;Viveros;2016;9;7;47;24;3
2016-12-20;Avda. Francia;2016;NA;NA;60;22;3
2016-12-20;Pista Silla;2016;6;4;50;19;3
2016-12-20;Moli del Sol;2016;8;8;29;28;3
2016-12-20;Politecnico;2016;6;4;30;23;3
2016-12-21;Pista Silla;2016;15;5;72;12;3
2016-12-21;Moli del Sol;2016;10;9;39;22;4
2016-12-21;Viveros;2016;NA;10;66;14;4
2016-12-21;Avda. Francia;2016;NA;NA;79;16;4
2016-12-21;Politecnico;2016;10;5;43;17;6
2016-12-22;Viveros;2016;23;12;61;19;4
2016-12-22;Politecnico;2016;15;7;40;18;6
2016-12-22;Avda. Francia;2016;NA;NA;71;21;4
2016-12-22;Pista Silla;2016;14;6;75;13;5
2016-12-22;Moli del Sol;2016;11;11;44;23;5
2016-12-23;Pista Silla;2016;17;9;68;4;5
2016-12-23;Viveros;2016;26;17;61;8;3
2016-12-23;Moli del Sol;2016;17;17;48;10;4
2016-12-23;Avda. Francia;2016;NA;NA;68;9;3
2016-12-23;Politecnico;2016;15;10;43;7;4
2016-12-24;Pista Silla;2016;11;9;53;9;4
2016-12-24;Viveros;2016;34;16;49;15;3
2016-12-24;Moli del Sol;2016;17;16;30;18;4
2016-12-24;Avda. Francia;2016;NA;NA;53;17;3
2016-12-24;Politecnico;2016;14;11;34;11;4
2016-12-25;Moli del Sol;2016;13;13;20;22;3
2016-12-25;Viveros;2016;NA;11;40;18;3
2016-12-25;Politecnico;2016;8;7;25;17;3
2016-12-25;Pista Silla;2016;6;5;36;15;4
2016-12-25;Avda. Francia;2016;NA;NA;41;21;3
2016-12-26;Moli del Sol;2016;20;19;25;14;3
2016-12-26;Pista Silla;2016;9;8;45;9;5
2016-12-26;Politecnico;2016;11;10;22;15;3
2016-12-26;Avda. Francia;2016;NA;NA;50;14;3
2016-12-26;Viveros;2016;NA;16;38;16;3
2016-12-27;Avda. Francia;2016;NA;NA;63;12;5
2016-12-27;Moli del Sol;2016;25;25;36;13;4
2016-12-27;Politecnico;2016;20;16;34;9;6
2016-12-27;Viveros;2016;NA;25;57;9;4
2016-12-27;Pista Silla;2016;17;12;60;7;4
2016-12-28;Avda. Francia;2016;NA;NA;59;17;3
2016-12-28;Pista Silla;2016;16;9;53;13;4
2016-12-28;Viveros;2016;29;11;48;18;3
2016-12-28;Politecnico;2016;18;14;27;17;4
2016-12-28;Moli del Sol;2016;19;18;35;16;3
2016-12-29;Avda. Francia;2016;NA;NA;61;18;3
2016-12-29;Pista Silla;2016;15;7;55;11;4
2016-12-29;Moli del Sol;2016;18;17;37;17;3
2016-12-29;Viveros;2016;38;19;48;17;3
2016-12-29;Politecnico;2016;13;9;26;17;3
2016-12-30;Pista Silla;2016;16;11;66;11;4
2016-12-30;Viveros;2016;48;22;53;17;3
2016-12-30;Moli del Sol;2016;24;24;37;19;3
2016-12-30;Politecnico;2016;18;15;29;17;3
2016-12-30;Avda. Francia;2016;NA;NA;72;17;3
2016-12-31;Politecnico;2016;21;18;22;24;3
2016-12-31;Viveros;2016;33;25;45;27;3
2016-12-31;Avda. Francia;2016;NA;NA;48;29;3
2016-12-31;Pista Silla;2016;15;13;48;18;3
2016-12-31;Moli del Sol;2016;31;31;27;28;3
2017-01-01;Avda. Francia;2017;NA;NA;34;31;3
2017-01-01;Moli del Sol;2017;24;24;18;29;3
2017-01-01;Pista Silla;2017;10;9;31;23;3
2017-01-01;Viveros;2017;21;16;38;26;3
2017-01-01;Politecnico;2017;13;12;15;25;3
2017-01-02;Viveros;2017;33;25;57;12;3
2017-01-02;Avda. Francia;2017;NA;NA;60;17;4
2017-01-02;Politecnico;2017;21;16;22;13;5
2017-01-02;Moli del Sol;2017;30;29;38;14;3
2017-01-02;Pista Silla;2017;16;12;56;11;3
2017-01-03;Moli del Sol;2017;42;41;44;7;3
2017-01-03;Pista Silla;2017;25;19;70;3;3
2017-01-03;Viveros;2017;44;34;60;7;4
2017-01-03;Politecnico;2017;28;23;NA;8;6
2017-01-03;Avda. Francia;2017;NA;NA;66;6;4
2017-01-04;Viveros;2017;40;27;57;11;3
2017-01-04;Avda. Francia;2017;NA;NA;64;11;3
2017-01-04;Pista Silla;2017;20;12;61;8;5
2017-01-04;Politecnico;2017;23;17;NA;9;4
2017-01-04;Moli del Sol;2017;27;26;38;15;4
2017-01-05;Pista Silla;2017;16;8;58;12;9
2017-01-05;Avda. Francia;2017;NA;NA;57;21;3
2017-01-05;Politecnico;2017;15;10;NA;20;4
2017-01-05;Moli del Sol;2017;18;18;42;14;3
2017-01-05;Viveros;2017;25;16;51;17;3
2017-01-06;Politecnico;2017;15;11;28;25;3
2017-01-06;Viveros;2017;26;14;36;28;3
2017-01-06;Avda. Francia;2017;NA;NA;48;27;3
2017-01-06;Pista Silla;2017;10;8;43;18;4
2017-01-06;Moli del Sol;2017;18;18;25;28;3
2017-01-07;Viveros;2017;30;22;43;19;3
2017-01-07;Pista Silla;2017;12;11;47;13;3
2017-01-07;Moli del Sol;2017;26;26;27;19;3
2017-01-07;Avda. Francia;2017;NA;NA;58;16;3
2017-01-07;Politecnico;2017;19;16;36;17;3
2017-01-08;Politecnico;2017;16;14;35;16;3
2017-01-08;Pista Silla;2017;12;10;37;14;4
2017-01-08;Viveros;2017;28;21;41;18;3
2017-01-08;Moli del Sol;2017;25;25;24;20;4
2017-01-08;Avda. Francia;2017;NA;NA;50;19;3
2017-01-09;Pista Silla;2017;17;11;64;8;5
2017-01-09;Politecnico;2017;20;14;50;12;5
2017-01-09;Viveros;2017;32;21;53;14;3
2017-01-09;Avda. Francia;2017;NA;NA;NA;15;3
2017-01-09;Moli del Sol;2017;25;24;36;16;3
2017-01-10;Politecnico;2017;13;8;28;26;3
2017-01-10;Pista Silla;2017;17;6;39;23;4
2017-01-10;Viveros;2017;32;24;41;29;3
2017-01-10;Moli del Sol;2017;16;15;21;33;4
2017-01-10;Avda. Francia;2017;NA;NA;41;26;3
2017-01-11;Moli del Sol;2017;9;8;34;36;4
2017-01-11;Politecnico;2017;12;5;30;36;4
2017-01-11;Viveros;2017;21;NA;44;37;3
2017-01-11;Avda. Francia;2017;NA;NA;42;42;5
2017-01-11;Pista Silla;2017;8;4;58;26;5
2017-01-12;Moli del Sol;2017;13;12;21;22;3
2017-01-12;Viveros;2017;24;NA;42;17;3
2017-01-12;Pista Silla;2017;21;6;43;13;3
2017-01-12;Politecnico;2017;12;7;33;15;5
2017-01-12;Avda. Francia;2017;NA;NA;44;19;4
2017-01-13;Avda. Francia;2017;NA;NA;30;45;3
2017-01-13;Viveros;2017;17;NA;23;49;3
2017-01-13;Pista Silla;2017;12;5;25;39;3
2017-01-13;Moli del Sol;2017;10;9;11;47;3
2017-01-13;Politecnico;2017;8;5;11;41;3
2017-01-14;Politecnico;2017;3;1;3;57;3
2017-01-14;Avda. Francia;2017;NA;NA;23;63;3
2017-01-14;Pista Silla;2017;17;3;15;57;3
2017-01-14;Viveros;2017;13;NA;14;67;3
2017-01-14;Moli del Sol;2017;3;3;2;65;3
2017-01-15;Moli del Sol;2017;3;3;2;63;3
2017-01-15;Pista Silla;2017;9;2;12;57;4
2017-01-15;Viveros;2017;9;NA;15;65;3
2017-01-15;Politecnico;2017;2;1;3;57;3
2017-01-15;Avda. Francia;2017;NA;NA;21;60;3
2017-01-16;Avda. Francia;2017;NA;NA;25;52;3
2017-01-16;Viveros;2017;26;NA;22;56;3
2017-01-16;Pista Silla;2017;31;5;26;45;3
2017-01-16;Politecnico;2017;6;2;8;50;3
2017-01-16;Moli del Sol;2017;4;3;8;56;3
2017-01-17;Pista Silla;2017;6;2;38;39;3
2017-01-17;Politecnico;2017;7;4;15;45;3
2017-01-17;Avda. Francia;2017;NA;NA;31;50;3
2017-01-17;Moli del Sol;2017;4;4;13;52;3
2017-01-17;Viveros;2017;12;NA;26;51;3
2017-01-18;Avda. Francia;2017;NA;NA;NA;NA;NA
2017-01-18;Pista Silla;2017;10;4;NA;NA;6
2017-01-18;Viveros;2017;18;12;36;38;3
2017-01-18;Politecnico;2017;12;5;23;37;3
2017-01-18;Moli del Sol;2017;11;10;26;36;3
2017-01-19;Pista Silla;2017;10;5;NA;45;4
2017-01-19;Politecnico;2017;19;11;15;45;3
2017-01-19;Viveros;2017;37;NA;21;56;3
2017-01-19;Avda. Francia;2017;NA;NA;NA;NA;NA
2017-01-19;Moli del Sol;2017;12;11;17;48;3
2017-01-20;Pista Silla;2017;2;2;46;34;3
2017-01-20;Politecnico;2017;NA;NA;NA;NA;NA
2017-01-20;Viveros;2017;7;NA;32;50;3
2017-01-20;Avda. Francia;2017;NA;NA;46;41;3
2017-01-20;Moli del Sol;2017;5;4;19;51;3
2017-01-21;Moli del Sol;2017;7;6;3;68;3
2017-01-21;Avda. Francia;2017;NA;NA;21;60;3
2017-01-21;Pista Silla;2017;3;3;10;64;4
2017-01-21;Politecnico;2017;NA;NA;NA;NA;NA
2017-01-21;Viveros;2017;11;6;12;71;3
2017-01-22;Pista Silla;2017;3;3;30;48;3
2017-01-22;Politecnico;2017;NA;NA;NA;NA;NA
2017-01-22;Avda. Francia;2017;NA;NA;34;54;3
2017-01-22;Viveros;2017;12;6;22;61;3
2017-01-22;Moli del Sol;2017;8;8;9;58;3
2017-01-23;Pista Silla;2017;8;4;60;21;6
2017-01-23;Viveros;2017;21;11;50;31;3
2017-01-23;Avda. Francia;2017;NA;NA;62;32;3
2017-01-23;Politecnico;2017;NA;NA;NA;NA;NA
2017-01-23;Moli del Sol;2017;10;10;36;29;3
2017-01-24;Avda. Francia;2017;NA;NA;75;19;3
2017-01-24;Viveros;2017;32;19;60;14;3
2017-01-24;Pista Silla;2017;12;7;62;14;NA
2017-01-24;Politecnico;2017;19;11;54;15;5
2017-01-24;Moli del Sol;2017;18;17;49;14;4
2017-01-25;Politecnico;2017;12;8;37;27;3
2017-01-25;Pista Silla;2017;12;6;54;25;15
2017-01-25;Viveros;2017;28;14;44;31;3
2017-01-25;Avda. Francia;2017;NA;NA;52;35;3
2017-01-25;Moli del Sol;2017;18;17;40;22;3
2017-01-26;Avda. Francia;2017;NA;NA;59;31;3
2017-01-26;Politecnico;2017;23;17;39;28;3
2017-01-26;Moli del Sol;2017;31;30;39;25;3
2017-01-26;Viveros;2017;NA;28;48;28;3
2017-01-26;Pista Silla;2017;19;13;63;19;12
2017-01-27;Moli del Sol;2017;23;23;29;40;3
2017-01-27;Viveros;2017;NA;NA;43;43;3
2017-01-27;Avda. Francia;2017;NA;NA;59;34;3
2017-01-27;Pista Silla;2017;15;11;56;32;NA
2017-01-27;Politecnico;2017;16;14;34;37;3
2017-01-28;Pista Silla;2017;4;3;37;41;7
2017-01-28;Moli del Sol;2017;7;7;16;49;3
2017-01-28;Viveros;2017;9;6;28;50;3
2017-01-28;Politecnico;2017;4;3;18;45;3
2017-01-28;Avda. Francia;2017;NA;NA;50;44;3
2017-01-29;Viveros;2017;14;10;30;33;3
2017-01-29;Moli del Sol;2017;10;10;15;36;3
2017-01-29;Politecnico;2017;6;5;22;31;3
2017-01-29;Avda. Francia;2017;NA;NA;38;33;3
2017-01-29;Pista Silla;2017;5;4;30;31;7
2017-01-30;Avda. Francia;2017;NA;NA;65;16;3
2017-01-30;Politecnico;2017;12;9;41;17;4
2017-01-30;Viveros;2017;NA;17;47;19;3
2017-01-30;Moli del Sol;2017;16;16;37;19;4
2017-01-30;Pista Silla;2017;17;8;61;12;8
2017-01-31;Avda. Francia;2017;NA;NA;45;18;3
2017-01-31;Moli del Sol;2017;27;27;35;14;3
2017-01-31;Politecnico;2017;24;20;30;18;4
2017-01-31;Viveros;2017;40;33;36;21;3
2017-01-31;Pista Silla;2017;21;17;47;12;NA
2017-02-01;Avda. Francia;2017;NA;NA;62;12;3
2017-02-01;Politecnico;2017;29;24;46;11;3
2017-02-01;Moli del Sol;2017;28;27;43;14;3
2017-02-01;Pista Silla;2017;29;17;59;8;NA
2017-02-01;Viveros;2017;21;34;52;12;3
2017-02-02;Politecnico;2017;8;6;31;30;3
2017-02-02;Moli del Sol;2017;11;11;27;35;3
2017-02-02;Pista Silla;2017;10;5;46;28;7
2017-02-02;Viveros;2017;19;11;44;28;3
2017-02-02;Avda. Francia;2017;NA;NA;48;33;3
2017-02-03;Politecnico;2017;7;5;14;47;3
2017-02-03;Avda. Francia;2017;NA;NA;31;53;3
2017-02-03;Pista Silla;2017;17;4;22;53;NA
2017-02-03;Moli del Sol;2017;6;6;9;58;3
2017-02-03;Viveros;2017;24;11;22;57;3
2017-02-04;Moli del Sol;2017;6;5;2;65;3
2017-02-04;Pista Silla;2017;7;2;8;63;3
2017-02-04;Avda. Francia;2017;NA;NA;16;62;4
2017-02-04;Politecnico;2017;4;3;6;54;3
2017-02-04;Viveros;2017;NA;7;13;66;3
2017-02-05;Politecnico;2017;2;1;2;61;3
2017-02-05;Viveros;2017;8;3;9;74;3
2017-02-05;Moli del Sol;2017;3;3;NA;73;3
2017-02-05;Avda. Francia;2017;NA;NA;12;69;4
2017-02-05;Pista Silla;2017;4;1;4;70;3
2017-02-06;Pista Silla;2017;12;3;35;43;4
2017-02-06;Politecnico;2017;8;3;26;40;3
2017-02-06;Avda. Francia;2017;NA;NA;45;43;3
2017-02-06;Viveros;2017;NA;10;37;45;3
2017-02-06;Moli del Sol;2017;5;4;18;56;3
2017-02-07;Avda. Francia;2017;NA;NA;34;37;3
2017-02-07;Moli del Sol;2017;6;6;14;43;3
2017-02-07;Pista Silla;2017;26;5;24;36;NA
2017-02-07;Politecnico;2017;6;3;18;34;3
2017-02-07;Viveros;2017;NA;15;28;38;3
2017-02-08;Politecnico;2017;10;2;3;62;3
2017-02-08;Avda. Francia;2017;NA;NA;20;71;4
2017-02-08;Moli del Sol;2017;8;6;3;73;3
2017-02-08;Pista Silla;2017;42;7;18;63;9
2017-02-08;Viveros;2017;31;14;12;75;3
2017-02-09;Viveros;2017;NA;9;33;50;3
2017-02-09;Politecnico;2017;7;3;26;44;3
2017-02-09;Pista Silla;2017;11;4;49;39;NA
2017-02-09;Avda. Francia;2017;NA;NA;44;55;3
2017-02-09;Moli del Sol;2017;9;8;26;54;3
2017-02-10;Moli del Sol;2017;11;10;30;40;3
2017-02-10;Avda. Francia;2017;NA;NA;46;46;4
2017-02-10;Pista Silla;2017;11;5;55;28;NA
2017-02-10;Politecnico;2017;11;6;26;41;4
2017-02-10;Viveros;2017;26;16;34;44;3
2017-02-11;Avda. Francia;2017;NA;NA;18;65;3
2017-02-11;Viveros;2017;NA;9;17;66;3
2017-02-11;Politecnico;2017;11;8;6;58;3
2017-02-11;Moli del Sol;2017;9;9;10;63;4
2017-02-11;Pista Silla;2017;6;5;19;59;3
2017-02-12;Politecnico;2017;19;13;4;59;3
2017-02-12;Pista Silla;2017;12;7;13;63;3
2017-02-12;Viveros;2017;53;13;16;67;3
2017-02-12;Moli del Sol;2017;8;8;13;60;3
2017-02-12;Avda. Francia;2017;NA;NA;14;68;3
2017-02-13;Avda. Francia;2017;NA;NA;39;43;3
2017-02-13;Viveros;2017;47;15;33;42;NA
2017-02-13;Moli del Sol;2017;9;8;25;42;4
2017-02-13;Pista Silla;2017;9;6;39;35;3
2017-02-13;Politecnico;2017;18;13;26;39;3
2017-02-14;Avda. Francia;2017;NA;NA;58;27;4
2017-02-14;Pista Silla;2017;15;6;57;19;3
2017-02-14;Viveros;2017;NA;14;37;31;NA
2017-02-14;Moli del Sol;2017;11;11;33;30;3
2017-02-14;Politecnico;2017;11;8;36;26;3
2017-02-15;Pista Silla;2017;15;11;53;19;3
2017-02-15;Moli del Sol;2017;20;20;30;28;3
2017-02-15;Viveros;2017;NA;NA;32;35;NA
2017-02-15;Politecnico;2017;19;14;32;28;3
2017-02-15;Avda. Francia;2017;NA;NA;51;31;3
2017-02-16;Moli del Sol;2017;23;22;36;22;4
2017-02-16;Pista Silla;2017;20;14;62;16;4
2017-02-16;Politecnico;2017;23;18;28;30;4
2017-02-16;Avda. Francia;2017;NA;NA;49;34;3
2017-02-16;Viveros;2017;NA;NA;NA;NA;NA
2017-02-17;Avda. Francia;2017;NA;NA;69;19;3
2017-02-17;Viveros;2017;NA;NA;NA;NA;NA
2017-02-17;Moli del Sol;2017;22;22;32;24;3
2017-02-17;Politecnico;2017;23;18;31;18;3
2017-02-17;Pista Silla;2017;20;15;63;10;4
2017-02-18;Pista Silla;2017;18;16;42;25;3
2017-02-18;Politecnico;2017;21;18;NA;34;3
2017-02-18;Avda. Francia;2017;NA;NA;45;37;3
2017-02-18;Viveros;2017;NA;NA;29;37;NA
2017-02-18;Moli del Sol;2017;26;26;25;33;4
2017-02-19;Moli del Sol;2017;24;23;20;55;3
2017-02-19;Avda. Francia;2017;NA;NA;32;64;3
2017-02-19;Pista Silla;2017;14;13;28;55;3
2017-02-19;Politecnico;2017;20;17;NA;52;3
2017-02-19;Viveros;2017;NA;NA;22;62;NA
2017-02-20;Moli del Sol;2017;23;22;31;34;5
2017-02-20;Politecnico;2017;22;19;NA;32;3
2017-02-20;Pista Silla;2017;18;13;57;25;4
2017-02-20;Avda. Francia;2017;NA;NA;58;39;4
2017-02-20;Viveros;2017;NA;NA;37;36;NA
2017-02-21;Viveros;2017;NA;NA;48;31;NA
2017-02-21;Avda. Francia;2017;NA;NA;86;26;3
2017-02-21;Pista Silla;2017;17;10;67;22;4
2017-02-21;Moli del Sol;2017;18;17;35;34;3
2017-02-21;Politecnico;2017;17;12;NA;24;5
2017-02-22;Viveros;2017;NA;NA;58;20;NA
2017-02-22;Avda. Francia;2017;NA;NA;90;18;3
2017-02-22;Pista Silla;2017;20;10;80;11;6
2017-02-22;Moli del Sol;2017;23;22;49;20;3
2017-02-22;Politecnico;2017;18;12;48;21;5
2017-02-23;Avda. Francia;2017;NA;NA;70;22;3
2017-02-23;Viveros;2017;NA;NA;46;21;NA
2017-02-23;Moli del Sol;2017;22;19;40;18;3
2017-02-23;Pista Silla;2017;21;10;61;12;5
2017-02-23;Politecnico;2017;23;13;40;19;4
2017-02-24;Avda. Francia;2017;NA;NA;54;16;3
2017-02-24;Moli del Sol;2017;22;21;37;13;3
2017-02-24;Pista Silla;2017;16;13;55;8;4
2017-02-24;Viveros;2017;NA;NA;42;14;NA
2017-02-24;Politecnico;2017;21;17;32;17;3
2017-02-25;Politecnico;2017;14;11;15;37;3
2017-02-25;Pista Silla;2017;12;9;39;27;5
2017-02-25;Avda. Francia;2017;NA;NA;34;42;3
2017-02-25;Moli del Sol;2017;14;13;20;37;3
2017-02-25;Viveros;2017;NA;NA;23;44;NA
2017-02-26;Viveros;2017;NA;NA;23;42;NA
2017-02-26;Politecnico;2017;22;18;13;37;3
2017-02-26;Pista Silla;2017;18;15;32;30;5
2017-02-26;Avda. Francia;2017;NA;NA;37;40;5
2017-02-26;Moli del Sol;2017;24;24;20;33;3
2017-02-27;Avda. Francia;2017;NA;NA;37;44;3
2017-02-27;Moli del Sol;2017;18;16;15;42;4
2017-02-27;Politecnico;2017;18;13;NA;34;3
2017-02-27;Pista Silla;2017;28;11;28;37;5
2017-02-27;Viveros;2017;NA;NA;29;40;NA
2017-02-28;Pista Silla;2017;16;3;20;49;4
2017-02-28;Politecnico;2017;6;3;NA;44;3
2017-02-28;Avda. Francia;2017;NA;NA;34;50;4
2017-02-28;Viveros;2017;NA;NA;22;52;NA
2017-02-28;Moli del Sol;2017;7;5;10;56;3
2017-03-01;Politecnico;2017;8;6;22;38;3
2017-03-01;Viveros;2017;NA;NA;28;44;NA
2017-03-01;Moli del Sol;2017;9;8;22;40;NA
2017-03-01;Pista Silla;2017;8;4;37;34;4
2017-03-01;Avda. Francia;2017;NA;NA;47;40;3
2017-03-02;Moli del Sol;2017;19;19;31;28;NA
2017-03-02;Viveros;2017;NA;NA;39;29;5
2017-03-02;Politecnico;2017;18;14;40;23;3
2017-03-02;Pista Silla;2017;17;12;57;18;4
2017-03-02;Avda. Francia;2017;NA;NA;61;27;5
2017-03-03;Avda. Francia;2017;NA;NA;41;41;5
2017-03-03;Moli del Sol;2017;22;21;21;41;NA
2017-03-03;Pista Silla;2017;19;15;44;31;5
2017-03-03;Politecnico;2017;19;17;25;38;3
2017-03-03;Viveros;2017;NA;NA;28;48;6
2017-03-04;Politecnico;2017;2;2;10;54;3
2017-03-04;Viveros;2017;NA;NA;16;65;5
2017-03-04;Pista Silla;2017;2;1;11;63;5
2017-03-04;Avda. Francia;2017;NA;NA;25;62;3
2017-03-04;Moli del Sol;2017;3;3;6;67;NA
2017-03-05;Avda. Francia;2017;NA;NA;21;49;3
2017-03-05;Pista Silla;2017;4;2;9;48;4
2017-03-05;Viveros;2017;NA;NA;14;51;4
2017-03-05;Moli del Sol;2017;6;5;3;54;NA
2017-03-05;Politecnico;2017;4;3;8;42;3
2017-03-06;Viveros;2017;NA;NA;26;44;5
2017-03-06;Avda. Francia;2017;NA;NA;39;42;3
2017-03-06;Moli del Sol;2017;5;4;15;45;NA
2017-03-06;Politecnico;2017;5;3;20;NA;3
2017-03-06;Pista Silla;2017;13;3;29;37;4
2017-03-07;Moli del Sol;2017;7;6;20;44;NA
2017-03-07;Viveros;2017;NA;NA;29;47;5
2017-03-07;Avda. Francia;2017;NA;NA;44;41;3
2017-03-07;Pista Silla;2017;24;5;39;35;4
2017-03-07;Politecnico;2017;7;3;24;NA;3
2017-03-08;Avda. Francia;2017;NA;NA;59;36;3
2017-03-08;Politecnico;2017;NA;NA;NA;NA;NA
2017-03-08;Moli del Sol;2017;9;8;33;34;5
2017-03-08;Pista Silla;2017;12;5;55;26;5
2017-03-08;Viveros;2017;NA;NA;34;41;6
2017-03-09;Moli del Sol;2017;16;14;43;26;NA
2017-03-09;Avda. Francia;2017;NA;NA;75;31;3
2017-03-09;Pista Silla;2017;20;9;72;16;5
2017-03-09;Politecnico;2017;16;10;54;35;NA
2017-03-09;Viveros;2017;NA;NA;52;28;5
2017-03-10;Moli del Sol;2017;22;19;36;38;NA
2017-03-10;Pista Silla;2017;22;12;54;34;7
2017-03-10;Politecnico;2017;18;12;35;47;3
2017-03-10;Viveros;2017;NA;NA;37;50;5
2017-03-10;Avda. Francia;2017;NA;NA;65;40;3
2017-03-11;Viveros;2017;NA;NA;45;31;7
2017-03-11;Moli del Sol;2017;29;29;32;30;7
2017-03-11;Politecnico;2017;26;22;40;37;3
2017-03-11;Avda. Francia;2017;NA;NA;59;32;3
2017-03-11;Pista Silla;2017;24;20;59;22;9
2017-03-12;Pista Silla;2017;20;16;32;46;6
2017-03-12;Viveros;2017;NA;NA;25;58;5
2017-03-12;Politecnico;2017;21;18;NA;56;3
2017-03-12;Moli del Sol;2017;20;19;20;50;NA
2017-03-12;Avda. Francia;2017;NA;NA;33;53;3
2017-03-13;Moli del Sol;2017;5;5;13;60;NA
2017-03-13;Avda. Francia;2017;NA;NA;29;55;3
2017-03-13;Politecnico;2017;7;6;11;66;3
2017-03-13;Pista Silla;2017;4;3;24;55;6
2017-03-13;Viveros;2017;NA;NA;19;65;6
2017-03-14;Avda. Francia;2017;NA;NA;28;71;3
2017-03-14;Viveros;2017;NA;NA;22;75;6
2017-03-14;Pista Silla;2017;13;10;29;65;5
2017-03-14;Moli del Sol;2017;17;16;23;59;6
2017-03-14;Politecnico;2017;17;12;NA;78;3
2017-03-15;Avda. Francia;2017;NA;NA;44;62;3
2017-03-15;Moli del Sol;2017;25;24;28;48;NA
2017-03-15;Politecnico;2017;23;19;NA;67;3
2017-03-15;Pista Silla;2017;27;19;42;51;6
2017-03-15;Viveros;2017;NA;NA;31;61;6
2017-03-16;Avda. Francia;2017;NA;NA;58;58;3
2017-03-16;Politecnico;2017;27;24;33;60;4
2017-03-16;Moli del Sol;2017;29;28;35;41;NA
2017-03-16;Pista Silla;2017;31;24;63;32;7
2017-03-16;Viveros;2017;NA;NA;41;50;6
2017-03-17;Moli del Sol;2017;19;18;25;51;6
2017-03-17;Pista Silla;2017;22;17;52;39;7
2017-03-17;Politecnico;2017;22;19;44;49;3
2017-03-17;Viveros;2017;NA;NA;37;53;6
2017-03-17;Avda. Francia;2017;NA;NA;65;47;3
2017-03-18;Avda. Francia;2017;NA;NA;62;54;3
2017-03-18;Viveros;2017;NA;NA;34;63;4
2017-03-18;Pista Silla;2017;25;18;55;41;10
2017-03-18;Politecnico;2017;18;14;35;65;3
2017-03-18;Moli del Sol;2017;18;18;26;54;5
2017-03-19;Viveros;2017;NA;NA;30;61;6
2017-03-19;Pista Silla;2017;36;27;48;40;10
2017-03-19;Politecnico;2017;31;25;33;57;3
2017-03-19;Avda. Francia;2017;NA;NA;54;50;3
2017-03-19;Moli del Sol;2017;26;25;27;46;8
2017-03-20;Politecnico;2017;29;23;26;62;4
2017-03-20;Viveros;2017;NA;NA;29;60;6
2017-03-20;Avda. Francia;2017;NA;NA;46;57;3
2017-03-20;Moli del Sol;2017;22;21;26;47;6
2017-03-20;Pista Silla;2017;27;22;50;40;6
2017-03-21;Viveros;2017;NA;NA;22;65;5
2017-03-21;Moli del Sol;2017;20;19;24;51;5
2017-03-21;Avda. Francia;2017;NA;NA;37;56;3
2017-03-21;Pista Silla;2017;23;21;43;44;4
2017-03-21;Politecnico;2017;28;24;19;63;3
2017-03-22;Avda. Francia;2017;NA;NA;40;52;3
2017-03-22;Moli del Sol;2017;9;8;15;53;5
2017-03-22;Pista Silla;2017;39;9;30;48;3
2017-03-22;Politecnico;2017;16;8;NA;54;3
2017-03-22;Viveros;2017;NA;NA;28;54;4
2017-03-23;Moli del Sol;2017;4;3;6;75;4
2017-03-23;Politecnico;2017;5;2;NA;74;3
2017-03-23;Avda. Francia;2017;NA;NA;27;71;3
2017-03-23;Pista Silla;2017;25;4;27;66;3
2017-03-23;Viveros;2017;NA;NA;17;75;4
2017-03-24;Avda. Francia;2017;NA;NA;44;59;3
2017-03-24;Viveros;2017;NA;NA;23;62;5
2017-03-24;Moli del Sol;2017;5;5;18;59;5
2017-03-24;Pista Silla;2017;8;3;44;52;4
2017-03-24;Politecnico;2017;4;3;NA;69;3
2017-03-25;Pista Silla;2017;16;5;39;56;4
2017-03-25;Avda. Francia;2017;NA;NA;33;66;3
2017-03-25;Moli del Sol;2017;7;6;15;62;4
2017-03-25;Politecnico;2017;6;4;22;71;3
2017-03-25;Viveros;2017;NA;NA;25;61;4
2017-03-26;Avda. Francia;2017;NA;NA;34;61;4
2017-03-26;Politecnico;2017;9;7;25;63;3
2017-03-26;Pista Silla;2017;7;5;31;59;4
2017-03-26;Viveros;2017;NA;NA;20;65;4
2017-03-26;Moli del Sol;2017;7;7;12;62;4
2017-03-27;Moli del Sol;2017;5;4;13;65;4
2017-03-27;Politecnico;2017;7;5;31;66;3
2017-03-27;Viveros;2017;NA;NA;28;66;5
2017-03-27;Avda. Francia;2017;NA;NA;42;64;3
2017-03-27;Pista Silla;2017;8;4;40;63;4
2017-03-28;Avda. Francia;2017;NA;NA;57;38;4
2017-03-28;Moli del Sol;2017;8;8;27;38;6
2017-03-28;Pista Silla;2017;10;8;62;33;NA
2017-03-28;Politecnico;2017;12;9;38;42;4
2017-03-28;Viveros;2017;NA;NA;33;40;4
2017-03-29;Politecnico;2017;10;7;35;55;3
2017-03-29;Moli del Sol;2017;9;8;23;54;5
2017-03-29;Avda. Francia;2017;NA;NA;54;52;3
2017-03-29;Viveros;2017;NA;NA;35;53;4
2017-03-29;Pista Silla;2017;14;7;61;46;NA
2017-03-30;Avda. Francia;2017;NA;NA;61;46;4
2017-03-30;Politecnico;2017;12;9;38;50;4
2017-03-30;Viveros;2017;NA;NA;34;49;5
2017-03-30;Pista Silla;2017;12;7;69;38;NA
2017-03-30;Moli del Sol;2017;8;7;27;43;5
2017-03-31;Moli del Sol;2017;8;8;29;48;4
2017-03-31;Viveros;2017;NA;NA;34;55;5
2017-03-31;Pista Silla;2017;15;8;64;47;NA
2017-03-31;Avda. Francia;2017;NA;NA;55;53;4
2017-03-31;Politecnico;2017;11;8;35;59;3
2017-04-01;Politecnico;2017;11;9;33;50;3
2017-04-01;Viveros;2017;NA;NA;30;46;5
2017-04-01;Avda. Francia;2017;NA;NA;48;49;3
2017-04-01;Moli del Sol;2017;8;7;24;41;5
2017-04-01;Pista Silla;2017;17;8;55;40;NA
2017-04-02;Politecnico;2017;3;2;22;61;3
2017-04-02;Viveros;2017;NA;NA;18;60;5
2017-04-02;Avda. Francia;2017;NA;NA;39;56;4
2017-04-02;Moli del Sol;2017;4;3;13;56;4
2017-04-02;Pista Silla;2017;6;2;39;53;NA
2017-04-03;Avda. Francia;2017;NA;NA;52;51;4
2017-04-03;Politecnico;2017;5;3;36;50;4
2017-04-03;Moli del Sol;2017;4;3;22;48;4
2017-04-03;Pista Silla;2017;12;3;63;39;NA
2017-04-03;Viveros;2017;NA;NA;25;48;5
2017-04-04;Avda. Francia;2017;NA;NA;59;49;4
2017-04-04;Viveros;2017;NA;NA;25;56;5
2017-04-04;Pista Silla;2017;17;7;75;37;NA
2017-04-04;Politecnico;2017;10;7;36;51;3
2017-04-04;Moli del Sol;2017;NA;NA;NA;NA;NA
2017-04-05;Politecnico;2017;10;6;43;36;4
2017-04-05;Viveros;2017;NA;NA;34;36;6
2017-04-05;Moli del Sol;2017;8;7;NA;42;NA
2017-04-05;Avda. Francia;2017;NA;NA;66;34;4
2017-04-05;Pista Silla;2017;14;6;74;27;NA
2017-04-06;Viveros;2017;NA;NA;27;58;5
2017-04-06;Pista Silla;2017;17;6;64;43;NA
2017-04-06;Moli del Sol;2017;9;8;NA;52;5
2017-04-06;Avda. Francia;2017;NA;NA;51;57;3
2017-04-06;Politecnico;2017;9;6;39;48;4
2017-04-07;Moli del Sol;2017;11;10;42;47;5
2017-04-07;Pista Silla;2017;16;10;88;38;NA
2017-04-07;Avda. Francia;2017;NA;NA;58;60;3
2017-04-07;Politecnico;2017;14;11;37;56;4
2017-04-07;Viveros;2017;NA;NA;32;56;6
2017-04-08;Pista Silla;2017;13;10;58;58;NA
2017-04-08;Politecnico;2017;13;11;24;76;3
2017-04-08;Moli del Sol;2017;11;10;28;66;4
2017-04-08;Avda. Francia;2017;NA;NA;45;70;4
2017-04-08;Viveros;2017;NA;NA;NA;76;5
2017-04-09;Pista Silla;2017;12;11;51;53;NA
2017-04-09;Politecnico;2017;12;11;16;74;3
2017-04-09;Viveros;2017;NA;NA;NA;75;4
2017-04-09;Avda. Francia;2017;NA;NA;36;67;3
2017-04-09;Moli del Sol;2017;9;9;23;61;4
2017-04-10;Pista Silla;2017;20;13;76;40;NA
2017-04-10;Politecnico;2017;14;12;33;58;3
2017-04-10;Avda. Francia;2017;NA;NA;61;50;4
2017-04-10;Moli del Sol;2017;10;9;40;48;4
2017-04-10;Viveros;2017;NA;NA;NA;52;5
2017-04-11;Pista Silla;2017;19;9;80;33;NA
2017-04-11;Viveros;2017;NA;NA;NA;49;5
2017-04-11;Avda. Francia;2017;NA;NA;62;47;4
2017-04-11;Politecnico;2017;13;10;38;55;4
2017-04-11;Moli del Sol;2017;11;9;47;46;3
2017-04-12;Moli del Sol;2017;NA;NA;43;59;3
2017-04-12;Politecnico;2017;12;10;24;59;3
2017-04-12;Avda. Francia;2017;NA;NA;45;57;3
2017-04-12;Pista Silla;2017;15;9;62;45;NA
2017-04-12;Viveros;2017;NA;NA;18;69;7
2017-04-13;Pista Silla;2017;20;13;62;47;NA
2017-04-13;Moli del Sol;2017;NA;NA;44;58;3
2017-04-13;Politecnico;2017;17;15;32;59;3
2017-04-13;Avda. Francia;2017;NA;NA;53;54;3
2017-04-13;Viveros;2017;NA;NA;30;58;6
2017-04-14;Moli del Sol;2017;NA;NA;28;78;3
2017-04-14;Pista Silla;2017;19;14;42;66;NA
2017-04-14;Politecnico;2017;19;15;32;67;5
2017-04-14;Viveros;2017;NA;NA;23;77;5
2017-04-14;Avda. Francia;2017;NA;NA;46;61;4
2017-04-15;Pista Silla;2017;18;14;35;72;NA
2017-04-15;Moli del Sol;2017;NA;NA;31;70;3
2017-04-15;Politecnico;2017;18;15;19;75;3
2017-04-15;Viveros;2017;NA;NA;14;86;7
2017-04-15;Avda. Francia;2017;NA;NA;27;73;3
2017-04-16;Avda. Francia;2017;NA;NA;24;64;3
2017-04-16;Viveros;2017;NA;NA;12;78;7
2017-04-16;Pista Silla;2017;14;11;29;60;NA
2017-04-16;Politecnico;2017;15;12;11;71;3
2017-04-16;Moli del Sol;2017;NA;NA;19;71;3
2017-04-17;Avda. Francia;2017;NA;NA;23;55;3
2017-04-17;Viveros;2017;NA;NA;13;60;7
2017-04-17;Pista Silla;2017;14;12;26;51;NA
2017-04-17;Politecnico;2017;15;12;15;56;3
2017-04-17;Moli del Sol;2017;NA;NA;23;56;3
2017-04-18;Pista Silla;2017;15;13;32;49;NA
2017-04-18;Avda. Francia;2017;NA;NA;24;59;3
2017-04-18;Viveros;2017;NA;NA;15;67;5
2017-04-18;Moli del Sol;2017;NA;NA;29;62;3
2017-04-18;Politecnico;2017;15;13;20;62;3
2017-04-19;Politecnico;2017;13;7;14;82;3
2017-04-19;Moli del Sol;2017;NA;NA;30;77;3
2017-04-19;Pista Silla;2017;9;5;36;58;NA
2017-04-19;Viveros;2017;NA;NA;10;83;6
2017-04-19;Avda. Francia;2017;NA;NA;27;74;3
2017-04-20;Pista Silla;2017;9;4;35;66;NA
2017-04-20;Politecnico;2017;10;5;17;84;3
2017-04-20;Viveros;2017;NA;NA;NA;90;4
2017-04-20;Avda. Francia;2017;NA;NA;29;81;3
2017-04-20;Moli del Sol;2017;NA;NA;28;80;3
2017-04-21;Politecnico;2017;7;4;18;82;3
2017-04-21;Avda. Francia;2017;NA;NA;33;86;3
2017-04-21;Moli del Sol;2017;9;8;35;71;3
2017-04-21;Pista Silla;2017;9;4;41;66;3
2017-04-21;Viveros;2017;NA;NA;NA;85;3
2017-04-22;Avda. Francia;2017;NA;NA;32;81;3
2017-04-22;Viveros;2017;NA;NA;7;81;4
2017-04-22;Pista Silla;2017;5;3;34;69;7
2017-04-22;Politecnico;2017;5;4;13;87;3
2017-04-22;Moli del Sol;2017;7;6;28;80;3
2017-04-23;Avda. Francia;2017;NA;NA;33;75;3
2017-04-23;Pista Silla;2017;7;5;31;65;5
2017-04-23;Politecnico;2017;7;6;17;80;3
2017-04-23;Moli del Sol;2017;9;8;26;77;3
2017-04-23;Viveros;2017;NA;NA;6;82;4
2017-04-24;Avda. Francia;2017;NA;NA;37;70;3
2017-04-24;Moli del Sol;2017;10;9;28;76;NA
2017-04-24;Politecnico;2017;9;7;20;77;3
2017-04-24;Viveros;2017;NA;NA;6;82;3
2017-04-24;Pista Silla;2017;8;5;29;68;5
2017-04-25;Moli del Sol;2017;19;17;52;50;NA
2017-04-25;Politecnico;2017;18;15;31;60;3
2017-04-25;Avda. Francia;2017;NA;NA;57;47;3
2017-04-25;Viveros;2017;NA;NA;26;52;3
2017-04-25;Pista Silla;2017;20;14;53;40;4
2017-04-26;Politecnico;2017;16;13;19;55;3
2017-04-26;Pista Silla;2017;15;12;33;45;4
2017-04-26;Avda. Francia;2017;NA;NA;37;50;3
2017-04-26;Viveros;2017;NA;NA;10;61;4
2017-04-26;Moli del Sol;2017;17;15;29;59;NA
2017-04-27;Viveros;2017;NA;NA;NA;48;3
2017-04-27;Avda. Francia;2017;NA;NA;40;47;3
2017-04-27;Politecnico;2017;5;4;20;52;3
2017-04-27;Moli del Sol;2017;7;7;39;45;NA
2017-04-27;Pista Silla;2017;5;4;36;38;3
2017-04-28;Politecnico;2017;6;4;18;61;4
2017-04-28;Pista Silla;2017;6;4;40;47;3
2017-04-28;Avda. Francia;2017;NA;NA;37;59;3
2017-04-28;Moli del Sol;2017;9;8;33;58;NA
2017-04-28;Viveros;2017;NA;NA;NA;65;4
2017-04-29;Viveros;2017;NA;NA;34;69;4
2017-04-29;Moli del Sol;2017;9;8;30;69;NA
2017-04-29;Pista Silla;2017;5;4;39;56;3
2017-04-29;Politecnico;2017;6;4;17;77;5
2017-04-29;Avda. Francia;2017;NA;NA;30;68;3
2017-04-30;Pista Silla;2017;6;3;10;68;3
2017-04-30;Avda. Francia;2017;NA;NA;26;61;3
2017-04-30;Politecnico;2017;5;4;13;66;5
2017-04-30;Viveros;2017;NA;NA;21;69;4
2017-04-30;Moli del Sol;2017;7;6;11;73;NA
2017-05-01;Politecnico;2017;6;3;8;82;5
2017-05-01;Moli del Sol;2017;4;3;15;82;NA
2017-05-01;Avda. Francia;2017;NA;NA;23;79;3
2017-05-01;Viveros;2017;NA;NA;17;85;3
2017-05-01;Pista Silla;2017;3;2;16;77;3
2017-05-02;Avda. Francia;2017;NA;NA;37;62;3
2017-05-02;Moli del Sol;2017;8;7;29;70;NA
2017-05-02;Viveros;2017;NA;NA;32;69;4
2017-05-02;Pista Silla;2017;8;4;37;55;4
2017-05-02;Politecnico;2017;6;4;22;65;5
2017-05-03;Politecnico;2017;8;6;16;69;6
2017-05-03;Avda. Francia;2017;NA;NA;30;63;3
2017-05-03;Moli del Sol;2017;11;9;31;66;NA
2017-05-03;Viveros;2017;NA;NA;28;73;NA
2017-05-03;Pista Silla;2017;8;5;36;56;3
2017-05-04;Avda. Francia;2017;NA;NA;30;60;3
2017-05-04;Moli del Sol;2017;10;8;34;59;NA
2017-05-04;Politecnico;2017;7;5;20;60;5
2017-05-04;Viveros;2017;NA;NA;31;65;NA
2017-05-04;Pista Silla;2017;8;4;36;51;5
2017-05-05;Moli del Sol;2017;15;13;28;72;NA
2017-05-05;Politecnico;2017;11;9;13;69;4
2017-05-05;Viveros;2017;NA;NA;25;73;NA
2017-05-05;Pista Silla;2017;12;9;34;53;11
2017-05-05;Avda. Francia;2017;NA;NA;25;63;3
2017-05-06;Pista Silla;2017;26;5;20;67;6
2017-05-06;Avda. Francia;2017;NA;NA;26;68;4
2017-05-06;Moli del Sol;2017;6;4;16;79;NA
2017-05-06;Politecnico;2017;5;3;17;68;3
2017-05-06;Viveros;2017;NA;NA;31;71;NA
2017-05-07;Politecnico;2017;7;5;19;63;3
2017-05-07;Avda. Francia;2017;NA;NA;32;59;3
2017-05-07;Viveros;2017;NA;NA;33;68;NA
2017-05-07;Pista Silla;2017;6;4;36;55;3
2017-05-07;Moli del Sol;2017;8;7;27;65;NA
2017-05-08;Moli del Sol;2017;10;8;32;73;4
2017-05-08;Viveros;2017;NA;NA;27;76;NA
2017-05-08;Politecnico;2017;8;5;19;72;3
2017-05-08;Avda. Francia;2017;NA;NA;27;63;3
2017-05-08;Pista Silla;2017;8;4;34;59;3
2017-05-09;Avda. Francia;2017;NA;NA;22;64;3
2017-05-09;Moli del Sol;2017;10;9;27;75;4
2017-05-09;Pista Silla;2017;9;6;30;59;8
2017-05-09;Politecnico;2017;8;6;16;73;3
2017-05-09;Viveros;2017;NA;NA;25;78;NA
2017-05-10;Politecnico;2017;8;6;17;73;3
2017-05-10;Avda. Francia;2017;NA;NA;33;59;3
2017-05-10;Moli del Sol;2017;11;9;28;70;4
2017-05-10;Pista Silla;2017;12;6;32;57;4
2017-05-10;Viveros;2017;NA;NA;28;74;5
2017-05-11;Moli del Sol;2017;8;6;17;75;4
2017-05-11;Politecnico;2017;7;4;17;68;4
2017-05-11;Avda. Francia;2017;NA;NA;25;59;3
2017-05-11;Viveros;2017;NA;NA;28;67;4
2017-05-11;Pista Silla;2017;44;7;17;64;4
2017-05-12;Viveros;2017;NA;NA;24;65;4
2017-05-12;Avda. Francia;2017;NA;NA;25;58;3
2017-05-12;Moli del Sol;2017;4;3;13;73;4
2017-05-12;Pista Silla;2017;32;4;19;59;4
2017-05-12;Politecnico;2017;3;1;13;68;3
2017-05-13;Pista Silla;2017;4;2;13;63;3
2017-05-13;Avda. Francia;2017;NA;NA;30;56;4
2017-05-13;Moli del Sol;2017;5;4;12;73;4
2017-05-13;Viveros;2017;NA;NA;26;64;3
2017-05-13;Politecnico;2017;4;2;15;66;4
2017-05-14;Politecnico;2017;4;3;12;76;3
2017-05-14;Avda. Francia;2017;NA;NA;28;62;4
2017-05-14;Moli del Sol;2017;5;4;19;73;4
2017-05-14;Pista Silla;2017;5;2;25;60;3
2017-05-14;Viveros;2017;NA;NA;21;75;3
2017-05-15;Viveros;2017;NA;NA;32;59;3
2017-05-15;Moli del Sol;2017;10;8;39;56;4
2017-05-15;Avda. Francia;2017;NA;NA;45;41;3
2017-05-15;Politecnico;2017;8;7;16;60;3
2017-05-15;Pista Silla;2017;12;7;49;36;3
2017-05-16;Pista Silla;2017;18;9;65;21;3
2017-05-16;Moli del Sol;2017;10;9;53;41;5
2017-05-16;Politecnico;2017;11;9;30;51;4
2017-05-16;Viveros;2017;NA;NA;53;44;3
2017-05-16;Avda. Francia;2017;NA;NA;57;33;3
2017-05-17;Avda. Francia;2017;NA;NA;75;34;3
2017-05-17;Viveros;2017;NA;NA;38;63;3
2017-05-17;Moli del Sol;2017;7;6;42;57;5
2017-05-17;Pista Silla;2017;11;5;65;30;3
2017-05-17;Politecnico;2017;7;5;27;60;3
2017-05-18;Avda. Francia;2017;NA;NA;57;40;3
2017-05-18;Viveros;2017;NA;NA;43;55;3
2017-05-18;Pista Silla;2017;13;6;56;35;10
2017-05-18;Moli del Sol;2017;9;8;46;55;5
2017-05-18;Politecnico;2017;9;6;30;56;3
2017-05-19;Moli del Sol;2017;6;5;28;62;4
2017-05-19;Pista Silla;2017;6;3;38;44;6
2017-05-19;Viveros;2017;NA;NA;26;63;3
2017-05-19;Avda. Francia;2017;NA;NA;29;59;3
2017-05-19;Politecnico;2017;5;3;15;66;3
2017-05-20;Politecnico;2017;4;3;12;74;3
2017-05-20;Avda. Francia;2017;NA;NA;23;63;3
2017-05-20;Moli del Sol;2017;6;5;21;73;4
2017-05-20;Pista Silla;2017;5;3;28;50;5
2017-05-20;Viveros;2017;NA;NA;21;74;3
2017-05-21;Moli del Sol;2017;7;6;19;70;4
2017-05-21;Politecnico;2017;4;3;13;71;4
2017-05-21;Pista Silla;2017;5;4;24;50;4
2017-05-21;Avda. Francia;2017;NA;NA;26;60;3
2017-05-21;Viveros;2017;NA;NA;24;69;3
2017-05-22;Politecnico;2017;6;5;18;67;3
2017-05-22;Pista Silla;2017;9;5;31;NA;4
2017-05-22;Avda. Francia;2017;NA;NA;28;61;3
2017-05-22;Viveros;2017;NA;NA;24;71;3
2017-05-22;Moli del Sol;2017;8;7;26;70;4
2017-05-23;Moli del Sol;2017;8;7;29;61;5
2017-05-23;Avda. Francia;2017;NA;NA;28;59;3
2017-05-23;Pista Silla;2017;9;6;36;NA;3
2017-05-23;Viveros;2017;NA;NA;29;67;3
2017-05-23;Politecnico;2017;7;5;17;66;3
2017-05-24;Avda. Francia;2017;NA;NA;40;49;3
2017-05-24;Moli del Sol;2017;9;8;35;57;4
2017-05-24;Viveros;2017;NA;NA;35;62;3
2017-05-24;Pista Silla;2017;13;8;57;NA;3
2017-05-24;Politecnico;2017;8;7;20;66;4
2017-05-25;Pista Silla;2017;15;6;53;NA;3
2017-05-25;Politecnico;2017;8;5;28;71;7
2017-05-25;Avda. Francia;2017;NA;NA;NA;NA;NA
2017-05-25;Moli del Sol;2017;8;7;39;64;5
2017-05-25;Viveros;2017;NA;NA;42;68;3
2017-05-26;Politecnico;2017;7;5;20;75;4
2017-05-26;Moli del Sol;2017;8;7;33;73;5
2017-05-26;Viveros;2017;NA;NA;29;79;3
2017-05-26;Avda. Francia;2017;NA;NA;NA;NA;NA
2017-05-26;Pista Silla;2017;12;7;46;NA;5
2017-05-27;Politecnico;2017;12;10;13;77;3
2017-05-27;Avda. Francia;2017;NA;NA;17;67;3
2017-05-27;Viveros;2017;NA;NA;20;83;3
2017-05-27;Moli del Sol;2017;13;11;23;76;4
2017-05-27;Pista Silla;2017;25;23;23;NA;3
2017-05-28;Avda. Francia;2017;NA;NA;10;70;3
2017-05-28;Pista Silla;2017;20;19;20;NA;8
2017-05-28;Viveros;2017;NA;NA;16;82;3
2017-05-28;Moli del Sol;2017;12;10;17;81;5
2017-05-28;Politecnico;2017;10;9;10;77;3
2017-05-29;Politecnico;2017;8;6;17;75;3
2017-05-29;Pista Silla;2017;13;8;35;NA;NA
2017-05-29;Moli del Sol;2017;9;8;27;75;5
2017-05-29;Viveros;2017;NA;NA;27;78;3
2017-05-29;Avda. Francia;2017;NA;NA;23;65;3
2017-05-30;Pista Silla;2017;18;14;46;NA;NA
2017-05-30;Avda. Francia;2017;NA;NA;46;55;3
2017-05-30;Viveros;2017;NA;NA;43;69;3
2017-05-30;Moli del Sol;2017;12;11;34;66;5
2017-05-30;Politecnico;2017;11;8;23;74;3
2017-05-31;Politecnico;2017;11;9;13;77;3
2017-05-31;Avda. Francia;2017;NA;NA;30;61;3
2017-05-31;Moli del Sol;2017;20;18;31;66;3
2017-05-31;Pista Silla;2017;14;12;42;NA;NA
2017-05-31;Viveros;2017;NA;NA;29;71;3
2017-06-01;Moli del Sol;2017;26;24;38;55;4
2017-06-01;Viveros;2017;27;NA;43;56;3
2017-06-01;Avda. Francia;2017;NA;NA;42;48;NA
2017-06-01;Pista Silla;2017;18;15;49;NA;NA
2017-06-01;Politecnico;2017;13;11;22;63;3
2017-06-02;Politecnico;2017;11;10;18;57;3
2017-06-02;Avda. Francia;2017;NA;NA;33;47;NA
2017-06-02;Viveros;2017;30;18;33;57;3
2017-06-02;Moli del Sol;2017;27;25;31;54;3
2017-06-02;Pista Silla;2017;15;13;39;NA;NA
2017-06-03;Moli del Sol;2017;28;26;22;60;3
2017-06-03;Pista Silla;2017;14;13;25;NA;NA
2017-06-03;Viveros;2017;26;16;18;63;3
2017-06-03;Politecnico;2017;11;10;11;61;3
2017-06-03;Avda. Francia;2017;NA;NA;22;50;NA
2017-06-04;Politecnico;2017;9;7;11;61;4
2017-06-04;Avda. Francia;2017;NA;NA;24;50;NA
2017-06-04;Pista Silla;2017;8;7;12;NA;NA
2017-06-04;Viveros;2017;17;9;18;62;3
2017-06-04;Moli del Sol;2017;21;19;17;59;3
2017-06-05;Avda. Francia;2017;NA;NA;31;48;NA
2017-06-05;Politecnico;2017;3;2;17;57;3
2017-06-05;Viveros;2017;11;7;32;53;3
2017-06-05;Moli del Sol;2017;8;7;27;54;NA
2017-06-05;Pista Silla;2017;6;3;37;NA;NA
2017-06-06;Viveros;2017;19;15;37;61;3
2017-06-06;Pista Silla;2017;11;5;40;51;NA
2017-06-06;Moli del Sol;2017;9;8;35;56;3
2017-06-06;Avda. Francia;2017;NA;NA;34;54;NA
2017-06-06;Politecnico;2017;6;4;22;61;3
2017-06-07;Politecnico;2017;6;4;11;65;4
2017-06-07;Pista Silla;2017;8;4;31;53;NA
2017-06-07;Viveros;2017;22;NA;25;61;3
2017-06-07;Moli del Sol;2017;9;8;28;56;3
2017-06-07;Avda. Francia;2017;NA;NA;12;54;NA
2017-06-08;Avda. Francia;2017;NA;NA;17;53;NA
2017-06-08;Viveros;2017;26;11;29;61;4
2017-06-08;Moli del Sol;2017;11;10;26;57;4
2017-06-08;Politecnico;2017;7;5;15;61;3
2017-06-08;Pista Silla;2017;9;5;35;54;NA
2017-06-09;Moli del Sol;2017;12;10;27;58;3
2017-06-09;Avda. Francia;2017;NA;NA;20;51;NA
2017-06-09;Politecnico;2017;7;6;11;60;4
2017-06-09;Pista Silla;2017;8;6;38;52;NA
2017-06-09;Viveros;2017;23;10;20;65;3
2017-06-10;Pista Silla;2017;7;5;35;49;NA
2017-06-10;Viveros;2017;19;11;31;54;4
2017-06-10;Moli del Sol;2017;9;8;33;50;4
2017-06-10;Politecnico;2017;6;5;12;58;4
2017-06-10;Avda. Francia;2017;NA;NA;29;44;NA
2017-06-11;Viveros;2017;20;13;36;58;5
2017-06-11;Politecnico;2017;6;5;17;68;3
2017-06-11;Avda. Francia;2017;NA;NA;36;49;NA
2017-06-11;Moli del Sol;2017;7;6;27;56;3
2017-06-11;Pista Silla;2017;6;4;31;61;NA
2017-06-12;Pista Silla;2017;9;4;53;40;NA
2017-06-12;Politecnico;2017;5;4;16;59;NA
2017-06-12;Moli del Sol;2017;7;6;35;52;NA
2017-06-12;Avda. Francia;2017;NA;NA;35;45;NA
2017-06-12;Viveros;2017;20;NA;32;58;4
2017-06-13;Avda. Francia;2017;NA;NA;32;47;NA
2017-06-13;Moli del Sol;2017;8;7;42;54;NA
2017-06-13;Politecnico;2017;7;5;21;56;NA
2017-06-13;Pista Silla;2017;9;4;60;40;NA
2017-06-13;Viveros;2017;23;NA;36;61;4
2017-06-14;Politecnico;2017;7;6;23;67;NA
2017-06-14;Viveros;2017;24;NA;39;70;4
2017-06-14;Moli del Sol;2017;9;8;43;64;NA
2017-06-14;Avda. Francia;2017;NA;NA;NA;59;NA
2017-06-14;Pista Silla;2017;10;5;60;56;NA
2017-06-15;Avda. Francia;2017;NA;NA;NA;56;NA
2017-06-15;Pista Silla;2017;11;7;56;53;NA
2017-06-15;Politecnico;2017;9;7;25;59;NA
2017-06-15;Viveros;2017;30;19;43;66;4
2017-06-15;Moli del Sol;2017;11;10;43;62;NA
2017-06-16;Moli del Sol;2017;13;12;34;64;NA
2017-06-16;Viveros;2017;29;21;25;69;6
2017-06-16;Avda. Francia;2017;NA;NA;NA;51;NA
2017-06-16;Pista Silla;2017;21;18;43;54;NA
2017-06-16;Politecnico;2017;11;9;21;56;NA
2017-06-17;Politecnico;2017;12;9;17;66;NA
2017-06-17;Viveros;2017;30;19;36;67;4
2017-06-17;Avda. Francia;2017;NA;NA;21;55;NA
2017-06-17;Pista Silla;2017;14;11;39;63;NA
2017-06-17;Moli del Sol;2017;13;11;29;68;NA
2017-06-18;Avda. Francia;2017;NA;NA;5;73;NA
2017-06-18;Moli del Sol;2017;9;8;17;86;NA
2017-06-18;Politecnico;2017;7;5;9;75;NA
2017-06-18;Viveros;2017;20;NA;15;89;4
2017-06-18;Pista Silla;2017;8;6;20;84;NA
2017-06-19;Pista Silla;2017;13;10;43;57;NA
2017-06-19;Avda. Francia;2017;NA;NA;12;62;NA
2017-06-19;Politecnico;2017;10;7;16;60;6
2017-06-19;Viveros;2017;24;NA;27;73;NA
2017-06-19;Moli del Sol;2017;11;10;29;68;NA
2017-06-20;Avda. Francia;2017;NA;NA;10;60;NA
2017-06-20;Politecnico;2017;11;8;18;62;4
2017-06-20;Viveros;2017;31;NA;36;68;NA
2017-06-20;Moli del Sol;2017;12;10;34;65;NA
2017-06-20;Pista Silla;2017;15;11;41;61;NA
2017-06-21;Pista Silla;2017;9;4;43;60;NA
2017-06-21;Politecnico;2017;7;4;22;58;4
2017-06-21;Moli del Sol;2017;7;6;33;61;4
2017-06-21;Viveros;2017;24;NA;39;62;NA
2017-06-21;Avda. Francia;2017;NA;NA;13;57;NA
2017-06-22;Moli del Sol;2017;9;7;39;55;3
2017-06-22;Politecnico;2017;7;4;26;50;3
2017-06-22;Pista Silla;2017;10;4;48;51;NA
2017-06-22;Viveros;2017;29;NA;46;54;NA
2017-06-22;Avda. Francia;2017;NA;NA;19;49;NA
2017-06-23;Moli del Sol;2017;11;9;33;68;3
2017-06-23;Viveros;2017;31;17;37;70;NA
2017-06-23;Avda. Francia;2017;NA;NA;29;48;NA
2017-06-23;Politecnico;2017;8;6;19;62;3
2017-06-23;Pista Silla;2017;10;6;42;66;NA
2017-06-24;Moli del Sol;2017;13;12;19;69;3
2017-06-24;Viveros;2017;25;15;20;71;3
2017-06-24;Avda. Francia;2017;NA;NA;18;42;NA
2017-06-24;Politecnico;2017;10;8;13;57;3
2017-06-24;Pista Silla;2017;12;10;22;66;NA
2017-06-25;Pista Silla;2017;13;12;11;62;NA
2017-06-25;Viveros;2017;25;13;13;67;3
2017-06-25;Politecnico;2017;8;7;9;54;3
2017-06-25;Avda. Francia;2017;NA;NA;11;NA;NA
2017-06-25;Moli del Sol;2017;12;11;11;67;3
2017-06-26;Pista Silla;2017;12;9;37;51;4
2017-06-26;Viveros;2017;26;15;31;60;5
2017-06-26;Avda. Francia;2017;NA;NA;21;37;5
2017-06-26;Politecnico;2017;9;7;16;55;4
2017-06-26;Moli del Sol;2017;11;10;26;61;3
2017-06-27;Avda. Francia;2017;NA;NA;33;43;4
2017-06-27;Moli del Sol;2017;11;9;34;56;3
2017-06-27;Pista Silla;2017;15;7;46;48;5
2017-06-27;Viveros;2017;30;NA;51;51;NA
2017-06-27;Politecnico;2017;10;6;28;47;3
2017-06-28;Pista Silla;2017;57;7;11;65;4
2017-06-28;Viveros;2017;22;11;26;55;NA
2017-06-28;Avda. Francia;2017;NA;NA;17;55;5
2017-06-28;Politecnico;2017;5;2;12;51;3
2017-06-28;Moli del Sol;2017;7;4;9;62;3
2017-06-29;Pista Silla;2017;28;5;20;85;5
2017-06-29;Moli del Sol;2017;6;4;10;83;3
2017-06-29;Politecnico;2017;4;2;13;72;3
2017-06-29;Viveros;2017;21;NA;28;76;NA
2017-06-29;Avda. Francia;2017;NA;NA;13;73;4
2017-06-30;Moli del Sol;2017;5;4;22;71;3
2017-06-30;Viveros;2017;20;NA;32;69;NA
2017-06-30;Avda. Francia;2017;NA;NA;15;67;3
2017-06-30;Pista Silla;2017;7;2;35;66;NA
2017-06-30;Politecnico;2017;4;2;16;65;4
2017-07-01;Politecnico;2017;5;3;19;51;4
2017-07-01;Avda. Francia;2017;NA;NA;26;53;4
2017-07-01;Moli del Sol;2017;5;4;18;63;3
2017-07-01;Viveros;2017;14;NA;34;55;NA
2017-07-01;Pista Silla;2017;3;2;20;67;NA
2017-07-02;Viveros;2017;15;NA;25;52;NA
2017-07-02;Pista Silla;2017;3;2;19;57;NA
2017-07-02;Avda. Francia;2017;NA;NA;20;52;5
2017-07-02;Moli del Sol;2017;5;4;17;56;3
2017-07-02;Politecnico;2017;4;2;10;56;3
2017-07-03;Viveros;2017;20;NA;42;51;NA
2017-07-03;Avda. Francia;2017;NA;NA;32;44;4
2017-07-03;Politecnico;2017;5;3;21;51;3
2017-07-03;Moli del Sol;2017;6;5;28;52;4
2017-07-03;Pista Silla;2017;6;3;41;44;NA
2017-07-04;Moli del Sol;2017;5;4;27;50;3
2017-07-04;Avda. Francia;2017;NA;NA;17;NA;3
2017-07-04;Pista Silla;2017;5;2;35;45;NA
2017-07-04;Politecnico;2017;4;2;18;48;3
2017-07-04;Viveros;2017;16;NA;29;53;3
2017-07-05;Pista Silla;2017;4;2;32;48;NA
2017-07-05;Viveros;2017;18;NA;22;49;3
2017-07-05;Avda. Francia;2017;NA;NA;14;NA;4
2017-07-05;Moli del Sol;2017;6;5;26;52;3
2017-07-05;Politecnico;2017;3;3;16;50;3
2017-07-06;Moli del Sol;2017;9;8;32;53;3
2017-07-06;Politecnico;2017;5;4;16;49;3
2017-07-06;Pista Silla;2017;7;5;39;46;6
2017-07-06;Avda. Francia;2017;NA;NA;18;NA;5
2017-07-06;Viveros;2017;24;13;22;53;3
2017-07-07;Avda. Francia;2017;NA;NA;12;NA;4
2017-07-07;Pista Silla;2017;15;14;30;56;5
2017-07-07;Politecnico;2017;9;7;14;59;3
2017-07-07;Moli del Sol;2017;15;13;30;54;3
2017-07-07;Viveros;2017;40;15;17;59;4
2017-07-08;Viveros;2017;36;19;26;62;3
2017-07-08;Avda. Francia;2017;NA;NA;26;NA;4
2017-07-08;Politecnico;2017;9;6;20;59;5
2017-07-08;Moli del Sol;2017;12;10;18;72;3
2017-07-08;Pista Silla;2017;9;7;26;71;5
2017-07-09;Pista Silla;2017;6;5;22;96;3
2017-07-09;Politecnico;2017;7;5;13;85;8
2017-07-09;Viveros;2017;24;NA;14;94;3
2017-07-09;Avda. Francia;2017;NA;NA;30;NA;4
2017-07-09;Moli del Sol;2017;9;8;20;89;3
2017-07-10;Politecnico;2017;8;7;16;65;9
2017-07-10;Pista Silla;2017;11;8;38;67;3
2017-07-10;Moli del Sol;2017;13;12;27;71;3
2017-07-10;Viveros;2017;29;NA;17;78;4
2017-07-10;Avda. Francia;2017;NA;NA;22;39;4
2017-07-11;Moli del Sol;2017;13;12;23;68;3
2017-07-11;Politecnico;2017;7;6;11;61;4
2017-07-11;Avda. Francia;2017;NA;NA;21;52;3
2017-07-11;Pista Silla;2017;12;11;32;64;3
2017-07-11;Viveros;2017;28;NA;14;70;4
2017-07-12;Politecnico;2017;9;7;16;55;3
2017-07-12;Pista Silla;2017;13;11;41;49;6
2017-07-12;Avda. Francia;2017;NA;NA;26;44;3
2017-07-12;Moli del Sol;2017;14;12;33;55;3
2017-07-12;Viveros;2017;31;22;28;55;5
2017-07-13;Pista Silla;2017;21;20;38;43;5
2017-07-13;Moli del Sol;2017;15;13;26;52;3
2017-07-13;Avda. Francia;2017;NA;NA;16;40;3
2017-07-13;Viveros;2017;28;19;20;53;5
2017-07-13;Politecnico;2017;8;7;13;49;4
2017-07-14;Politecnico;2017;7;5;11;46;6
2017-07-14;Avda. Francia;2017;NA;NA;12;NA;3
2017-07-14;Moli del Sol;2017;12;10;16;55;3
2017-07-14;Viveros;2017;28;12;12;54;5
2017-07-14;Pista Silla;2017;13;12;31;37;4
2017-07-15;Avda. Francia;2017;NA;NA;20;49;3
2017-07-15;Politecnico;2017;6;4;8;55;4
2017-07-15;Viveros;2017;29;10;11;63;3
2017-07-15;Moli del Sol;2017;11;9;14;63;3
2017-07-15;Pista Silla;2017;7;6;19;56;4
2017-07-16;Pista Silla;2017;7;5;21;64;6
2017-07-16;Politecnico;2017;6;5;12;53;3
2017-07-16;Avda. Francia;2017;NA;NA;19;62;3
2017-07-16;Viveros;2017;24;13;10;68;3
2017-07-16;Moli del Sol;2017;9;7;17;65;3
2017-07-17;Politecnico;2017;6;4;12;63;NA
2017-07-17;Viveros;2017;19;NA;13;73;NA
2017-07-17;Avda. Francia;2017;NA;NA;17;68;3
2017-07-17;Pista Silla;2017;8;5;31;62;NA
2017-07-17;Moli del Sol;2017;9;7;20;70;3
2017-07-18;Viveros;2017;25;NA;9;83;NA
2017-07-18;Avda. Francia;2017;NA;NA;16;68;3
2017-07-18;Moli del Sol;2017;10;8;17;79;3
2017-07-18;Politecnico;2017;6;4;12;66;NA
2017-07-18;Pista Silla;2017;8;6;32;67;NA
2017-07-19;Pista Silla;2017;11;9;23;66;NA
2017-07-19;Viveros;2017;34;13;9;76;NA
2017-07-19;Avda. Francia;2017;NA;NA;NA;62;3
2017-07-19;Moli del Sol;2017;13;11;15;74;3
2017-07-19;Politecnico;2017;10;6;12;61;NA
2017-07-20;Pista Silla;2017;15;13;22;55;NA
2017-07-20;Viveros;2017;41;16;10;67;NA
2017-07-20;Avda. Francia;2017;NA;NA;NA;54;3
2017-07-20;Moli del Sol;2017;18;15;20;60;3
2017-07-20;Politecnico;2017;13;9;14;52;3
2017-07-21;Viveros;2017;30;14;7;66;NA
2017-07-21;Politecnico;2017;11;8;12;54;3
2017-07-21;Avda. Francia;2017;NA;NA;16;56;3
2017-07-21;Moli del Sol;2017;14;12;16;66;3
2017-07-21;Pista Silla;2017;16;14;24;50;NA
2017-07-22;Pista Silla;2017;13;12;21;44;NA
2017-07-22;Moli del Sol;2017;14;12;15;57;3
2017-07-22;Avda. Francia;2017;NA;NA;14;49;3
2017-07-22;Politecnico;2017;10;8;9;46;3
2017-07-22;Viveros;2017;28;16;9;56;NA
2017-07-23;Viveros;2017;24;15;NA;64;NA
2017-07-23;Moli del Sol;2017;12;11;9;62;3
2017-07-23;Pista Silla;2017;12;11;13;53;NA
2017-07-23;Politecnico;2017;9;7;8;51;3
2017-07-23;Avda. Francia;2017;NA;NA;10;57;3
2017-07-24;Moli del Sol;2017;11;9;21;54;3
2017-07-24;Pista Silla;2017;12;10;31;39;NA
2017-07-24;Viveros;2017;31;18;18;50;NA
2017-07-24;Avda. Francia;2017;NA;NA;22;44;3
2017-07-24;Politecnico;2017;9;7;15;44;3
2017-07-25;Viveros;2017;25;11;12;53;NA
2017-07-25;Pista Silla;2017;8;3;29;43;NA
2017-07-25;Avda. Francia;2017;NA;NA;20;56;3
2017-07-25;Moli del Sol;2017;5;4;17;52;3
2017-07-25;Politecnico;2017;7;3;13;46;3
2017-07-26;Politecnico;2017;8;4;18;52;3
2017-07-26;Moli del Sol;2017;7;6;21;62;3
2017-07-26;Viveros;2017;29;NA;16;61;NA
2017-07-26;Avda. Francia;2017;NA;NA;22;59;3
2017-07-26;Pista Silla;2017;19;5;36;49;NA
2017-07-27;Avda. Francia;2017;NA;NA;24;47;3
2017-07-27;Moli del Sol;2017;12;10;27;58;3
2017-07-27;Pista Silla;2017;15;10;34;45;NA
2017-07-27;Politecnico;2017;9;6;16;51;3
2017-07-27;Viveros;2017;40;18;25;58;NA
2017-07-28;Viveros;2017;30;16;NA;58;NA
2017-07-28;Pista Silla;2017;17;17;18;38;NA
2017-07-28;Avda. Francia;2017;NA;NA;17;46;3
2017-07-28;Politecnico;2017;7;6;14;47;5
2017-07-28;Moli del Sol;2017;12;11;19;54;3
2017-07-29;Politecnico;2017;7;5;11;43;3
2017-07-29;Viveros;2017;22;15;NA;56;NA
2017-07-29;Pista Silla;2017;17;16;13;35;NA
2017-07-29;Avda. Francia;2017;NA;NA;15;46;3
2017-07-29;Moli del Sol;2017;10;9;15;54;3
2017-07-30;Pista Silla;2017;20;19;14;33;NA
2017-07-30;Politecnico;2017;7;6;14;44;3
2017-07-30;Moli del Sol;2017;9;8;14;55;3
2017-07-30;Viveros;2017;24;19;NA;58;NA
2017-07-30;Avda. Francia;2017;NA;NA;18;46;3
2017-07-31;Viveros;2017;25;17;NA;60;3
2017-07-31;Moli del Sol;2017;11;10;11;61;3
2017-07-31;Pista Silla;2017;29;28;18;29;NA
2017-07-31;Avda. Francia;2017;NA;NA;13;45;3
2017-07-31;Politecnico;2017;7;6;10;33;3
2017-08-01;Moli del Sol;2017;18;15;25;51;3
2017-08-01;Avda. Francia;2017;NA;NA;19;40;3
2017-08-01;Pista Silla;2017;38;37;27;26;NA
2017-08-01;Politecnico;2017;13;10;15;31;4
2017-08-01;Viveros;2017;38;20;13;53;3
2017-08-02;Viveros;2017;52;22;38;35;3
2017-08-02;Avda. Francia;2017;NA;NA;32;27;3
2017-08-02;Moli del Sol;2017;19;16;35;39;3
2017-08-02;Pista Silla;2017;22;19;40;10;NA
2017-08-02;Politecnico;2017;16;11;28;27;3
2017-08-03;Avda. Francia;2017;NA;NA;48;34;3
2017-08-03;Viveros;2017;54;25;46;44;3
2017-08-03;Pista Silla;2017;15;7;53;16;NA
2017-08-03;Politecnico;2017;15;9;35;28;3
2017-08-03;Moli del Sol;2017;18;14;37;49;3
2017-08-04;Viveros;2017;NA;NA;24;54;3
2017-08-04;Pista Silla;2017;22;18;39;22;NA
2017-08-04;Politecnico;2017;11;8;16;38;5
2017-08-04;Avda. Francia;2017;NA;NA;25;38;3
2017-08-04;Moli del Sol;2017;27;22;31;55;3
2017-08-05;Politecnico;2017;11;9;14;33;6
2017-08-05;Moli del Sol;2017;28;25;22;58;3
2017-08-05;Pista Silla;2017;27;25;21;32;NA
2017-08-05;Avda. Francia;2017;NA;NA;18;39;3
2017-08-05;Viveros;2017;NA;NA;19;56;3
2017-08-06;Moli del Sol;2017;22;18;11;55;3
2017-08-06;Politecnico;2017;8;6;10;47;4
2017-08-06;Avda. Francia;2017;NA;NA;12;NA;3
2017-08-06;Pista Silla;2017;13;12;8;28;NA
2017-08-06;Viveros;2017;NA;NA;8;51;3
2017-08-07;Pista Silla;2017;8;7;24;24;NA
2017-08-07;Viveros;2017;NA;NA;17;50;3
2017-08-07;Moli del Sol;2017;25;21;20;50;3
2017-08-07;Politecnico;2017;8;5;13;47;3
2017-08-07;Avda. Francia;2017;NA;NA;19;35;3
2017-08-08;Pista Silla;2017;NA;NA;24;32;NA
2017-08-08;Avda. Francia;2017;NA;NA;19;50;3
2017-08-08;Viveros;2017;NA;NA;17;58;3
2017-08-08;Politecnico;2017;10;5;15;46;3
2017-08-08;Moli del Sol;2017;23;19;21;56;3
2017-08-09;Moli del Sol;2017;16;12;11;71;3
2017-08-09;Pista Silla;2017;34;16;12;50;NA
2017-08-09;Politecnico;2017;9;4;10;59;5
2017-08-09;Viveros;2017;NA;NA;10;NA;4
2017-08-09;Avda. Francia;2017;NA;NA;18;68;3
2017-08-10;Avda. Francia;2017;NA;NA;22;63;3
2017-08-10;Moli del Sol;2017;7;5;17;61;3
2017-08-10;Viveros;2017;NA;NA;17;NA;3
2017-08-10;Politecnico;2017;3;2;12;65;4
2017-08-10;Pista Silla;2017;18;7;23;49;NA
2017-08-11;Viveros;2017;NA;NA;19;55;3
2017-08-11;Moli del Sol;2017;12;9;20;59;3
2017-08-11;Politecnico;2017;4;2;15;66;3
2017-08-11;Pista Silla;2017;19;6;24;48;NA
2017-08-11;Avda. Francia;2017;NA;NA;22;65;3
2017-08-12;Avda. Francia;2017;NA;NA;18;70;3
2017-08-12;Politecnico;2017;4;3;12;75;3
2017-08-12;Moli del Sol;2017;14;11;14;69;3
2017-08-12;Pista Silla;2017;11;7;15;64;4
2017-08-12;Viveros;2017;19;NA;13;65;3
2017-08-13;Avda. Francia;2017;NA;NA;17;71;3
2017-08-13;Politecnico;2017;4;3;11;77;3
2017-08-13;Pista Silla;2017;8;5;13;64;3
2017-08-13;Moli del Sol;2017;15;12;12;68;3
2017-08-13;Viveros;2017;NA;NA;12;64;3
2017-08-14;Avda. Francia;2017;NA;NA;17;72;3
2017-08-14;Pista Silla;2017;9;6;20;58;4
2017-08-14;Moli del Sol;2017;15;13;17;60;3
2017-08-14;Politecnico;2017;4;3;11;76;3
2017-08-14;Viveros;2017;NA;NA;11;64;3
2017-08-15;Viveros;2017;NA;NA;9;59;3
2017-08-15;Avda. Francia;2017;NA;NA;14;69;3
2017-08-15;Moli del Sol;2017;17;14;12;61;3
2017-08-15;Politecnico;2017;5;4;9;73;3
2017-08-15;Pista Silla;2017;10;7;10;62;3
2017-08-16;Moli del Sol;2017;31;25;16;56;3
2017-08-16;Avda. Francia;2017;NA;NA;17;58;3
2017-08-16;Politecnico;2017;8;6;15;64;3
2017-08-16;Pista Silla;2017;24;15;20;49;3
2017-08-16;Viveros;2017;NA;NA;13;61;3
2017-08-17;Viveros;2017;NA;NA;9;74;3
2017-08-17;Avda. Francia;2017;25;14;14;66;4
2017-08-17;Pista Silla;2017;29;19;21;53;3
2017-08-17;Moli del Sol;2017;28;23;14;67;3
2017-08-17;Politecnico;2017;9;7;11;74;3
2017-08-18;Pista Silla;2017;22;14;19;51;3
2017-08-18;Viveros;2017;NA;NA;19;64;3
2017-08-18;Politecnico;2017;7;5;15;65;3
2017-08-18;Avda. Francia;2017;20;11;20;61;3
2017-08-18;Moli del Sol;2017;23;19;18;63;3
2017-08-19;Viveros;2017;NA;NA;11;66;3
2017-08-19;Politecnico;2017;6;4;11;56;4
2017-08-19;Moli del Sol;2017;23;18;12;62;3
2017-08-19;Avda. Francia;2017;19;10;15;62;4
2017-08-19;Pista Silla;2017;14;9;12;52;3
2017-08-20;Viveros;2017;NA;NA;9;61;3
2017-08-20;Moli del Sol;2017;26;20;15;54;3
2017-08-20;Pista Silla;2017;14;10;13;47;3
2017-08-20;Avda. Francia;2017;22;11;18;57;3
2017-08-20;Politecnico;2017;6;4;9;56;4
2017-08-21;Avda. Francia;2017;20;10;23;62;3
2017-08-21;Politecnico;2017;6;4;17;60;4
2017-08-21;Moli del Sol;2017;23;17;23;52;4
2017-08-21;Pista Silla;2017;18;8;24;47;3
2017-08-21;Viveros;2017;NA;NA;18;60;4
2017-08-22;Viveros;2017;NA;NA;23;60;4
2017-08-22;Pista Silla;2017;22;9;25;49;3
2017-08-22;Politecnico;2017;6;4;17;68;3
2017-08-22;Moli del Sol;2017;26;20;26;53;3
2017-08-22;Avda. Francia;2017;23;10;25;65;3
2017-08-23;Politecnico;2017;7;4;18;62;3
2017-08-23;Moli del Sol;2017;20;16;23;54;3
2017-08-23;Pista Silla;2017;24;9;27;47;3
2017-08-23;Viveros;2017;NA;NA;20;61;4
2017-08-23;Avda. Francia;2017;18;9;23;64;3
2017-08-24;Moli del Sol;2017;20;16;22;60;3
2017-08-24;Politecnico;2017;6;4;15;73;3
2017-08-24;Viveros;2017;NA;NA;14;71;4
2017-08-24;Avda. Francia;2017;17;9;19;70;3
2017-08-24;Pista Silla;2017;18;10;23;55;3
2017-08-25;Viveros;2017;NA;NA;19;71;3
2017-08-25;Pista Silla;2017;22;13;25;57;3
2017-08-25;Politecnico;2017;7;5;16;77;3
2017-08-25;Avda. Francia;2017;20;11;23;69;3
2017-08-25;Moli del Sol;2017;23;19;25;61;4
2017-08-26;Avda. Francia;2017;25;16;15;65;3
2017-08-26;Politecnico;2017;9;8;11;70;3
2017-08-26;Moli del Sol;2017;32;27;16;57;NA
2017-08-26;Pista Silla;2017;28;23;16;54;NA
2017-08-26;Viveros;2017;NA;NA;10;67;3
2017-08-27;Avda. Francia;2017;28;18;18;55;3
2017-08-27;Politecnico;2017;11;9;13;63;4
2017-08-27;Moli del Sol;2017;33;28;15;56;NA
2017-08-27;Pista Silla;2017;31;27;15;49;NA
2017-08-27;Viveros;2017;NA;NA;13;60;3
2017-08-28;Avda. Francia;2017;27;17;26;44;3
2017-08-28;Politecnico;2017;10;9;16;53;3
2017-08-28;Moli del Sol;2017;29;25;29;39;NA
2017-08-28;Pista Silla;2017;46;31;28;33;NA
2017-08-28;Viveros;2017;NA;NA;16;52;3
2017-08-29;Avda. Francia;2017;20;14;37;31;3
2017-08-29;Pista Silla;2017;17;13;27;24;3
2017-08-29;Politecnico;2017;7;6;28;34;3
2017-08-29;Moli del Sol;2017;20;17;28;36;11
2017-08-29;Viveros;2017;NA;NA;33;29;3
2017-08-30;Viveros;2017;NA;NA;31;42;3
2017-08-30;Moli del Sol;2017;15;13;25;46;5
2017-08-30;Pista Silla;2017;11;8;25;36;3
2017-08-30;Politecnico;2017;5;4;24;51;3
2017-08-30;Avda. Francia;2017;15;9;25;47;4
2017-08-31;Politecnico;2017;7;5;21;55;3
2017-08-31;Moli del Sol;2017;17;14;27;49;3
2017-08-31;Avda. Francia;2017;18;10;27;49;3
2017-08-31;Viveros;2017;NA;NA;21;53;3
2017-08-31;Pista Silla;2017;15;9;25;39;5
2017-09-01;Pista Silla;2017;10;7;20;50;3
2017-09-01;Politecnico;2017;7;5;14;67;3
2017-09-01;Viveros;2017;NA;NA;13;65;3
2017-09-01;Moli del Sol;2017;16;13;26;52;10
2017-09-01;Avda. Francia;2017;16;8;19;62;3
2017-09-02;Avda. Francia;2017;14;7;19;66;3
2017-09-02;Moli del Sol;2017;11;10;20;58;4
2017-09-02;Viveros;2017;NA;NA;17;64;3
2017-09-02;Pista Silla;2017;8;6;17;53;3
2017-09-02;Politecnico;2017;5;4;14;70;5
2017-09-03;Pista Silla;2017;11;9;11;58;3
2017-09-03;Viveros;2017;NA;NA;16;65;3
2017-09-03;Avda. Francia;2017;15;9;21;62;3
2017-09-03;Politecnico;2017;6;5;12;74;3
2017-09-03;Moli del Sol;2017;15;13;17;60;3
2017-09-04;Avda. Francia;2017;23;14;33;56;3
2017-09-04;Politecnico;2017;NA;NA;NA;NA;NA
2017-09-04;Viveros;2017;NA;NA;25;61;3
2017-09-04;Moli del Sol;2017;23;19;26;55;4
2017-09-04;Pista Silla;2017;21;15;26;50;3
2017-09-05;Moli del Sol;2017;20;16;26;60;3
2017-09-05;Avda. Francia;2017;19;10;26;68;4
2017-09-05;Politecnico;2017;NA;NA;NA;NA;NA
2017-09-05;Pista Silla;2017;14;9;29;51;3
2017-09-05;Viveros;2017;NA;NA;24;66;3
2017-09-06;Avda. Francia;2017;16;10;24;52;3
2017-09-06;Pista Silla;2017;14;11;28;37;3
2017-09-06;Viveros;2017;NA;NA;14;58;3
2017-09-06;Moli del Sol;2017;NA;NA;27;44;4
2017-09-06;Politecnico;2017;8;6;16;53;3
2017-09-07;Pista Silla;2017;14;9;27;33;3
2017-09-07;Viveros;2017;NA;NA;21;48;3
2017-09-07;Moli del Sol;2017;NA;NA;31;36;4
2017-09-07;Politecnico;2017;10;7;15;55;3
2017-09-07;Avda. Francia;2017;18;10;24;50;3
2017-09-08;Avda. Francia;2017;23;13;30;48;3
2017-09-08;Pista Silla;2017;19;13;28;38;4
2017-09-08;Politecnico;2017;12;9;20;54;3
2017-09-08;Viveros;2017;NA;NA;26;50;3
2017-09-08;Moli del Sol;2017;22;20;29;43;3
2017-09-09;Pista Silla;2017;34;15;16;45;3
2017-09-09;Politecnico;2017;16;9;16;60;3
2017-09-09;Avda. Francia;2017;31;13;26;54;3
2017-09-09;Moli del Sol;2017;26;23;26;44;3
2017-09-09;Viveros;2017;NA;NA;24;50;3
2017-09-10;Moli del Sol;2017;5;4;13;50;4
2017-09-10;Pista Silla;2017;4;2;13;48;3
2017-09-10;Viveros;2017;NA;NA;16;55;3
2017-09-10;Politecnico;2017;2;2;12;61;3
2017-09-10;Avda. Francia;2017;7;3;21;56;4
2017-09-11;Politecnico;2017;8;3;33;53;4
2017-09-11;Avda. Francia;2017;19;6;38;52;5
2017-09-11;Pista Silla;2017;48;7;30;42;4
2017-09-11;Viveros;2017;NA;NA;39;45;NA
2017-09-11;Moli del Sol;2017;13;10;33;41;4
2017-09-12;Viveros;2017;NA;NA;35;39;NA
2017-09-12;Moli del Sol;2017;17;14;38;33;4
2017-09-12;Avda. Francia;2017;20;9;31;48;4
2017-09-12;Pista Silla;2017;18;7;36;26;4
2017-09-12;Politecnico;2017;10;5;25;47;NA
2017-09-13;Avda. Francia;2017;24;11;32;48;4
2017-09-13;Viveros;2017;NA;NA;34;43;5
2017-09-13;Pista Silla;2017;17;8;30;35;4
2017-09-13;Moli del Sol;2017;19;16;30;45;4
2017-09-13;Politecnico;2017;12;6;24;50;NA
2017-09-14;Moli del Sol;2017;27;22;34;50;10
2017-09-14;Avda. Francia;2017;29;13;38;55;3
2017-09-14;Pista Silla;2017;34;12;31;47;4
2017-09-14;Politecnico;2017;13;8;28;64;NA
2017-09-14;Viveros;2017;36;NA;37;56;5
2017-09-15;Moli del Sol;2017;16;12;20;50;4
2017-09-15;Avda. Francia;2017;27;10;24;54;4
2017-09-15;Viveros;2017;NA;NA;17;52;5
2017-09-15;Politecnico;2017;10;5;12;61;NA
2017-09-15;Pista Silla;2017;12;6;9;48;3
2017-09-16;Pista Silla;2017;6;3;18;38;3
2017-09-16;Viveros;2017;10;NA;22;47;5
2017-09-16;Avda. Francia;2017;9;4;26;51;3
2017-09-16;Moli del Sol;2017;8;7;21;45;6
2017-09-16;Politecnico;2017;4;2;12;57;NA
2017-09-17;Politecnico;2017;5;4;17;62;NA
2017-09-17;Moli del Sol;2017;11;10;15;58;3
2017-09-17;Viveros;2017;NA;NA;23;53;4
2017-09-17;Avda. Francia;2017;14;7;31;54;3
2017-09-17;Pista Silla;2017;7;4;13;52;3
2017-09-18;Viveros;2017;20;NA;26;58;5
2017-09-18;Politecnico;2017;10;5;20;67;3
2017-09-18;Moli del Sol;2017;16;13;29;52;4
2017-09-18;Pista Silla;2017;28;8;27;45;4
2017-09-18;Avda. Francia;2017;22;10;30;60;4
2017-09-19;Politecnico;2017;10;6;22;66;3
2017-09-19;Viveros;2017;NA;NA;29;56;5
2017-09-19;Avda. Francia;2017;20;9;32;59;3
2017-09-19;Pista Silla;2017;14;7;27;47;3
2017-09-19;Moli del Sol;2017;16;14;30;54;3
2017-09-20;Pista Silla;2017;17;9;23;54;3
2017-09-20;Avda. Francia;2017;19;11;28;61;3
2017-09-20;Moli del Sol;2017;17;16;25;58;3
2017-09-20;Politecnico;2017;9;6;NA;NA;NA
2017-09-20;Viveros;2017;NA;NA;25;65;4
2017-09-21;Pista Silla;2017;17;11;32;46;4
2017-09-21;Viveros;2017;NA;NA;29;61;4
2017-09-21;Politecnico;2017;NA;NA;NA;NA;NA
2017-09-21;Moli del Sol;2017;20;18;29;54;3
2017-09-21;Avda. Francia;2017;21;12;23;63;3
2017-09-22;Politecnico;2017;8;6;18;70;3
2017-09-22;Avda. Francia;2017;16;9;17;65;4
2017-09-22;Viveros;2017;NA;NA;25;61;5
2017-09-22;Pista Silla;2017;13;8;32;45;3
2017-09-22;Moli del Sol;2017;17;15;31;50;3
2017-09-23;Avda. Francia;2017;NA;NA;NA;NA;NA
2017-09-23;Pista Silla;2017;11;8;27;44;3
2017-09-23;Viveros;2017;NA;NA;34;52;5
2017-09-23;Moli del Sol;2017;17;16;26;54;3
2017-09-23;Politecnico;2017;NA;NA;NA;NA;NA
2017-09-24;Politecnico;2017;NA;NA;NA;NA;NA
2017-09-24;Pista Silla;2017;15;11;15;59;3
2017-09-24;Moli del Sol;2017;26;24;25;54;3
2017-09-24;Viveros;2017;NA;NA;24;61;5
2017-09-24;Avda. Francia;2017;NA;NA;NA;NA;NA
2017-09-25;Viveros;2017;NA;NA;37;64;5
2017-09-25;Avda. Francia;2017;NA;NA;NA;NA;NA
2017-09-25;Politecnico;2017;NA;NA;NA;NA;NA
2017-09-25;Moli del Sol;2017;31;26;33;59;3
2017-09-25;Pista Silla;2017;48;17;23;66;4
2017-09-26;Avda. Francia;2017;22;11;13;70;3
2017-09-26;Pista Silla;2017;14;9;19;NA;3
2017-09-26;Politecnico;2017;11;7;11;86;3
2017-09-26;Viveros;2017;NA;NA;13;78;4
2017-09-26;Moli del Sol;2017;18;16;20;68;3
2017-09-27;Viveros;2017;NA;10;20;67;4
2017-09-27;Politecnico;2017;9;7;14;80;3
2017-09-27;Avda. Francia;2017;20;11;21;62;3
2017-09-27;Moli del Sol;2017;19;18;29;51;3
2017-09-27;Pista Silla;2017;19;12;34;39;4
2017-09-28;Viveros;2017;18;10;23;64;4
2017-09-28;Politecnico;2017;9;7;18;78;3
2017-09-28;Moli del Sol;2017;18;17;33;53;3
2017-09-28;Avda. Francia;2017;NA;NA;NA;NA;NA
2017-09-28;Pista Silla;2017;17;11;32;48;3
2017-09-29;Politecnico;2017;10;7;23;70;3
2017-09-29;Viveros;2017;20;12;35;49;5
2017-09-29;Moli del Sol;2017;17;16;35;49;3
2017-09-29;Avda. Francia;2017;NA;NA;NA;NA;NA
2017-09-29;Pista Silla;2017;24;13;40;37;4
2017-09-30;Viveros;2017;NA;11;18;67;4
2017-09-30;Moli del Sol;2017;19;18;19;63;3
2017-09-30;Politecnico;2017;10;8;16;81;3
2017-09-30;Avda. Francia;2017;NA;NA;NA;NA;NA
2017-09-30;Pista Silla;2017;16;12;22;56;3
2017-10-01;Moli del Sol;2017;17;16;21;61;3
2017-10-01;Avda. Francia;2017;NA;NA;NA;NA;NA
2017-10-01;Politecnico;2017;8;7;12;84;3
2017-10-01;Pista Silla;2017;13;10;22;57;3
2017-10-01;Viveros;2017;14;11;20;65;3
2017-10-02;Politecnico;2017;10;8;25;57;3
2017-10-02;Viveros;2017;19;14;30;41;3
2017-10-02;Moli del Sol;2017;18;17;36;32;3
2017-10-02;Pista Silla;2017;24;13;33;31;5
2017-10-02;Avda. Francia;2017;NA;NA;NA;NA;NA
2017-10-03;Avda. Francia;2017;20;9;24;48;3
2017-10-03;Moli del Sol;2017;16;14;29;37;3
2017-10-03;Politecnico;2017;10;6;23;49;3
2017-10-03;Viveros;2017;22;13;29;38;5
2017-10-03;Pista Silla;2017;17;11;29;29;4
2017-10-04;Avda. Francia;2017;10;6;16;49;4
2017-10-04;Viveros;2017;15;6;20;39;NA
2017-10-04;Pista Silla;2017;11;6;28;30;4
2017-10-04;Politecnico;2017;5;4;21;44;3
2017-10-04;Moli del Sol;2017;11;10;27;34;3
2017-10-05;Moli del Sol;2017;29;27;34;29;3
2017-10-05;Viveros;2017;31;NA;30;27;4
2017-10-05;Avda. Francia;2017;33;18;31;30;3
2017-10-05;Pista Silla;2017;24;16;31;22;4
2017-10-05;Politecnico;2017;15;12;27;32;3
2017-10-06;Avda. Francia;2017;40;14;33;42;3
2017-10-06;Pista Silla;2017;19;11;44;23;5
2017-10-06;Moli del Sol;2017;22;20;41;32;4
2017-10-06;Viveros;2017;28;NA;33;40;5
2017-10-06;Politecnico;2017;11;8;32;38;3
2017-10-07;Pista Silla;2017;21;15;23;29;3
2017-10-07;Moli del Sol;2017;28;25;24;35;3
2017-10-07;Politecnico;2017;12;9;23;36;3
2017-10-07;Viveros;2017;29;NA;27;30;3
2017-10-07;Avda. Francia;2017;27;16;32;35;4
2017-10-08;Moli del Sol;2017;20;18;19;44;3
2017-10-08;Pista Silla;2017;11;9;18;41;3
2017-10-08;Viveros;2017;22;NA;17;49;3
2017-10-08;Avda. Francia;2017;20;13;19;48;6
2017-10-08;Politecnico;2017;8;6;16;52;3
2017-10-09;Politecnico;2017;9;7;14;56;3
2017-10-09;Moli del Sol;2017;19;17;15;52;3
2017-10-09;Pista Silla;2017;16;10;18;47;3
2017-10-09;Viveros;2017;21;NA;13;57;3
2017-10-09;Avda. Francia;2017;20;13;18;54;3
2017-10-10;Avda. Francia;2017;21;13;21;57;4
2017-10-10;Viveros;2017;23;NA;21;56;5
2017-10-10;Moli del Sol;2017;24;22;24;50;3
2017-10-10;Politecnico;2017;9;7;21;55;3
2017-10-10;Pista Silla;2017;16;12;27;45;4
2017-10-11;Avda. Francia;2017;23;15;27;54;4
2017-10-11;Politecnico;2017;12;10;21;56;3
2017-10-11;Viveros;2017;25;NA;23;56;3
2017-10-11;Moli del Sol;2017;26;25;24;49;3
2017-10-11;Pista Silla;2017;20;15;28;45;4
2017-10-12;Moli del Sol;2017;38;37;16;54;3
2017-10-12;Pista Silla;2017;29;27;16;56;3
2017-10-12;Politecnico;2017;18;16;15;61;3
2017-10-12;Viveros;2017;30;23;16;59;3
2017-10-12;Avda. Francia;2017;32;24;20;59;3
2017-10-13;Politecnico;2017;21;18;22;56;3
2017-10-13;Avda. Francia;2017;32;23;31;58;3
2017-10-13;Pista Silla;2017;30;27;32;54;3
2017-10-13;Moli del Sol;2017;39;38;24;50;3
2017-10-13;Viveros;2017;30;NA;21;62;3
2017-10-14;Avda. Francia;2017;28;20;23;61;3
2017-10-14;Pista Silla;2017;25;23;38;45;3
2017-10-14;Politecnico;2017;17;16;16;62;3
2017-10-14;Viveros;2017;27;NA;22;54;3
2017-10-14;Moli del Sol;2017;36;35;19;53;3
2017-10-15;Viveros;2017;19;NA;14;50;3
2017-10-15;Moli del Sol;2017;27;25;19;42;3
2017-10-15;Avda. Francia;2017;20;13;16;56;4
2017-10-15;Pista Silla;2017;15;14;29;42;3
2017-10-15;Politecnico;2017;11;10;14;51;3
2017-10-16;Pista Silla;2017;17;11;50;28;5
2017-10-16;Moli del Sol;2017;24;22;35;35;3
2017-10-16;Avda. Francia;2017;22;13;28;52;3
2017-10-16;Politecnico;2017;NA;NA;24;47;3
2017-10-16;Viveros;2017;24;NA;32;41;3
2017-10-17;Avda. Francia;2017;25;15;27;56;4
2017-10-17;Moli del Sol;2017;26;24;24;52;3
2017-10-17;Viveros;2017;25;NA;24;55;3
2017-10-17;Pista Silla;2017;20;15;42;40;3
2017-10-17;Politecnico;2017;NA;NA;22;54;5
2017-10-18;Politecnico;2017;14;11;30;39;4
2017-10-18;Avda. Francia;2017;23;14;33;41;4
2017-10-18;Viveros;2017;NA;NA;39;33;3
2017-10-18;Moli del Sol;2017;23;22;31;36;5
2017-10-18;Pista Silla;2017;24;15;41;32;4
2017-10-19;Viveros;2017;12;NA;34;35;4
2017-10-19;Pista Silla;2017;8;4;40;28;4
2017-10-19;Avda. Francia;2017;12;6;34;39;3
2017-10-19;Politecnico;2017;6;3;29;39;3
2017-10-19;Moli del Sol;2017;9;8;31;35;3
2017-10-20;Moli del Sol;2017;13;11;37;35;3
2017-10-20;Viveros;2017;18;NA;36;39;3
2017-10-20;Avda. Francia;2017;17;9;36;44;3
2017-10-20;Pista Silla;2017;13;8;52;25;5
2017-10-20;Politecnico;2017;8;5;30;45;3
2017-10-21;Viveros;2017;NA;NA;26;38;6
2017-10-21;Moli del Sol;2017;15;14;20;42;4
2017-10-21;Avda. Francia;2017;20;12;30;36;5
2017-10-21;Pista Silla;2017;13;10;36;30;3
2017-10-21;Politecnico;2017;9;7;29;36;3
2017-10-22;Moli del Sol;2017;14;13;22;39;4
2017-10-22;Pista Silla;2017;8;6;30;33;3
2017-10-22;Viveros;2017;NA;NA;20;40;3
2017-10-22;Politecnico;2017;9;6;16;45;3
2017-10-22;Avda. Francia;2017;18;9;20;49;3
2017-10-23;Moli del Sol;2017;18;17;29;36;3
2017-10-23;Pista Silla;2017;14;8;43;27;3
2017-10-23;Politecnico;2017;11;7;38;29;3
2017-10-23;Viveros;2017;23;NA;36;28;3
2017-10-23;Avda. Francia;2017;21;10;39;38;3
2017-10-24;Viveros;2017;NA;NA;37;29;4
2017-10-24;Politecnico;2017;15;9;43;28;7
2017-10-24;Pista Silla;2017;24;12;55;24;5
2017-10-24;Avda. Francia;2017;32;16;48;35;4
2017-10-24;Moli del Sol;2017;20;18;35;34;3
2017-10-25;Pista Silla;2017;27;15;70;20;7
2017-10-25;Viveros;2017;32;18;43;31;3
2017-10-25;Moli del Sol;2017;28;26;45;25;3
2017-10-25;Avda. Francia;2017;34;20;57;32;3
2017-10-25;Politecnico;2017;18;13;41;32;6
2017-10-26;Avda. Francia;2017;42;28;51;34;3
2017-10-26;Viveros;2017;34;26;40;32;3
2017-10-26;Pista Silla;2017;34;27;60;26;4
2017-10-26;Politecnico;2017;28;23;42;35;8
2017-10-26;Moli del Sol;2017;45;44;40;32;3
2017-10-27;Moli del Sol;2017;33;30;52;31;3
2017-10-27;Viveros;2017;32;21;57;28;3
2017-10-27;Avda. Francia;2017;39;19;53;35;3
2017-10-27;Politecnico;2017;20;13;49;33;6
2017-10-27;Pista Silla;2017;33;17;67;25;6
2017-10-28;Avda. Francia;2017;29;15;42;39;3
2017-10-28;Moli del Sol;2017;21;20;28;40;3
2017-10-28;Pista Silla;2017;17;12;43;30;3
2017-10-28;Politecnico;2017;16;11;34;35;8
2017-10-28;Viveros;2017;23;15;38;31;3
2017-10-29;Moli del Sol;2017;21;19;22;43;3
2017-10-29;Politecnico;2017;13;10;22;42;8
2017-10-29;Viveros;2017;NA;19;26;39;3
2017-10-29;Avda. Francia;2017;23;14;26;48;4
2017-10-29;Pista Silla;2017;16;11;31;36;3
2017-10-30;Moli del Sol;2017;18;17;33;31;3
2017-10-30;Pista Silla;2017;17;9;47;23;4
2017-10-30;Viveros;2017;17;NA;38;27;3
2017-10-30;Avda. Francia;2017;22;11;34;42;4
2017-10-30;Politecnico;2017;20;12;30;35;4
2017-10-31;Pista Silla;2017;11;7;25;41;3
2017-10-31;Avda. Francia;2017;20;9;25;50;3
2017-10-31;Moli del Sol;2017;16;14;25;41;3
2017-10-31;Viveros;2017;17;NA;20;45;NA
2017-10-31;Politecnico;2017;30;14;17;47;5
2017-11-01;Moli del Sol;2017;19;18;19;44;NA
2017-11-01;Politecnico;2017;24;16;17;51;3
2017-11-01;Avda. Francia;2017;18;12;25;50;4
2017-11-01;Pista Silla;2017;11;9;27;38;3
2017-11-01;Viveros;2017;14;8;23;43;3
2017-11-02;Moli del Sol;2017;20;19;35;31;NA
2017-11-02;Politecnico;2017;27;18;32;35;3
2017-11-02;Viveros;2017;17;NA;38;28;3
2017-11-02;Avda. Francia;2017;22;14;36;41;3
2017-11-02;Pista Silla;2017;34;18;50;20;4
2017-11-03;Moli del Sol;2017;32;31;41;27;NA
2017-11-03;Viveros;2017;26;NA;44;23;3
2017-11-03;Avda. Francia;2017;32;22;41;35;3
2017-11-03;Politecnico;2017;32;22;38;33;3
2017-11-03;Pista Silla;2017;72;38;59;19;4
2017-11-04;Avda. Francia;2017;24;15;26;42;4
2017-11-04;Viveros;2017;15;NA;27;32;3
2017-11-04;Politecnico;2017;24;15;26;35;3
2017-11-04;Pista Silla;2017;38;21;28;36;3
2017-11-04;Moli del Sol;2017;21;19;19;41;NA
2017-11-05;Pista Silla;2017;28;4;12;56;3
2017-11-05;Politecnico;2017;11;2;6;60;4
2017-11-05;Moli del Sol;2017;5;3;3;63;3
2017-11-05;Viveros;2017;10;NA;6;62;3
2017-11-05;Avda. Francia;2017;10;2;11;69;3
2017-11-06;Moli del Sol;2017;10;5;4;68;3
2017-11-06;Pista Silla;2017;57;8;21;56;3
2017-11-06;Politecnico;2017;20;7;8;64;4
2017-11-06;Viveros;2017;17;NA;7;66;3
2017-11-06;Avda. Francia;2017;22;4;17;69;3
2017-11-07;Politecnico;2017;23;7;37;34;3
2017-11-07;Avda. Francia;2017;24;7;40;46;6
2017-11-07;Viveros;2017;20;NA;43;33;3
2017-11-07;Moli del Sol;2017;14;11;35;38;3
2017-11-07;Pista Silla;2017;62;14;48;31;5
2017-11-08;Avda. Francia;2017;19;7;42;41;3
2017-11-08;Moli del Sol;2017;10;8;23;44;3
2017-11-08;Politecnico;2017;25;8;19;47;3
2017-11-08;Pista Silla;2017;58;12;35;35;3
2017-11-08;Viveros;2017;17;NA;26;43;3
2017-11-09;Viveros;2017;26;NA;30;49;3
2017-11-09;Pista Silla;2017;44;8;48;39;4
2017-11-09;Moli del Sol;2017;8;6;23;54;3
2017-11-09;Politecnico;2017;20;6;23;53;4
2017-11-09;Avda. Francia;2017;15;4;33;57;3
2017-11-10;Avda. Francia;2017;28;10;53;41;7
2017-11-10;Viveros;2017;26;NA;53;30;3
2017-11-10;Pista Silla;2017;91;19;61;27;7
2017-11-10;Politecnico;2017;40;14;43;38;8
2017-11-10;Moli del Sol;2017;15;12;40;39;6
2017-11-11;Pista Silla;2017;41;11;45;28;3
2017-11-11;Avda. Francia;2017;16;7;40;41;3
2017-11-11;Viveros;2017;15;NA;39;29;3
2017-11-11;Moli del Sol;2017;11;10;36;34;3
2017-11-11;Politecnico;2017;21;10;39;32;4
2017-11-12;Pista Silla;2017;35;8;28;31;3
2017-11-12;Avda. Francia;2017;13;6;26;43;3
2017-11-12;Moli del Sol;2017;11;9;20;37;4
2017-11-12;Politecnico;2017;19;8;25;34;3
2017-11-12;Viveros;2017;15;NA;25;32;3
2017-11-13;Pista Silla;2017;80;10;23;54;3
2017-11-13;Avda. Francia;2017;27;5;19;67;3
2017-11-13;Viveros;2017;33;NA;13;62;3
2017-11-13;Moli del Sol;2017;18;9;7;67;3
2017-11-13;Politecnico;2017;47;10;11;63;1
2017-11-14;Politecnico;2017;34;12;40;36;4
2017-11-14;Avda. Francia;2017;24;9;45;43;4
2017-11-14;Viveros;2017;20;NA;42;31;3
2017-11-14;Moli del Sol;2017;20;16;40;34;4
2017-11-14;Pista Silla;2017;95;19;58;25;6
2017-11-15;Viveros;2017;34;NA;50;26;3
2017-11-15;Moli del Sol;2017;37;33;57;25;8
2017-11-15;Politecnico;2017;57;22;50;29;3
2017-11-15;Avda. Francia;2017;39;16;65;32;3
2017-11-15;Pista Silla;2017;99;28;66;21;6
2017-11-16;Politecnico;2017;52;26;49;29;5
2017-11-16;Avda. Francia;2017;38;19;63;33;3
2017-11-16;Pista Silla;2017;92;31;64;20;4
2017-11-16;Moli del Sol;2017;29;26;46;28;5
2017-11-16;Viveros;2017;34;21;42;27;3
2017-11-17;Viveros;2017;65;51;58;23;3
2017-11-17;Avda. Francia;2017;74;49;68;34;5
2017-11-17;Moli del Sol;2017;83;80;67;28;3
2017-11-17;Politecnico;2017;95;68;68;21;10
2017-11-17;Pista Silla;2017;150;84;84;22;6
2017-11-18;Avda. Francia;2017;52;35;58;31;4
2017-11-18;Viveros;2017;40;31;36;26;3
2017-11-18;Moli del Sol;2017;47;45;40;26;3
2017-11-18;Pista Silla;2017;88;48;63;19;3
2017-11-18;Politecnico;2017;58;40;43;31;4
2017-11-19;Viveros;2017;31;27;21;43;4
2017-11-19;Politecnico;2017;46;36;26;49;3
2017-11-19;Pista Silla;2017;58;41;36;41;3
2017-11-19;Avda. Francia;2017;33;26;35;53;4
2017-11-19;Moli del Sol;2017;40;39;23;46;7
2017-11-20;Politecnico;2017;59;39;46;28;4
2017-11-20;Moli del Sol;2017;51;49;44;23;5
2017-11-20;Avda. Francia;2017;45;29;57;31;5
2017-11-20;Pista Silla;2017;97;50;60;20;5
2017-11-20;Viveros;2017;40;30;37;21;4
2017-11-21;Pista Silla;2017;137;45;70;12;6
2017-11-21;Viveros;2017;41;30;43;14;4
2017-11-21;Politecnico;2017;65;34;51;22;3
2017-11-21;Moli del Sol;2017;42;39;46;15;6
2017-11-21;Avda. Francia;2017;51;26;67;23;4
2017-11-22;Pista Silla;2017;105;45;66;12;4
2017-11-22;Moli del Sol;2017;43;41;48;13;3
2017-11-22;Politecnico;2017;70;39;59;15;3
2017-11-22;Viveros;2017;37;26;42;10;4
2017-11-22;Avda. Francia;2017;50;29;69;18;3
2017-11-23;Viveros;2017;39;25;41;8;4
2017-11-23;Avda. Francia;2017;70;30;76;14;5
2017-11-23;Moli del Sol;2017;39;32;49;15;4
2017-11-23;Pista Silla;2017;161;40;75;11;8
2017-11-23;Politecnico;2017;83;32;67;10;4
2017-11-24;Politecnico;2017;73;25;58;16;5
2017-11-24;Pista Silla;2017;NA;NA;NA;NA;NA
2017-11-24;Viveros;2017;46;28;52;12;4
2017-11-24;Moli del Sol;2017;36;30;52;20;4
2017-11-24;Avda. Francia;2017;65;20;64;24;4
2017-11-25;Politecnico;2017;59;22;36;28;3
2017-11-25;Avda. Francia;2017;44;15;39;35;3
2017-11-25;Moli del Sol;2017;27;22;29;31;4
2017-11-25;Pista Silla;2017;92;24;41;24;3
2017-11-25;Viveros;2017;36;20;NA;22;3
2017-11-26;Moli del Sol;2017;10;9;19;42;3
2017-11-26;Politecnico;2017;23;11;26;39;3
2017-11-26;Avda. Francia;2017;16;6;29;47;3
2017-11-26;Pista Silla;2017;47;11;34;32;3
2017-11-26;Viveros;2017;14;9;NA;36;4
2017-11-27;Moli del Sol;2017;20;18;30;33;5
2017-11-27;Pista Silla;2017;75;22;50;19;4
2017-11-27;Viveros;2017;22;14;NA;20;3
2017-11-27;Politecnico;2017;40;18;47;20;4
2017-11-27;Avda. Francia;2017;31;13;48;30;3
2017-11-28;Moli del Sol;2017;33;30;42;15;3
2017-11-28;Politecnico;2017;63;28;44;19;3
2017-11-28;Avda. Francia;2017;47;20;54;21;4
2017-11-28;Viveros;2017;33;21;NA;11;4
2017-11-28;Pista Silla;2017;85;29;52;14;5
2017-11-29;Moli del Sol;2017;25;24;31;16;3
2017-11-29;Avda. Francia;2017;20;16;49;19;3
2017-11-29;Viveros;2017;15;12;41;12;5
2017-11-29;Politecnico;2017;25;21;40;13;3
2017-11-29;Pista Silla;2017;29;23;43;14;3
2017-11-30;Avda. Francia;2017;13;5;40;43;6
2017-11-30;Pista Silla;2017;30;9;46;24;5
2017-11-30;Politecnico;2017;16;7;31;34;3
2017-11-30;Viveros;2017;NA;7;NA;33;3
2017-11-30;Moli del Sol;2017;9;8;25;33;4
2017-12-01;Avda. Francia;2017;14;5;26;52;4
2017-12-01;Pista Silla;2017;56;9;22;41;3
2017-12-01;Politecnico;2017;13;6;19;49;3
2017-12-01;Viveros;2017;11;7;NA;44;3
2017-12-01;Moli del Sol;2017;9;6;14;48;3
2017-12-02;Politecnico;2017;10;4;6;64;3
2017-12-02;Avda. Francia;2017;9;3;12;66;3
2017-12-02;Moli del Sol;2017;7;5;2;67;3
2017-12-02;Viveros;2017;9;5;NA;63;3
2017-12-02;Pista Silla;2017;34;6;13;53;3
2017-12-03;Pista Silla;2017;12;6;27;39;3
2017-12-03;Viveros;2017;9;6;NA;44;3
2017-12-03;Politecnico;2017;9;7;21;50;3
2017-12-03;Avda. Francia;2017;8;5;27;51;3
2017-12-03;Moli del Sol;2017;8;7;14;52;4
2017-12-04;Avda. Francia;2017;29;14;60;29;4
2017-12-04;Politecnico;2017;33;17;53;23;3
2017-12-04;Moli del Sol;2017;22;20;48;21;3
2017-12-04;Pista Silla;2017;65;24;63;18;7
2017-12-04;Viveros;2017;24;16;71;19;8
2017-12-05;Pista Silla;2017;81;33;70;12;6
2017-12-05;Politecnico;2017;37;21;52;17;3
2017-12-05;Viveros;2017;24;16;61;16;5
2017-12-05;Moli del Sol;2017;27;25;48;21;3
2017-12-05;Avda. Francia;2017;33;18;66;22;4
2017-12-06;Moli del Sol;2017;28;27;34;33;3
2017-12-06;Pista Silla;2017;48;29;49;21;3
2017-12-06;Politecnico;2017;33;25;41;28;3
2017-12-06;Avda. Francia;2017;28;20;57;30;3
2017-12-06;Viveros;2017;24;18;52;25;4
2017-12-07;Viveros;2017;35;26;78;16;4
2017-12-07;Avda. Francia;2017;42;28;66;24;5
2017-12-07;Pista Silla;2017;84;47;67;16;6
2017-12-07;Moli del Sol;2017;40;39;47;23;3
2017-12-07;Politecnico;2017;51;36;53;22;3
2017-12-08;Politecnico;2017;36;25;44;20;3
2017-12-08;Viveros;2017;28;22;57;14;6
2017-12-08;Moli del Sol;2017;32;30;34;22;5
2017-12-08;Pista Silla;2017;59;31;48;17;4
2017-12-08;Avda. Francia;2017;44;23;54;23;4
2017-12-09;Viveros;2017;21;16;46;16;11
2017-12-09;Avda. Francia;2017;22;17;37;30;4
2017-12-09;Moli del Sol;2017;26;25;28;25;3
2017-12-09;Pista Silla;2017;35;24;34;20;3
2017-12-09;Politecnico;2017;28;23;33;22;3
2017-12-10;Moli del Sol;2017;16;12;5;55;3
2017-12-10;Politecnico;2017;21;11;9;47;4
2017-12-10;Avda. Francia;2017;17;8;13;53;3
2017-12-10;Viveros;2017;21;14;NA;46;3
2017-12-10;Pista Silla;2017;65;14;5;47;3
2017-12-11;Pista Silla;2017;48;8;21;49;3
2017-12-11;Viveros;2017;15;11;24;52;4
2017-12-11;Avda. Francia;2017;12;4;21;60;3
2017-12-11;Moli del Sol;2017;10;6;13;63;3
2017-12-11;Politecnico;2017;15;6;18;54;3
2017-12-12;Politecnico;2017;14;7;27;33;4
2017-12-12;Pista Silla;2017;41;11;39;22;4
2017-12-12;Viveros;2017;12;7;34;30;5
2017-12-12;Moli del Sol;2017;10;8;25;35;3
2017-12-12;Avda. Francia;2017;14;7;41;32;5
2017-12-13;Politecnico;2017;19;9;33;27;3
2017-12-13;Avda. Francia;2017;16;7;39;30;3
2017-12-13;Pista Silla;2017;56;13;29;26;3
2017-12-13;Moli del Sol;2017;13;11;27;30;3
2017-12-13;Viveros;2017;17;11;36;22;4
2017-12-14;Politecnico;2017;21;8;18;38;3
2017-12-14;Avda. Francia;2017;17;6;20;44;4
2017-12-14;Pista Silla;2017;83;13;13;39;3
2017-12-14;Moli del Sol;2017;13;9;10;46;3
2017-12-14;Viveros;2017;NA;NA;14;39;4
2017-12-15;Viveros;2017;11;9;23;41;5
2017-12-15;Avda. Francia;2017;9;4;28;47;3
2017-12-15;Pista Silla;2017;37;7;31;35;3
2017-12-15;Politecnico;2017;11;5;16;46;4
2017-12-15;Moli del Sol;2017;7;6;15;49;3
2017-12-16;Pista Silla;2017;32;9;33;32;3
2017-12-16;Moli del Sol;2017;8;7;23;41;4
2017-12-16;Politecnico;2017;11;6;20;47;3
2017-12-16;Avda. Francia;2017;10;5;34;47;4
2017-12-16;Viveros;2017;8;7;32;37;3
2017-12-17;Viveros;2017;13;9;32;39;4
2017-12-17;Pista Silla;2017;26;9;33;35;4
2017-12-17;Politecnico;2017;14;8;25;44;3
2017-12-17;Moli del Sol;2017;11;10;19;46;3
2017-12-17;Avda. Francia;2017;13;7;36;45;4
2017-12-18;Politecnico;2017;28;14;39;26;3
2017-12-18;Moli del Sol;2017;12;11;28;23;3
2017-12-18;Viveros;2017;19;13;48;20;7
2017-12-18;Pista Silla;2017;49;15;46;20;4
2017-12-18;Avda. Francia;2017;26;13;50;28;4
2017-12-19;Pista Silla;2017;37;16;38;26;3
2017-12-19;Viveros;2017;18;8;33;33;4
2017-12-19;Politecnico;2017;35;17;25;39;3
2017-12-19;Moli del Sol;2017;16;15;33;30;3
2017-12-19;Avda. Francia;2017;21;10;29;45;3
2017-12-20;Avda. Francia;2017;35;20;51;20;3
2017-12-20;Pista Silla;2017;55;32;50;12;4
2017-12-20;Moli del Sol;2017;33;31;34;15;4
2017-12-20;Viveros;2017;27;19;52;9;4
2017-12-20;Politecnico;2017;45;29;43;15;3
2017-12-21;Moli del Sol;2017;36;35;28;21;4
2017-12-21;Politecnico;2017;53;35;49;15;5
2017-12-21;Avda. Francia;2017;41;26;54;26;3
2017-12-21;Viveros;2017;31;24;56;14;7
2017-12-21;Pista Silla;2017;66;38;52;15;4
2017-12-22;Pista Silla;2017;75;36;73;9;10
2017-12-22;Viveros;2017;34;25;66;6;9
2017-12-22;Avda. Francia;2017;46;26;76;13;5
2017-12-22;Politecnico;2017;55;35;59;8;5
2017-12-22;Moli del Sol;2017;33;31;42;10;8
2017-12-23;Pista Silla;2017;41;25;47;10;3
2017-12-23;Politecnico;2017;36;25;46;9;6
2017-12-23;Viveros;2017;24;17;48;8;5
2017-12-23;Avda. Francia;2017;29;19;50;15;3
2017-12-23;Moli del Sol;2017;24;23;27;16;4
2017-12-24;Moli del Sol;2017;29;29;22;20;5
2017-12-24;Politecnico;2017;28;23;37;16;3
2017-12-24;Pista Silla;2017;37;27;33;16;3
2017-12-24;Avda. Francia;2017;24;19;31;26;4
2017-12-24;Viveros;2017;29;15;36;17;5
2017-12-25;Avda. Francia;2017;20;17;25;30;4
2017-12-25;Moli del Sol;2017;23;23;16;24;6
2017-12-25;Pista Silla;2017;27;20;22;23;3
2017-12-25;Viveros;2017;18;12;31;19;5
2017-12-25;Politecnico;2017;20;18;26;25;3
2017-12-26;Moli del Sol;2017;12;10;7;55;3
2017-12-26;Viveros;2017;71;7;16;49;3
2017-12-26;Avda. Francia;2017;12;7;19;54;3
2017-12-26;Politecnico;2017;15;10;16;49;3
2017-12-26;Pista Silla;2017;60;13;17;45;3
2017-12-27;Politecnico;2017;17;5;12;58;3
2017-12-27;Moli del Sol;2017;15;7;5;66;3
2017-12-27;Pista Silla;2017;72;10;13;53;3
2017-12-27;Viveros;2017;26;12;15;57;3
2017-12-27;Avda. Francia;2017;16;4;23;59;5
2017-12-28;Moli del Sol;2017;8;7;19;45;3
2017-12-28;Pista Silla;2017;42;10;32;34;4
2017-12-28;Viveros;2017;18;8;34;35;4
2017-12-28;Avda. Francia;2017;11;5;36;41;3
2017-12-28;Politecnico;2017;10;6;27;38;3
2017-12-29;Avda. Francia;2017;11;6;42;28;3
2017-12-29;Moli del Sol;2017;10;9;22;27;3
2017-12-29;Pista Silla;2017;46;11;33;22;3
2017-12-29;Politecnico;2017;14;9;36;21;3
2017-12-29;Viveros;2017;19;8;39;19;3
2017-12-30;Avda. Francia;2017;7;5;19;43;3
2017-12-30;Moli del Sol;2017;8;7;7;45;4
2017-12-30;Viveros;2017;NA;5;17;36;6
2017-12-30;Pista Silla;2017;21;7;10;38;3
2017-12-30;Politecnico;2017;9;6;15;39;3
2017-12-31;Moli del Sol;2017;13;10;8;47;4
2017-12-31;Avda. Francia;2017;12;7;13;50;3
2017-12-31;Pista Silla;2017;31;10;8;43;3
2017-12-31;Politecnico;2017;13;8;13;46;3
2017-12-31;Viveros;2017;18;9;14;44;3
2018-01-01;Moli del Sol;2018;7;6;2;70;5
2018-01-01;Politecnico;2018;9;6;7;62;3
2018-01-01;Pista Silla;2018;22;6;NA;60;3
2018-01-01;Avda. Francia;2018;8;5;8;69;3
2018-01-01;Viveros;2018;16;7;7;63;3
2018-01-02;Pista Silla;2018;42;10;17;42;3
2018-01-02;Avda. Francia;2018;13;6;25;48;3
2018-01-02;Moli del Sol;2018;9;8;9;55;5
2018-01-02;Politecnico;2018;14;8;19;46;3
2018-01-02;Viveros;2018;13;8;20;44;3
2018-01-03;Avda. Francia;2018;11;6;24;36;4
2018-01-03;Moli del Sol;2018;9;8;11;38;4
2018-01-03;Pista Silla;2018;43;9;17;31;3
2018-01-03;Politecnico;2018;14;8;21;31;3
2018-01-03;Viveros;2018;14;NA;21;29;3
2018-01-04;Pista Silla;2018;87;14;11;35;3
2018-01-04;Moli del Sol;2018;11;8;6;45;5
2018-01-04;Politecnico;2018;13;7;15;35;3
2018-01-04;Viveros;2018;11;6;14;35;3
2018-01-04;Avda. Francia;2018;10;4;19;43;3
2018-01-05;Pista Silla;2018;49;11;20;38;3
2018-01-05;Avda. Francia;2018;11;6;27;47;3
2018-01-05;Politecnico;2018;13;9;19;44;3
2018-01-05;Moli del Sol;2018;13;9;9;55;3
2018-01-05;Viveros;2018;12;9;22;41;6
2018-01-06;Moli del Sol;2018;21;21;19;27;3
2018-01-06;Politecnico;2018;20;16;24;36;3
2018-01-06;Viveros;2018;15;8;31;27;3
2018-01-06;Pista Silla;2018;27;17;31;23;3
2018-01-06;Avda. Francia;2018;16;12;32;35;4
2018-01-07;Viveros;2018;6;4;18;43;5
2018-01-07;Politecnico;2018;8;7;12;50;3
2018-01-07;Avda. Francia;2018;8;4;16;53;4
2018-01-07;Pista Silla;2018;11;6;21;40;3
2018-01-07;Moli del Sol;2018;NA;NA;NA;NA;NA
2018-01-08;Pista Silla;2018;38;20;47;16;5
2018-01-08;Viveros;2018;18;11;45;17;4
2018-01-08;Avda. Francia;2018;21;12;45;30;3
2018-01-08;Moli del Sol;2018;NA;NA;NA;NA;NA
2018-01-08;Politecnico;2018;23;15;36;28;4
2018-01-09;Moli del Sol;2018;17;16;24;36;3
2018-01-09;Pista Silla;2018;41;16;26;32;3
2018-01-09;Politecnico;2018;18;14;30;31;3
2018-01-09;Viveros;2018;12;9;28;32;3
2018-01-09;Avda. Francia;2018;15;11;34;38;5
2018-01-10;Moli del Sol;2018;7;6;15;54;3
2018-01-10;Avda. Francia;2018;10;5;28;46;4
2018-01-10;Viveros;2018;9;4;14;51;5
2018-01-10;Politecnico;2018;9;6;20;44;3
2018-01-10;Pista Silla;2018;32;8;21;42;3
2018-01-11;Politecnico;2018;11;5;15;57;3
2018-01-11;Pista Silla;2018;42;7;21;48;3
2018-01-11;Viveros;2018;12;5;19;56;3
2018-01-11;Avda. Francia;2018;8;4;24;58;4
2018-01-11;Moli del Sol;2018;5;5;15;62;3
2018-01-12;Avda. Francia;2018;16;7;42;34;5
2018-01-12;Viveros;2018;18;10;47;23;4
2018-01-12;Politecnico;2018;22;12;44;24;3
2018-01-12;Pista Silla;2018;40;11;42;25;4
2018-01-12;Moli del Sol;2018;12;11;39;29;4
2018-01-13;Pista Silla;2018;39;16;35;24;3
2018-01-13;Politecnico;2018;17;12;31;30;3
2018-01-13;Avda. Francia;2018;17;10;36;35;3
2018-01-13;Moli del Sol;2018;14;13;28;37;3
2018-01-13;Viveros;2018;14;9;32;29;3
2018-01-14;Avda. Francia;2018;9;6;33;45;3
2018-01-14;Moli del Sol;2018;11;10;18;51;3
2018-01-14;Pista Silla;2018;25;9;25;39;3
2018-01-14;Politecnico;2018;11;8;23;43;3
2018-01-14;Viveros;2018;11;7;25;41;5
2018-01-15;Pista Silla;2018;33;12;37;26;3
2018-01-15;Viveros;2018;15;9;40;27;3
2018-01-15;Avda. Francia;2018;15;8;41;37;4
2018-01-15;Moli del Sol;2018;12;12;32;36;3
2018-01-15;Politecnico;2018;18;11;39;26;3
2018-01-16;Moli del Sol;2018;15;11;19;47;3
2018-01-16;Viveros;2018;16;9;24;39;3
2018-01-16;Pista Silla;2018;80;14;20;39;3
2018-01-16;Avda. Francia;2018;16;6;26;47;3
2018-01-16;Politecnico;2018;19;9;26;38;3
2018-01-17;Avda. Francia;2018;23;8;47;33;5
2018-01-17;Moli del Sol;2018;14;12;37;35;3
2018-01-17;Pista Silla;2018;53;14;44;25;6
2018-01-17;Politecnico;2018;21;10;33;33;5
2018-01-17;Viveros;2018;NA;NA;36;32;5
2018-01-18;Pista Silla;2018;47;23;55;17;3
2018-01-18;Politecnico;2018;32;19;51;22;8
2018-01-18;Avda. Francia;2018;28;14;61;28;3
2018-01-18;Viveros;2018;NA;NA;50;23;3
2018-01-18;Moli del Sol;2018;20;18;43;32;3
2018-01-19;Avda. Francia;2018;39;20;61;23;4
2018-01-19;Pista Silla;2018;78;29;36;13;6
2018-01-19;Politecnico;2018;44;26;50;18;5
2018-01-19;Moli del Sol;2018;27;25;45;21;6
2018-01-19;Viveros;2018;NA;NA;55;15;5
2018-01-20;Viveros;2018;NA;NA;28;37;3
2018-01-20;Moli del Sol;2018;12;11;18;47;3
2018-01-20;Pista Silla;2018;43;12;16;36;4
2018-01-20;Politecnico;2018;17;10;23;41;8
2018-01-20;Avda. Francia;2018;16;9;29;46;3
2018-01-21;Viveros;2018;NA;NA;12;48;5
2018-01-21;Politecnico;2018;9;6;11;48;5
2018-01-21;Moli del Sol;2018;8;6;8;54;4
2018-01-21;Pista Silla;2018;21;5;8;43;3
2018-01-21;Avda. Francia;2018;9;4;20;49;3
2018-01-22;Viveros;2018;NA;NA;34;21;3
2018-01-22;Pista Silla;2018;65;15;21;22;3
2018-01-22;Politecnico;2018;19;11;32;23;4
2018-01-22;Avda. Francia;2018;13;7;29;34;3
2018-01-22;Moli del Sol;2018;15;13;29;25;NA
2018-01-23;Politecnico;2018;37;22;50;12;4
2018-01-23;Viveros;2018;NA;NA;52;12;12
2018-01-23;Moli del Sol;2018;22;20;43;18;NA
2018-01-23;Avda. Francia;2018;28;15;50;21;4
2018-01-23;Pista Silla;2018;56;22;29;13;4
2018-01-24;Moli del Sol;2018;30;29;39;21;7
2018-01-24;Pista Silla;2018;69;36;31;15;3
2018-01-24;Politecnico;2018;43;29;38;23;5
2018-01-24;Avda. Francia;2018;38;23;52;23;4
2018-01-24;Viveros;2018;28;NA;43;20;5
2018-01-25;Pista Silla;2018;76;55;31;20;4
2018-01-25;Avda. Francia;2018;46;36;43;26;3
2018-01-25;Viveros;2018;NA;NA;39;20;6
2018-01-25;Politecnico;2018;56;48;35;22;NA
2018-01-25;Moli del Sol;2018;56;55;32;23;7
2018-01-26;Avda. Francia;2018;9;5;37;39;3
2018-01-26;Viveros;2018;NA;NA;35;30;4
2018-01-26;Moli del Sol;2018;7;6;24;41;NA
2018-01-26;Pista Silla;2018;23;8;36;24;4
2018-01-26;Politecnico;2018;10;6;25;38;NA
2018-01-27;Politecnico;2018;14;8;14;51;NA
2018-01-27;Viveros;2018;9;NA;16;51;10
2018-01-27;Avda. Francia;2018;12;5;23;59;3
2018-01-27;Pista Silla;2018;18;6;22;41;3
2018-01-27;Moli del Sol;2018;5;4;13;53;NA
2018-01-28;Moli del Sol;2018;12;12;4;65;NA
2018-01-28;Avda. Francia;2018;23;16;16;62;3
2018-01-28;Politecnico;2018;31;22;7;60;NA
2018-01-28;Viveros;2018;21;NA;5;62;3
2018-01-28;Pista Silla;2018;25;17;8;55;3
2018-01-29;Moli del Sol;2018;24;23;23;28;7
2018-01-29;Pista Silla;2018;46;29;35;21;7
2018-01-29;Avda. Francia;2018;26;17;46;33;4
2018-01-29;Viveros;2018;NA;NA;43;25;7
2018-01-29;Politecnico;2018;33;24;39;29;3
2018-01-30;Politecnico;2018;38;28;45;19;3
2018-01-30;Viveros;2018;26;NA;46;17;9
2018-01-30;Moli del Sol;2018;26;25;23;22;4
2018-01-30;Avda. Francia;2018;34;22;51;23;4
2018-01-30;Pista Silla;2018;59;36;40;14;5
2018-01-31;Viveros;2018;NA;NA;41;23;5
2018-01-31;Avda. Francia;2018;30;21;39;33;3
2018-01-31;Pista Silla;2018;59;35;39;18;4
2018-01-31;Moli del Sol;2018;30;29;23;29;4
2018-01-31;Politecnico;2018;35;27;38;27;4
2018-02-01;Pista Silla;2018;50;31;29;21;4
2018-02-01;Politecnico;2018;34;27;31;26;4
2018-02-01;Avda. Francia;2018;28;21;38;28;4
2018-02-01;Viveros;2018;25;17;34;22;7
2018-02-01;Moli del Sol;2018;31;30;21;25;4
2018-02-02;Avda. Francia;2018;9;5;30;47;4
2018-02-02;Moli del Sol;2018;6;6;11;52;3
2018-02-02;Pista Silla;2018;28;8;29;41;3
2018-02-02;Viveros;2018;NA;4;21;47;11
2018-02-02;Politecnico;2018;9;6;19;46;3
2018-02-03;Politecnico;2018;7;5;16;52;5
2018-02-03;Avda. Francia;2018;6;3;24;57;3
2018-02-03;Moli del Sol;2018;5;4;6;62;3
2018-02-03;Pista Silla;2018;14;4;23;52;3
2018-02-03;Viveros;2018;3;NA;16;54;NA
2018-02-04;Viveros;2018;NA;7;20;39;6
2018-02-04;Avda. Francia;2018;9;7;29;41;4
2018-02-04;Moli del Sol;2018;12;12;8;44;3
2018-02-04;Pista Silla;2018;14;11;28;35;3
2018-02-04;Politecnico;2018;12;11;17;41;4
2018-02-05;Pista Silla;2018;36;20;52;21;5
2018-02-05;Viveros;2018;12;10;37;23;6
2018-02-05;Politecnico;2018;18;15;34;29;3
2018-02-05;Avda. Francia;2018;16;12;45;29;4
2018-02-05;Moli del Sol;2018;17;16;19;26;5
2018-02-06;Avda. Francia;2018;7;6;32;38;3
2018-02-06;Politecnico;2018;8;7;17;43;3
2018-02-06;Pista Silla;2018;10;8;34;32;3
2018-02-06;Moli del Sol;2018;8;8;9;44;3
2018-02-06;Viveros;2018;NA;3;21;38;3
2018-02-07;Politecnico;2018;13;9;26;39;3
2018-02-07;Pista Silla;2018;29;12;44;32;4
2018-02-07;Moli del Sol;2018;10;9;23;48;4
2018-02-07;Avda. Francia;2018;14;8;42;38;3
2018-02-07;Viveros;2018;7;NA;26;41;3
2018-02-08;Moli del Sol;2018;10;9;21;53;4
2018-02-08;Avda. Francia;2018;11;6;31;50;3
2018-02-08;Viveros;2018;7;NA;23;49;6
2018-02-08;Pista Silla;2018;28;11;38;42;4
2018-02-08;Politecnico;2018;11;7;19;51;3
2018-02-09;Viveros;2018;NA;NA;NA;NA;NA
2018-02-09;Pista Silla;2018;43;16;52;34;4
2018-02-09;Moli del Sol;2018;14;13;36;45;4
2018-02-09;Avda. Francia;2018;21;10;46;41;3
2018-02-09;Politecnico;2018;21;12;31;41;3
2018-02-10;Viveros;2018;7;NA;18;NA;4
2018-02-10;Politecnico;2018;8;5;13;63;3
2018-02-10;Avda. Francia;2018;8;4;27;64;3
2018-02-10;Moli del Sol;2018;5;4;11;72;3
2018-02-10;Pista Silla;2018;26;6;28;56;3
2018-02-11;Viveros;2018;9;NA;20;NA;3
2018-02-11;Politecnico;2018;8;7;19;48;3
2018-02-11;Moli del Sol;2018;8;7;12;56;3
2018-02-11;Pista Silla;2018;10;6;19;49;3
2018-02-11;Avda. Francia;2018;8;5;26;52;3
2018-02-12;Moli del Sol;2018;9;8;33;41;3
2018-02-12;Avda. Francia;2018;11;6;35;44;3
2018-02-12;Politecnico;2018;11;7;22;45;3
2018-02-12;Viveros;2018;10;NA;30;NA;3
2018-02-12;Pista Silla;2018;20;9;45;29;4
2018-02-13;Moli del Sol;2018;9;7;19;54;4
2018-02-13;Pista Silla;2018;38;10;32;46;4
2018-02-13;Avda. Francia;2018;13;7;36;50;4
2018-02-13;Viveros;2018;10;NA;23;NA;3
2018-02-13;Politecnico;2018;11;8;23;49;3
2018-02-14;Moli del Sol;2018;7;6;10;61;3
2018-02-14;Avda. Francia;2018;11;5;27;48;3
2018-02-14;Pista Silla;2018;38;10;25;45;3
2018-02-14;Politecnico;2018;10;7;17;47;3
2018-02-14;Viveros;2018;9;NA;18;NA;3
2018-02-15;Moli del Sol;2018;13;12;33;38;NA
2018-02-15;Pista Silla;2018;39;16;49;27;4
2018-02-15;Viveros;2018;16;NA;35;23;7
2018-02-15;Avda. Francia;2018;16;9;38;37;3
2018-02-15;Politecnico;2018;24;16;35;30;3
2018-02-16;Pista Silla;2018;61;39;68;11;8
2018-02-16;Avda. Francia;2018;36;26;53;20;3
2018-02-16;Moli del Sol;2018;35;34;49;17;NA
2018-02-16;Politecnico;2018;45;34;40;20;4
2018-02-16;Viveros;2018;33;NA;46;11;8
2018-02-17;Politecnico;2018;49;43;34;17;4
2018-02-17;Moli del Sol;2018;42;41;39;18;4
2018-02-17;Avda. Francia;2018;35;30;43;21;3
2018-02-17;Pista Silla;2018;56;43;50;15;4
2018-02-17;Viveros;2018;34;NA;36;10;12
2018-02-18;Moli del Sol;2018;13;12;16;51;3
2018-02-18;Pista Silla;2018;16;11;30;44;3
2018-02-18;Politecnico;2018;15;12;17;49;3
2018-02-18;Avda. Francia;2018;11;8;24;54;4
2018-02-18;Viveros;2018;10;NA;18;48;3
2018-02-19;Avda. Francia;2018;26;15;54;24;4
2018-02-19;Pista Silla;2018;42;22;57;21;5
2018-02-19;Viveros;2018;19;NA;41;25;5
2018-02-19;Moli del Sol;2018;16;15;36;30;3
2018-02-19;Politecnico;2018;24;16;38;25;3
2018-02-20;Viveros;2018;11;NA;24;46;8
2018-02-20;Pista Silla;2018;NA;NA;NA;NA;NA
2018-02-20;Avda. Francia;2018;14;6;35;43;3
2018-02-20;Politecnico;2018;13;7;21;42;3
2018-02-20;Moli del Sol;2018;8;7;24;45;3
2018-02-21;Pista Silla;2018;23;7;41;38;3
2018-02-21;Viveros;2018;9;NA;18;57;4
2018-02-21;Avda. Francia;2018;14;5;29;52;5
2018-02-21;Politecnico;2018;17;8;17;50;3
2018-02-21;Moli del Sol;2018;9;7;27;46;3
2018-02-22;Politecnico;2018;28;19;27;46;3
2018-02-22;Viveros;2018;NA;NA;34;46;9
2018-02-22;Pista Silla;2018;43;21;57;30;4
2018-02-22;Moli del Sol;2018;24;23;39;39;3
2018-02-22;Avda. Francia;2018;22;14;40;48;5
2018-02-23;Pista Silla;2018;59;28;64;32;5
2018-02-23;Moli del Sol;2018;28;26;37;46;3
2018-02-23;Politecnico;2018;32;21;30;48;3
2018-02-23;Avda. Francia;2018;27;16;41;54;3
2018-02-23;Viveros;2018;NA;NA;44;43;8
2018-02-24;Politecnico;2018;34;27;24;57;3
2018-02-24;Viveros;2018;20;NA;27;55;5
2018-02-24;Moli del Sol;2018;31;31;23;62;3
2018-02-24;Pista Silla;2018;50;32;49;45;3
2018-02-24;Avda. Francia;2018;27;20;34;61;3
2018-02-25;Viveros;2018;25;NA;33;51;5
2018-02-25;Pista Silla;2018;49;36;44;46;3
2018-02-25;Moli del Sol;2018;35;34;25;57;3
2018-02-25;Avda. Francia;2018;32;25;45;52;5
2018-02-25;Politecnico;2018;39;33;28;55;5
2018-02-26;Avda. Francia;2018;32;20;41;55;4
2018-02-26;Viveros;2018;NA;NA;38;48;6
2018-02-26;Moli del Sol;2018;31;30;40;43;4
2018-02-26;Politecnico;2018;39;26;28;52;5
2018-02-26;Pista Silla;2018;66;32;66;36;7
2018-02-27;Viveros;2018;12;NA;24;51;5
2018-02-27;Moli del Sol;2018;13;12;17;58;3
2018-02-27;Pista Silla;2018;22;14;35;44;3
2018-02-27;Politecnico;2018;18;13;19;49;3
2018-02-27;Avda. Francia;2018;17;11;33;48;4
2018-02-28;Avda. Francia;2018;15;12;43;32;3
2018-02-28;Viveros;2018;NA;NA;39;31;4
2018-02-28;Moli del Sol;2018;17;16;32;38;3
2018-02-28;Pista Silla;2018;29;21;57;25;4
2018-02-28;Politecnico;2018;19;15;33;34;3
2018-03-01;Politecnico;2018;47;40;33;26;3
2018-03-01;Viveros;2018;34;26;34;25;8
2018-03-01;Moli del Sol;2018;43;42;33;28;3
2018-03-01;Avda. Francia;2018;37;30;39;28;4
2018-03-01;Pista Silla;2018;64;48;48;23;4
2018-03-02;Pista Silla;2018;37;15;58;32;5
2018-03-02;Viveros;2018;33;7;36;41;3
2018-03-02;Avda. Francia;2018;16;9;43;43;3
2018-03-02;Moli del Sol;2018;12;11;33;48;3
2018-03-02;Politecnico;2018;21;13;29;NA;3
2018-03-03;Moli del Sol;2018;10;8;19;67;3
2018-03-03;Viveros;2018;16;7;28;59;10
2018-03-03;Politecnico;2018;14;11;23;67;3
2018-03-03;Avda. Francia;2018;11;7;35;59;3
2018-03-03;Pista Silla;2018;25;13;35;56;4
2018-03-04;Viveros;2018;16;7;26;51;3
2018-03-04;Moli del Sol;2018;9;8;19;57;3
2018-03-04;Pista Silla;2018;15;10;30;51;3
2018-03-04;Politecnico;2018;9;7;21;61;4
2018-03-04;Avda. Francia;2018;8;6;28;57;4
2018-03-05;Pista Silla;2018;13;4;31;60;3
2018-03-05;Avda. Francia;2018;5;3;21;68;4
2018-03-05;Politecnico;2018;6;4;15;74;4
2018-03-05;Moli del Sol;2018;4;3;10;76;3
2018-03-05;Viveros;2018;10;2;18;67;7
2018-03-06;Moli del Sol;2018;5;4;8;78;3
2018-03-06;Pista Silla;2018;21;5;26;63;3
2018-03-06;Avda. Francia;2018;7;3;21;69;6
2018-03-06;Viveros;2018;11;4;15;70;3
2018-03-06;Politecnico;2018;6;4;16;73;4
2018-03-07;Pista Silla;2018;30;7;37;49;3
2018-03-07;Viveros;2018;13;5;22;56;4
2018-03-07;Politecnico;2018;10;6;23;59;3
2018-03-07;Avda. Francia;2018;10;5;33;57;4
2018-03-07;Moli del Sol;2018;7;6;19;59;3
2018-03-08;Politecnico;2018;21;14;34;49;5
2018-03-08;Avda. Francia;2018;16;11;43;43;3
2018-03-08;Moli del Sol;2018;14;13;30;42;3
2018-03-08;Viveros;2018;16;10;33;41;3
2018-03-08;Pista Silla;2018;32;18;59;31;5
2018-03-09;Avda. Francia;2018;13;9;37;45;5
2018-03-09;Pista Silla;2018;42;20;54;35;4
2018-03-09;Moli del Sol;2018;15;13;24;52;3
2018-03-09;Viveros;2018;22;15;37;38;3
2018-03-09;Politecnico;2018;17;12;30;48;7
2018-03-10;Politecnico;2018;15;11;22;55;5
2018-03-10;Viveros;2018;23;15;28;45;3
2018-03-10;Moli del Sol;2018;11;10;16;60;3
2018-03-10;Pista Silla;2018;28;14;41;37;4
2018-03-10;Avda. Francia;2018;12;9;32;46;6
2018-03-11;Moli del Sol;2018;6;4;1;88;3
2018-03-11;Politecnico;2018;7;5;5;87;3
2018-03-11;Viveros;2018;16;7;5;84;4
2018-03-11;Avda. Francia;2018;7;4;11;82;3
2018-03-11;Pista Silla;2018;11;4;9;75;3
2018-03-12;Avda. Francia;2018;9;4;18;74;4
2018-03-12;Politecnico;2018;9;5;11;77;5
2018-03-12;Moli del Sol;2018;6;5;8;79;3
2018-03-12;Viveros;2018;14;8;13;75;3
2018-03-12;Pista Silla;2018;38;7;22;65;3
2018-03-13;Moli del Sol;2018;12;11;25;55;8
2018-03-13;Pista Silla;2018;34;15;40;44;4
2018-03-13;Avda. Francia;2018;16;10;34;51;4
2018-03-13;Politecnico;2018;20;13;26;54;6
2018-03-13;Viveros;2018;19;12;25;53;4
2018-03-14;Politecnico;2018;30;21;40;34;6
2018-03-14;Pista Silla;2018;60;29;67;20;9
2018-03-14;Moli del Sol;2018;20;19;45;28;7
2018-03-14;Avda. Francia;2018;23;17;50;32;3
2018-03-14;Viveros;2018;23;15;48;23;5
2018-03-15;Politecnico;2018;13;7;13;81;3
2018-03-15;Pista Silla;2018;NA;NA;NA;NA;NA
2018-03-15;Avda. Francia;2018;18;6;22;75;3
2018-03-15;Moli del Sol;2018;7;5;8;84;3
2018-03-15;Viveros;2018;12;7;14;76;4
2018-03-16;Viveros;2018;12;6;15;70;4
2018-03-16;Avda. Francia;2018;10;5;20;70;4
2018-03-16;Pista Silla;2018;49;10;31;59;3
2018-03-16;Moli del Sol;2018;7;5;10;76;5
2018-03-16;Politecnico;2018;11;7;12;76;3
2018-03-17;Moli del Sol;2018;8;6;5;77;5
2018-03-17;Viveros;2018;8;6;14;67;4
2018-03-17;Avda. Francia;2018;8;5;14;69;3
2018-03-17;Pista Silla;2018;29;8;19;62;3
2018-03-17;Politecnico;2018;9;7;11;73;3
2018-03-18;Politecnico;2018;10;8;12;72;3
2018-03-18;Viveros;2018;12;8;16;66;4
2018-03-18;Pista Silla;2018;34;11;25;56;5
2018-03-18;Avda. Francia;2018;9;7;21;65;4
2018-03-18;Moli del Sol;2018;6;6;8;74;3
2018-03-19;Pista Silla;2018;40;17;21;58;3
2018-03-19;Moli del Sol;2018;9;8;6;72;3
2018-03-19;Avda. Francia;2018;18;14;16;65;3
2018-03-19;Politecnico;2018;17;12;10;71;3
2018-03-19;Viveros;2018;22;17;12;65;5
2018-03-20;Politecnico;2018;11;9;7;83;3
2018-03-20;Moli del Sol;2018;7;6;5;83;4
2018-03-20;Viveros;2018;10;7;9;77;5
2018-03-20;Avda. Francia;2018;15;10;18;74;3
2018-03-20;Pista Silla;2018;19;7;28;66;4
2018-03-21;Avda. Francia;2018;18;11;29;73;4
2018-03-21;Politecnico;2018;21;14;20;77;3
2018-03-21;Moli del Sol;2018;14;12;13;79;7
2018-03-21;Viveros;2018;11;8;19;72;4
2018-03-21;Pista Silla;2018;40;16;46;57;6
2018-03-22;Moli del Sol;2018;14;12;26;64;4
2018-03-22;Pista Silla;2018;41;15;58;49;5
2018-03-22;Avda. Francia;2018;23;10;43;64;4
2018-03-22;Politecnico;2018;35;14;35;54;7
2018-03-22;Viveros;2018;22;10;32;58;4
2018-03-23;Moli del Sol;2018;17;13;18;59;4
2018-03-23;Viveros;2018;20;12;18;63;4
2018-03-23;Avda. Francia;2018;21;8;28;62;3
2018-03-23;Pista Silla;2018;63;15;34;56;3
2018-03-23;Politecnico;2018;27;11;21;54;4
2018-03-24;Moli del Sol;2018;11;5;1;86;3
2018-03-24;Pista Silla;2018;40;5;9;76;3
2018-03-24;Politecnico;2018;12;4;5;69;4
2018-03-24;Viveros;2018;17;9;5;81;4
2018-03-24;Avda. Francia;2018;10;3;12;78;3
2018-03-25;Avda. Francia;2018;7;4;18;67;3
2018-03-25;Pista Silla;2018;14;5;26;58;3
2018-03-25;Moli del Sol;2018;6;5;11;68;3
2018-03-25;Viveros;2018;9;4;14;66;4
2018-03-25;Politecnico;2018;13;7;11;59;4
2018-03-26;Avda. Francia;2018;10;5;39;55;4
2018-03-26;Pista Silla;2018;24;7;44;47;4
2018-03-26;Politecnico;2018;11;6;26;52;4
2018-03-26;Moli del Sol;2018;6;5;21;60;4
2018-03-26;Viveros;2018;13;7;27;57;7
2018-03-27;Viveros;2018;25;13;38;49;10
2018-03-27;Avda. Francia;2018;22;10;49;48;3
2018-03-27;Moli del Sol;2018;14;11;37;46;4
2018-03-27;Politecnico;2018;25;12;39;44;4
2018-03-27;Pista Silla;2018;39;14;63;37;5
2018-03-28;Politecnico;2018;25;10;30;39;6
2018-03-28;Avda. Francia;2018;21;8;41;45;4
2018-03-28;Moli del Sol;2018;14;11;20;49;3
2018-03-28;Pista Silla;2018;60;14;46;37;3
2018-03-28;Viveros;2018;NA;15;32;40;5
2018-03-29;Pista Silla;2018;49;13;28;47;3
2018-03-29;Viveros;2018;21;13;16;51;3
2018-03-29;Avda. Francia;2018;15;8;23;54;3
2018-03-29;Politecnico;2018;18;11;18;45;15
2018-03-29;Moli del Sol;2018;12;10;11;56;4
2018-03-30;Pista Silla;2018;60;10;7;84;3
2018-03-30;Moli del Sol;2018;11;7;1;94;3
2018-03-30;Avda. Francia;2018;13;5;10;88;3
2018-03-30;Politecnico;2018;16;6;5;76;7
2018-03-30;Viveros;2018;23;14;3;89;3
2018-03-31;Politecnico;2018;9;4;6;77;4
2018-03-31;Avda. Francia;2018;11;3;14;88;3
2018-03-31;Pista Silla;2018;45;7;10;85;3
2018-03-31;Moli del Sol;2018;9;5;2;94;3
2018-03-31;Viveros;2018;NA;16;6;89;7
2018-04-01;Pista Silla;2018;16;8;27;65;4
2018-04-01;Viveros;2018;15;8;15;73;5
2018-04-01;Avda. Francia;2018;9;6;24;71;3
2018-04-01;Politecnico;2018;13;8;13;66;3
2018-04-01;Moli del Sol;2018;8;7;11;74;3
2018-04-02;Viveros;2018;14;8;13;77;4
2018-04-02;Avda. Francia;2018;13;9;21;76;3
2018-04-02;Moli del Sol;2018;11;10;14;75;3
2018-04-02;Pista Silla;2018;24;12;29;68;4
2018-04-02;Politecnico;2018;16;11;13;68;4
2018-04-03;Moli del Sol;2018;15;13;20;56;3
2018-04-03;Pista Silla;2018;59;19;46;49;4
2018-04-03;Politecnico;2018;26;15;32;45;4
2018-04-03;Viveros;2018;22;16;28;53;3
2018-04-03;Avda. Francia;2018;25;13;41;52;4
2018-04-04;Moli del Sol;2018;12;9;5;82;3
2018-04-04;Pista Silla;2018;76;14;21;69;3
2018-04-04;Politecnico;2018;14;7;8;68;3
2018-04-04;Avda. Francia;2018;17;6;17;76;4
2018-04-04;Viveros;2018;24;19;9;77;4
2018-04-05;Politecnico;2018;11;7;18;66;4
2018-04-05;Moli del Sol;2018;10;8;22;62;3
2018-04-05;Avda. Francia;2018;11;6;30;63;3
2018-04-05;Viveros;2018;17;11;19;63;6
2018-04-05;Pista Silla;2018;35;10;42;51;5
2018-04-06;Avda. Francia;2018;16;13;27;63;3
2018-04-06;Pista Silla;2018;30;16;34;59;4
2018-04-06;Politecnico;2018;19;14;18;66;4
2018-04-06;Viveros;2018;19;10;14;67;3
2018-04-06;Moli del Sol;2018;15;14;20;61;4
2018-04-07;Viveros;2018;26;8;7;73;4
2018-04-07;Politecnico;2018;22;17;8;80;4
2018-04-07;Moli del Sol;2018;22;20;12;66;3
2018-04-07;Avda. Francia;2018;29;22;17;69;4
2018-04-07;Pista Silla;2018;31;21;19;68;3
2018-04-08;Avda. Francia;2018;5;4;15;69;3
2018-04-08;Pista Silla;2018;6;3;12;67;3
2018-04-08;Viveros;2018;6;5;5;73;3
2018-04-08;Politecnico;2018;5;4;7;74;7
2018-04-08;Moli del Sol;2018;5;4;2;79;3
2018-04-09;Politecnico;2018;6;4;5;90;5
2018-04-09;Avda. Francia;2018;5;4;12;88;4
2018-04-09;Viveros;2018;8;6;3;90;10
2018-04-09;Moli del Sol;2018;6;5;2;94;3
2018-04-09;Pista Silla;2018;10;4;10;83;3
2018-04-10;Avda. Francia;2018;8;5;26;68;3
2018-04-10;Pista Silla;2018;28;8;38;60;4
2018-04-10;Viveros;2018;8;4;21;71;5
2018-04-10;Moli del Sol;2018;6;5;12;76;4
2018-04-10;Politecnico;2018;7;5;15;77;11
2018-04-11;Viveros;2018;8;3;15;83;3
2018-04-11;Avda. Francia;2018;5;2;17;83;4
2018-04-11;Moli del Sol;2018;4;3;5;89;3
2018-04-11;Politecnico;2018;4;3;11;86;3
2018-04-11;Pista Silla;2018;14;3;19;78;3
2018-04-12;Avda. Francia;2018;8;5;21;74;3
2018-04-12;Politecnico;2018;7;6;13;77;3
2018-04-12;Viveros;2018;10;6;18;74;3
2018-04-12;Moli del Sol;2018;7;6;6;81;3
2018-04-12;Pista Silla;2018;27;8;22;69;4
2018-04-13;Viveros;2018;15;8;28;73;3
2018-04-13;Pista Silla;2018;28;12;36;66;4
2018-04-13;Avda. Francia;2018;12;8;24;76;3
2018-04-13;Politecnico;2018;10;8;17;80;3
2018-04-13;Moli del Sol;2018;10;9;15;80;3
2018-04-14;Avda. Francia;2018;20;16;22;68;3
2018-04-14;Pista Silla;2018;31;19;28;63;3
2018-04-14;Politecnico;2018;16;14;14;73;3
2018-04-14;Viveros;2018;21;11;22;69;3
2018-04-14;Moli del Sol;2018;18;17;14;69;3
2018-04-15;Politecnico;2018;12;11;12;68;3
2018-04-15;Avda. Francia;2018;14;11;18;61;3
2018-04-15;Moli del Sol;2018;13;12;7;68;3
2018-04-15;Viveros;2018;15;10;17;63;3
2018-04-15;Pista Silla;2018;35;16;16;61;3
2018-04-16;Avda. Francia;2018;7;4;22;68;5
2018-04-16;Moli del Sol;2018;6;6;13;71;3
2018-04-16;Pista Silla;2018;21;6;33;57;3
2018-04-16;Viveros;2018;11;6;24;66;3
2018-04-16;Politecnico;2018;7;5;16;70;3
2018-04-17;Pista Silla;2018;43;15;53;39;6
2018-04-17;Viveros;2018;20;12;40;46;3
2018-04-17;Moli del Sol;2018;11;10;21;48;3
2018-04-17;Politecnico;2018;14;10;30;51;5
2018-04-17;Avda. Francia;2018;16;9;45;46;3
2018-04-18;Pista Silla;2018;57;23;56;53;7
2018-04-18;Viveros;2018;22;15;33;65;3
2018-04-18;Moli del Sol;2018;19;18;19;63;3
2018-04-18;Politecnico;2018;24;22;28;66;6
2018-04-18;Avda. Francia;2018;24;18;43;59;4
2018-04-19;Avda. Francia;2018;33;25;28;79;3
2018-04-19;Moli del Sol;2018;27;26;15;77;3
2018-04-19;Pista Silla;2018;58;32;38;74;4
2018-04-19;Politecnico;2018;30;26;22;86;5
2018-04-19;Viveros;2018;30;17;21;85;3
2018-04-20;Viveros;2018;32;17;12;93;3
2018-04-20;Politecnico;2018;29;26;12;96;3
2018-04-20;Avda. Francia;2018;33;26;20;86;4
2018-04-20;Pista Silla;2018;61;38;26;86;3
2018-04-20;Moli del Sol;2018;32;30;14;85;3
2018-04-21;Politecnico;2018;33;27;20;74;5
2018-04-21;Avda. Francia;2018;39;29;44;58;3
2018-04-21;Pista Silla;2018;72;40;52;50;4
2018-04-21;Viveros;2018;38;19;26;69;3
2018-04-21;Moli del Sol;2018;31;29;NA;60;3
2018-04-22;Politecnico;2018;27;23;17;74;4
2018-04-22;Avda. Francia;2018;32;22;40;59;3
2018-04-22;Viveros;2018;34;16;17;72;3
2018-04-22;Pista Silla;2018;54;31;36;59;5
2018-04-22;Moli del Sol;2018;25;23;NA;68;3
2018-04-23;Pista Silla;2018;NA;NA;NA;NA;NA
2018-04-23;Avda. Francia;2018;38;22;35;67;3
2018-04-23;Moli del Sol;2018;25;22;NA;56;3
2018-04-23;Politecnico;2018;29;21;19;75;8
2018-04-23;Viveros;2018;45;19;29;63;3
2018-04-24;Avda. Francia;2018;38;25;44;63;3
2018-04-24;Pista Silla;2018;66;33;53;63;6
2018-04-24;Viveros;2018;40;22;33;69;3
2018-04-24;Moli del Sol;2018;27;24;NA;55;3
2018-04-24;Politecnico;2018;31;25;30;72;6
2018-04-25;Politecnico;2018;25;21;27;76;4
2018-04-25;Pista Silla;2018;59;30;47;63;4
2018-04-25;Viveros;2018;NA;21;24;81;3
2018-04-25;Avda. Francia;2018;35;21;39;67;3
2018-04-25;Moli del Sol;2018;23;21;37;65;3
2018-04-26;Pista Silla;2018;63;30;41;46;4
2018-04-26;Politecnico;2018;18;16;33;48;5
2018-04-26;Viveros;2018;NA;17;29;49;3
2018-04-26;Avda. Francia;2018;33;20;33;50;3
2018-04-26;Moli del Sol;2018;22;20;34;50;3
2018-04-27;Avda. Francia;2018;39;27;28;56;3
2018-04-27;Viveros;2018;52;24;24;56;3
2018-04-27;Pista Silla;2018;70;43;46;45;4
2018-04-27;Politecnico;2018;20;19;23;61;5
2018-04-27;Moli del Sol;2018;45;41;39;51;3
2018-04-28;Politecnico;2018;27;27;11;78;5
2018-04-28;Moli del Sol;2018;54;50;18;79;3
2018-04-28;Avda. Francia;2018;44;34;19;64;3
2018-04-28;Pista Silla;2018;66;51;27;68;3
2018-04-28;Viveros;2018;NA;29;12;76;3
2018-04-29;Politecnico;2018;10;7;7;81;8
2018-04-29;Viveros;2018;21;11;8;80;3
2018-04-29;Avda. Francia;2018;14;8;10;81;3
2018-04-29;Moli del Sol;2018;14;12;7;86;3
2018-04-29;Pista Silla;2018;37;12;10;78;3
2018-04-30;Viveros;2018;NA;7;14;78;3
2018-04-30;Moli del Sol;2018;7;5;11;85;3
2018-04-30;Avda. Francia;2018;9;4;15;81;3
2018-04-30;Pista Silla;2018;14;6;25;70;4
2018-04-30;Politecnico;2018;7;4;11;81;6
2018-05-01;Pista Silla;2018;8;4;18;80;4
2018-05-01;Viveros;2018;17;10;10;85;3
2018-05-01;Avda. Francia;2018;5;3;9;90;3
2018-05-01;Politecnico;2018;3;3;8;88;4
2018-05-01;Moli del Sol;2018;5;4;13;87;3
2018-05-02;Moli del Sol;2018;12;10;30;59;3
2018-05-02;Politecnico;2018;9;7;28;61;3
2018-05-02;Pista Silla;2018;39;13;54;47;5
2018-05-02;Avda. Francia;2018;21;9;45;52;5
2018-05-02;Viveros;2018;24;12;31;55;4
2018-05-03;Politecnico;2018;5;3;12;67;3
2018-05-03;Viveros;2018;18;10;17;59;3
2018-05-03;Avda. Francia;2018;13;5;24;59;4
2018-05-03;Pista Silla;2018;28;9;39;49;4
2018-05-03;Moli del Sol;2018;9;7;21;62;3
2018-05-04;Pista Silla;2018;26;9;46;46;5
2018-05-04;Avda. Francia;2018;17;7;37;54;4
2018-05-04;Politecnico;2018;5;4;22;59;3
2018-05-04;Viveros;2018;18;11;NA;54;3
2018-05-04;Moli del Sol;2018;11;9;28;61;3
2018-05-05;Moli del Sol;2018;17;16;27;59;3
2018-05-05;Pista Silla;2018;42;18;44;46;4
2018-05-05;Avda. Francia;2018;22;12;33;53;4
2018-05-05;Politecnico;2018;10;9;19;64;4
2018-05-05;Viveros;2018;23;15;NA;59;3
2018-05-06;Avda. Francia;2018;NA;NA;16;71;5
2018-05-06;Viveros;2018;23;14;NA;81;3
2018-05-06;Moli del Sol;2018;23;21;14;84;4
2018-05-06;Politecnico;2018;12;11;12;83;3
2018-05-06;Pista Silla;2018;36;23;24;72;4
2018-05-07;Politecnico;2018;16;15;23;70;3
2018-05-07;Moli del Sol;2018;31;29;31;64;3
2018-05-07;Avda. Francia;2018;NA;NA;28;58;3
2018-05-07;Viveros;2018;25;20;NA;62;3
2018-05-07;Pista Silla;2018;53;33;50;50;5
2018-05-08;Avda. Francia;2018;NA;NA;52;47;3
2018-05-08;Pista Silla;2018;63;33;70;38;5
2018-05-08;Moli del Sol;2018;34;31;39;47;3
2018-05-08;Viveros;2018;32;21;NA;51;4
2018-05-08;Politecnico;2018;16;15;28;72;3
2018-05-09;Pista Silla;2018;48;33;45;53;4
2018-05-09;Politecnico;2018;21;20;25;69;3
2018-05-09;Viveros;2018;31;24;NA;67;3
2018-05-09;Avda. Francia;2018;36;26;33;56;4
2018-05-09;Moli del Sol;2018;40;38;22;68;3
2018-05-10;Pista Silla;2018;37;27;50;52;5
2018-05-10;Avda. Francia;2018;33;20;26;61;3
2018-05-10;Politecnico;2018;13;12;19;70;4
2018-05-10;Viveros;2018;27;18;NA;64;3
2018-05-10;Moli del Sol;2018;35;33;23;65;3
2018-05-11;Pista Silla;2018;44;27;39;52;3
2018-05-11;Politecnico;2018;13;12;21;60;4
2018-05-11;Viveros;2018;29;17;NA;59;3
2018-05-11;Avda. Francia;2018;32;18;27;55;4
2018-05-11;Moli del Sol;2018;30;28;19;64;3
2018-05-12;Pista Silla;2018;58;32;27;63;3
2018-05-12;Politecnico;2018;13;11;14;72;4
2018-05-12;Viveros;2018;33;23;NA;68;3
2018-05-12;Avda. Francia;2018;34;20;20;63;3
2018-05-12;Moli del Sol;2018;34;30;15;67;4
2018-05-13;Moli del Sol;2018;11;9;5;89;3
2018-05-13;Pista Silla;2018;21;10;17;82;3
2018-05-13;Viveros;2018;19;12;NA;84;3
2018-05-13;Politecnico;2018;8;6;8;91;9
2018-05-13;Avda. Francia;2018;17;8;12;87;4
2018-05-14;Politecnico;2018;7;5;21;68;11
2018-05-14;Viveros;2018;24;15;NA;59;3
2018-05-14;Pista Silla;2018;45;14;39;54;4
2018-05-14;Avda. Francia;2018;22;9;34;60;3
2018-05-14;Moli del Sol;2018;17;14;17;60;3
2018-05-15;Avda. Francia;2018;16;6;26;73;3
2018-05-15;Moli del Sol;2018;10;8;11;77;3
2018-05-15;Politecnico;2018;5;3;14;82;6
2018-05-15;Viveros;2018;19;12;28;72;3
2018-05-15;Pista Silla;2018;23;8;34;67;4
2018-05-16;Pista Silla;2018;29;13;53;49;8
2018-05-16;Viveros;2018;NA;NA;30;60;5
2018-05-16;Moli del Sol;2018;15;13;34;51;4
2018-05-16;Politecnico;2018;5;5;16;71;5
2018-05-16;Avda. Francia;2018;14;8;29;63;4
2018-05-17;Moli del Sol;2018;14;12;34;75;3
2018-05-17;Pista Silla;2018;32;13;53;59;5
2018-05-17;Politecnico;2018;7;6;28;72;3
2018-05-17;Viveros;2018;NA;NA;33;73;3
2018-05-17;Avda. Francia;2018;20;9;38;64;7
2018-05-18;Pista Silla;2018;44;23;50;72;5
2018-05-18;Politecnico;2018;11;10;19;96;3
2018-05-18;Viveros;2018;NA;NA;23;90;3
2018-05-18;Avda. Francia;2018;22;14;27;79;4
2018-05-18;Moli del Sol;2018;23;22;32;82;5
2018-05-19;Viveros;2018;NA;NA;19;91;3
2018-05-19;Moli del Sol;2018;25;24;23;87;3
2018-05-19;Avda. Francia;2018;23;17;23;80;3
2018-05-19;Pista Silla;2018;37;26;44;73;4
2018-05-19;Politecnico;2018;15;14;12;101;3
2018-05-20;Avda. Francia;2018;23;18;21;82;5
2018-05-20;Politecnico;2018;NA;NA;NA;NA;NA
2018-05-20;Pista Silla;2018;36;26;32;83;4
2018-05-20;Viveros;2018;NA;NA;14;97;3
2018-05-20;Moli del Sol;2018;24;23;19;91;3
2018-05-21;Pista Silla;2018;53;31;51;71;4
2018-05-21;Avda. Francia;2018;29;20;33;74;3
2018-05-21;Moli del Sol;2018;29;28;27;80;4
2018-05-21;Politecnico;2018;NA;NA;NA;NA;NA
2018-05-21;Viveros;2018;NA;NA;27;88;3
2018-05-22;Moli del Sol;2018;25;23;25;68;5
2018-05-22;Politecnico;2018;NA;NA;20;89;6
2018-05-22;Pista Silla;2018;49;26;58;61;5
2018-05-22;Avda. Francia;2018;26;17;39;66;3
2018-05-22;Viveros;2018;NA;NA;30;76;3
2018-05-23;Pista Silla;2018;44;32;37;78;4
2018-05-23;Moli del Sol;2018;32;31;11;85;3
2018-05-23;Politecnico;2018;NA;NA;14;97;4
2018-05-23;Viveros;2018;NA;NA;16;93;3
2018-05-23;Avda. Francia;2018;26;21;19;76;3
2018-05-24;Viveros;2018;NA;NA;14;89;3
2018-05-24;Avda. Francia;2018;21;14;16;78;5
2018-05-24;Moli del Sol;2018;22;21;NA;79;4
2018-05-24;Pista Silla;2018;36;21;31;79;4
2018-05-24;Politecnico;2018;NA;NA;12;89;3
2018-05-25;Politecnico;2018;NA;NA;8;97;3
2018-05-25;Viveros;2018;NA;NA;13;90;3
2018-05-25;Avda. Francia;2018;31;19;14;78;3
2018-05-25;Moli del Sol;2018;32;28;13;87;3
2018-05-25;Pista Silla;2018;49;26;20;82;3
2018-05-26;Viveros;2018;NA;NA;10;80;3
2018-05-26;Avda. Francia;2018;37;24;7;71;3
2018-05-26;Moli del Sol;2018;42;38;7;82;3
2018-05-26;Politecnico;2018;NA;NA;6;86;3
2018-05-26;Pista Silla;2018;57;36;21;74;3
2018-05-27;Moli del Sol;2018;28;26;7;65;3
2018-05-27;Viveros;2018;NA;NA;15;64;3
2018-05-27;Pista Silla;2018;37;25;20;59;3
2018-05-27;Politecnico;2018;NA;NA;10;71;3
2018-05-27;Avda. Francia;2018;25;16;14;56;3
2018-05-28;Moli del Sol;2018;18;17;16;61;3
2018-05-28;Politecnico;2018;NA;NA;16;68;3
2018-05-28;Pista Silla;2018;27;16;34;55;3
2018-05-28;Viveros;2018;NA;NA;23;57;3
2018-05-28;Avda. Francia;2018;17;11;22;53;3
2018-05-29;Avda. Francia;2018;24;17;18;59;3
2018-05-29;Politecnico;2018;NA;NA;10;76;3
2018-05-29;Pista Silla;2018;38;28;33;57;3
2018-05-29;Moli del Sol;2018;28;26;13;61;3
2018-05-29;Viveros;2018;NA;NA;14;69;3
2018-05-30;Moli del Sol;2018;12;11;11;76;3
2018-05-30;Politecnico;2018;NA;NA;12;89;3
2018-05-30;Viveros;2018;NA;NA;17;81;3
2018-05-30;Avda. Francia;2018;17;10;26;68;4
2018-05-30;Pista Silla;2018;34;15;44;61;4
2018-05-31;Moli del Sol;2018;17;16;16;68;3
2018-05-31;Avda. Francia;2018;19;12;33;59;3
2018-05-31;Politecnico;2018;NA;NA;18;78;7
2018-05-31;Pista Silla;2018;36;19;48;56;4
2018-05-31;Viveros;2018;NA;NA;21;78;3
2018-06-01;Moli del Sol;2018;21;19;11;74;3
2018-06-01;Viveros;2018;19;11;15;81;3
2018-06-01;Politecnico;2018;NA;NA;12;85;6
2018-06-01;Avda. Francia;2018;18;13;18;73;3
2018-06-01;Pista Silla;2018;30;19;40;65;4
2018-06-02;Avda. Francia;2018;17;12;12;67;3
2018-06-02;Viveros;2018;NA;9;14;72;3
2018-06-02;Moli del Sol;2018;20;19;NA;70;3
2018-06-02;Pista Silla;2018;29;21;32;62;3
2018-06-02;Politecnico;2018;NA;NA;11;77;5
2018-06-03;Avda. Francia;2018;8;6;7;70;3
2018-06-03;Pista Silla;2018;12;9;19;76;3
2018-06-03;Moli del Sol;2018;10;9;NA;85;3
2018-06-03;Politecnico;2018;NA;NA;6;90;3
2018-06-03;Viveros;2018;11;NA;5;84;3
2018-06-04;Avda. Francia;2018;14;8;21;53;3
2018-06-04;Moli del Sol;2018;10;9;NA;60;3
2018-06-04;Viveros;2018;17;9;16;59;3
2018-06-04;Pista Silla;2018;37;13;26;55;3
2018-06-04;Politecnico;2018;NA;NA;15;65;5
2018-06-05;Politecnico;2018;NA;NA;14;73;6
2018-06-05;Moli del Sol;2018;6;4;NA;74;3
2018-06-05;Viveros;2018;NA;6;14;69;3
2018-06-05;Avda. Francia;2018;8;3;19;65;4
2018-06-05;Pista Silla;2018;36;7;25;63;3
2018-06-06;Moli del Sol;2018;8;7;NA;71;3
2018-06-06;Viveros;2018;16;7;11;73;3
2018-06-06;Pista Silla;2018;19;7;33;58;4
2018-06-06;Avda. Francia;2018;10;5;20;62;4
2018-06-06;Politecnico;2018;NA;NA;11;76;4
2018-06-07;Politecnico;2018;15;8;13;68;5
2018-06-07;Moli del Sol;2018;NA;NA;NA;61;3
2018-06-07;Viveros;2018;15;7;17;60;3
2018-06-07;Avda. Francia;2018;12;6;27;51;3
2018-06-07;Pista Silla;2018;20;9;38;51;4
2018-06-08;Moli del Sol;2018;15;11;37;70;3
2018-06-08;Pista Silla;2018;31;18;40;61;4
2018-06-08;Viveros;2018;NA;NA;NA;NA;NA
2018-06-08;Avda. Francia;2018;20;13;27;59;3
2018-06-08;Politecnico;2018;29;19;13;79;NA
2018-06-09;Moli del Sol;2018;14;11;27;74;3
2018-06-09;Viveros;2018;NA;NA;NA;NA;NA
2018-06-09;Politecnico;2018;29;21;9;84;NA
2018-06-09;Avda. Francia;2018;19;14;18;64;3
2018-06-09;Pista Silla;2018;31;21;34;64;3
2018-06-10;Avda. Francia;2018;17;12;19;61;3
2018-06-10;Politecnico;2018;27;18;11;74;NA
2018-06-10;Viveros;2018;18;9;NA;NA;NA
2018-06-10;Pista Silla;2018;27;17;26;63;3
2018-06-10;Moli del Sol;2018;12;9;24;69;3
2018-06-11;Politecnico;2018;16;7;11;69;NA
2018-06-11;Moli del Sol;2018;7;3;19;67;3
2018-06-11;Pista Silla;2018;33;8;25;58;3
2018-06-11;Viveros;2018;NA;10;19;63;3
2018-06-11;Avda. Francia;2018;12;5;23;61;3
2018-06-12;Viveros;2018;NA;NA;22;73;3
2018-06-12;Avda. Francia;2018;18;6;30;63;3
2018-06-12;Pista Silla;2018;23;9;39;59;4
2018-06-12;Politecnico;2018;19;9;15;76;NA
2018-06-12;Moli del Sol;2018;7;3;27;70;3
2018-06-13;Pista Silla;2018;21;9;41;72;3
2018-06-13;Avda. Francia;2018;16;7;28;78;3
2018-06-13;Politecnico;2018;21;10;12;94;3
2018-06-13;Moli del Sol;2018;9;4;25;85;3
2018-06-13;Viveros;2018;NA;10;25;84;4
2018-06-14;Viveros;2018;20;11;25;71;3
2018-06-14;Politecnico;2018;19;10;11;85;3
2018-06-14;Avda. Francia;2018;18;8;31;65;3
2018-06-14;Pista Silla;2018;23;9;51;52;5
2018-06-14;Moli del Sol;2018;10;6;31;72;3
2018-06-15;Avda. Francia;2018;21;11;35;58;5
2018-06-15;Pista Silla;2018;31;11;45;55;4
2018-06-15;Viveros;2018;27;13;21;73;3
2018-06-15;Politecnico;2018;27;16;14;76;3
2018-06-15;Moli del Sol;2018;12;8;35;68;3
2018-06-16;Moli del Sol;2018;12;10;21;79;3
2018-06-16;Avda. Francia;2018;16;10;17;68;3
2018-06-16;Pista Silla;2018;21;10;25;67;3
2018-06-16;Viveros;2018;25;11;9;80;3
2018-06-16;Politecnico;2018;25;17;7;79;3
2018-06-17;Moli del Sol;2018;9;6;23;69;3
2018-06-17;Politecnico;2018;22;14;10;71;3
2018-06-17;Pista Silla;2018;18;8;28;60;3
2018-06-17;Avda. Francia;2018;14;9;22;61;5
2018-06-17;Viveros;2018;24;10;16;71;3
2018-06-18;Viveros;2018;19;10;12;67;3
2018-06-18;Avda. Francia;2018;14;8;24;55;4
2018-06-18;Moli del Sol;2018;12;6;30;59;3
2018-06-18;Pista Silla;2018;22;6;42;46;5
2018-06-18;Politecnico;2018;21;12;9;68;4
2018-06-19;Pista Silla;2018;24;9;41;40;4
2018-06-19;Avda. Francia;2018;18;9;25;51;3
2018-06-19;Viveros;2018;9;13;16;59;3
2018-06-19;Moli del Sol;2018;10;6;33;53;3
2018-06-19;Politecnico;2018;24;15;10;63;5
2018-06-20;Politecnico;2018;22;13;9;74;3
2018-06-20;Avda. Francia;2018;17;8;32;51;4
2018-06-20;Pista Silla;2018;25;9;53;37;4
2018-06-20;Viveros;2018;21;13;20;57;3
2018-06-20;Moli del Sol;2018;12;10;32;50;3
2018-06-21;Avda. Francia;2018;20;10;NA;48;5
2018-06-21;Moli del Sol;2018;15;13;NA;64;3
2018-06-21;Viveros;2018;22;14;NA;61;3
2018-06-21;Politecnico;2018;24;14;17;71;3
2018-06-21;Pista Silla;2018;32;9;52;49;4
2018-06-22;Pista Silla;2018;45;14;54;56;4
2018-06-22;Avda. Francia;2018;29;12;NA;63;5
2018-06-22;Politecnico;2018;31;17;17;86;3
2018-06-22;Viveros;2018;29;19;NA;71;3
2018-06-22;Moli del Sol;2018;20;17;NA;69;3
2018-06-23;Viveros;2018;20;12;NA;95;3
2018-06-23;Moli del Sol;2018;19;16;NA;85;3
2018-06-23;Pista Silla;2018;23;11;19;72;3
2018-06-23;Avda. Francia;2018;17;11;NA;77;3
2018-06-23;Politecnico;2018;27;17;8;88;3
2018-06-24;Moli del Sol;2018;16;14;NA;84;3
2018-06-24;Viveros;2018;19;10;NA;91;3
2018-06-24;Pista Silla;2018;19;9;24;68;3
2018-06-24;Avda. Francia;2018;15;9;12;78;4
2018-06-24;Politecnico;2018;25;16;5;91;NA
2018-06-25;Politecnico;2018;30;18;12;76;9
2018-06-25;Pista Silla;2018;30;12;37;56;3
2018-06-25;Viveros;2018;24;15;NA;78;3
2018-06-25;Moli del Sol;2018;20;17;NA;70;3
2018-06-25;Avda. Francia;2018;19;11;25;66;3
2018-06-26;Viveros;2018;22;14;NA;91;3
2018-06-26;Moli del Sol;2018;23;19;NA;80;3
2018-06-26;Pista Silla;2018;26;11;30;68;3
2018-06-26;Politecnico;2018;29;17;10;85;4
2018-06-26;Avda. Francia;2018;16;10;16;78;3
2018-06-27;Avda. Francia;2018;21;10;26;72;3
2018-06-27;Pista Silla;2018;35;11;38;63;3
2018-06-27;Moli del Sol;2018;21;17;19;82;3
2018-06-27;Politecnico;2018;28;16;10;91;3
2018-06-27;Viveros;2018;26;10;NA;92;3
2018-06-28;Pista Silla;2018;36;15;37;58;3
2018-06-28;Politecnico;2018;35;22;9;82;3
2018-06-28;Viveros;2018;NA;14;16;83;3
2018-06-28;Avda. Francia;2018;21;13;13;76;3
2018-06-28;Moli del Sol;2018;27;23;20;76;3
2018-06-29;Moli del Sol;2018;17;15;12;83;3
2018-06-29;Avda. Francia;2018;14;9;13;74;4
2018-06-29;Viveros;2018;23;9;6;90;3
2018-06-29;Politecnico;2018;26;15;8;83;NA
2018-06-29;Pista Silla;2018;25;9;29;64;3
2018-06-30;Moli del Sol;2018;19;16;9;84;3
2018-06-30;Politecnico;2018;24;15;6;86;NA
2018-06-30;Viveros;2018;NA;9;7;90;3
2018-06-30;Pista Silla;2018;22;10;20;68;3
2018-06-30;Avda. Francia;2018;15;9;12;76;3
2018-07-01;Politecnico;2018;32;21;5;79;NA
2018-07-01;Viveros;2018;28;12;8;83;3
2018-07-01;Avda. Francia;2018;21;14;14;67;4
2018-07-01;Pista Silla;2018;25;13;17;60;3
2018-07-01;Moli del Sol;2018;24;21;8;75;3
2018-07-02;Avda. Francia;2018;33;12;24;56;3
2018-07-02;Politecnico;2018;44;21;18;59;NA
2018-07-02;Viveros;2018;37;17;28;59;3
2018-07-02;Moli del Sol;2018;23;18;19;60;3
2018-07-02;Pista Silla;2018;58;14;41;49;3
2018-07-03;Moli del Sol;2018;32;26;18;65;4
2018-07-03;Pista Silla;2018;40;16;35;43;3
2018-07-03;Avda. Francia;2018;25;14;17;63;4
2018-07-03;Politecnico;2018;39;22;10;70;4
2018-07-03;Viveros;2018;NA;15;12;74;3
2018-07-04;Moli del Sol;2018;29;25;17;80;4
2018-07-04;Avda. Francia;2018;21;14;17;75;3
2018-07-04;Politecnico;2018;35;25;8;81;3
2018-07-04;Pista Silla;2018;29;16;34;54;3
2018-07-04;Viveros;2018;NA;16;15;84;3
2018-07-05;Viveros;2018;32;15;19;77;3
2018-07-05;Avda. Francia;2018;20;8;27;67;3
2018-07-05;Politecnico;2018;28;13;12;77;3
2018-07-05;Pista Silla;2018;40;10;47;47;4
2018-07-05;Moli del Sol;2018;16;13;26;71;3
2018-07-06;Moli del Sol;2018;29;23;20;65;3
2018-07-06;Pista Silla;2018;30;13;39;45;3
2018-07-06;Avda. Francia;2018;20;11;17;60;3
2018-07-06;Politecnico;2018;29;17;11;64;NA
2018-07-06;Viveros;2018;29;13;14;71;3
2018-07-07;Avda. Francia;2018;15;10;10;66;3
2018-07-07;Pista Silla;2018;20;10;25;53;3
2018-07-07;Moli del Sol;2018;21;18;13;71;3
2018-07-07;Politecnico;2018;25;17;5;75;NA
2018-07-07;Viveros;2018;22;10;10;75;3
2018-07-08;Politecnico;2018;23;15;7;76;NA
2018-07-08;Avda. Francia;2018;16;10;13;65;3
2018-07-08;Pista Silla;2018;22;10;26;54;3
2018-07-08;Viveros;2018;23;12;13;73;3
2018-07-08;Moli del Sol;2018;15;13;14;70;3
2018-07-09;Moli del Sol;2018;19;NA;24;68;3
2018-07-09;Avda. Francia;2018;29;11;24;65;3
2018-07-09;Politecnico;2018;35;17;15;73;5
2018-07-09;Viveros;2018;34;17;26;71;3
2018-07-09;Pista Silla;2018;45;12;43;52;3
2018-07-10;Pista Silla;2018;32;11;41;54;3
2018-07-10;Avda. Francia;2018;18;10;19;71;3
2018-07-10;Viveros;2018;23;10;18;81;3
2018-07-10;Moli del Sol;2018;18;NA;20;76;3
2018-07-10;Politecnico;2018;28;17;10;81;3
2018-07-11;Pista Silla;2018;NA;NA;NA;NA;NA
2018-07-11;Moli del Sol;2018;23;21;16;71;3
2018-07-11;Politecnico;2018;30;21;8;77;3
2018-07-11;Avda. Francia;2018;20;13;12;68;3
2018-07-11;Viveros;2018;27;14;12;76;3
2018-07-12;Moli del Sol;2018;21;19;15;76;3
2018-07-12;Politecnico;2018;30;20;7;84;3
2018-07-12;Viveros;2018;23;13;11;85;3
2018-07-12;Avda. Francia;2018;19;12;13;75;3
2018-07-12;Pista Silla;2018;29;13;35;42;3
2018-07-13;Moli del Sol;2018;21;18;11;81;3
2018-07-13;Politecnico;2018;29;19;8;78;3
2018-07-13;Pista Silla;2018;24;12;24;45;3
2018-07-13;Viveros;2018;24;11;9;82;3
2018-07-13;Avda. Francia;2018;21;13;13;70;4
2018-07-14;Moli del Sol;2018;25;22;12;68;3
2018-07-14;Pista Silla;2018;29;15;21;39;3
2018-07-14;Avda. Francia;2018;22;14;13;61;4
2018-07-14;Politecnico;2018;36;24;8;70;3
2018-07-14;Viveros;2018;26;NA;14;72;3
2018-07-15;Avda. Francia;2018;31;18;16;62;4
2018-07-15;Viveros;2018;32;17;15;72;3
2018-07-15;Moli del Sol;2018;28;24;13;63;3
2018-07-15;Politecnico;2018;47;31;9;66;3
2018-07-15;Pista Silla;2018;37;18;23;41;3
2018-07-16;Moli del Sol;2018;17;12;14;77;4
2018-07-16;Pista Silla;2018;56;10;35;51;3
2018-07-16;Viveros;2018;33;18;18;80;3
2018-07-16;Avda. Francia;2018;31;9;22;78;3
2018-07-16;Politecnico;2018;31;12;10;80;4
2018-07-17;Viveros;2018;NA;12;15;78;5
2018-07-17;Avda. Francia;2018;18;9;18;70;3
2018-07-17;Pista Silla;2018;28;10;37;45;3
2018-07-17;Moli del Sol;2018;16;13;19;73;4
2018-07-17;Politecnico;2018;29;15;11;75;5
2018-07-18;Moli del Sol;2018;19;16;19;71;3
2018-07-18;Politecnico;2018;29;16;9;78;NA
2018-07-18;Pista Silla;2018;31;12;42;42;3
2018-07-18;Viveros;2018;27;13;21;74;3
2018-07-18;Avda. Francia;2018;20;11;20;70;3
2018-07-19;Pista Silla;2018;32;13;35;59;3
2018-07-19;Politecnico;2018;30;18;8;79;NA
2018-07-19;Moli del Sol;2018;23;20;17;73;3
2018-07-19;Viveros;2018;26;12;14;79;3
2018-07-19;Avda. Francia;2018;20;12;16;69;3
2018-07-20;Avda. Francia;2018;23;14;11;70;4
2018-07-20;Pista Silla;2018;34;15;33;69;3
2018-07-20;Politecnico;2018;35;21;6;79;5
2018-07-20;Viveros;2018;27;12;9;80;3
2018-07-20;Moli del Sol;2018;27;23;16;67;3
2018-07-21;Viveros;2018;24;11;5;77;3
2018-07-21;Avda. Francia;2018;18;11;10;69;5
2018-07-21;Pista Silla;2018;24;12;19;74;3
2018-07-21;Moli del Sol;2018;22;19;10;69;3
2018-07-21;Politecnico;2018;28;18;5;74;5
2018-07-22;Pista Silla;2018;15;5;16;94;3
2018-07-22;Viveros;2018;18;8;3;87;3
2018-07-22;Avda. Francia;2018;15;7;8;79;3
2018-07-22;Politecnico;2018;19;10;6;83;6
2018-07-22;Moli del Sol;2018;11;9;8;83;3
2018-07-23;Pista Silla;2018;28;9;36;65;3
2018-07-23;Politecnico;2018;25;13;10;69;6
2018-07-23;Avda. Francia;2018;21;9;21;61;3
2018-07-23;Moli del Sol;2018;17;14;17;63;4
2018-07-23;Viveros;2018;NA;12;18;64;3
2018-07-24;Avda. Francia;2018;20;12;16;61;5
2018-07-24;Pista Silla;2018;28;13;30;65;3
2018-07-24;Viveros;2018;NA;10;10;78;3
2018-07-24;Moli del Sol;2018;24;20;17;64;3
2018-07-24;Politecnico;2018;29;19;9;68;5
2018-07-25;Politecnico;2018;27;18;6;70;5
2018-07-25;Avda. Francia;2018;18;12;11;66;3
2018-07-25;Moli del Sol;2018;24;20;12;68;3
2018-07-25;Pista Silla;2018;23;12;26;72;NA
2018-07-25;Viveros;2018;23;12;7;77;3
2018-07-26;Politecnico;2018;30;21;10;67;6
2018-07-26;Avda. Francia;2018;20;14;14;68;4
2018-07-26;Pista Silla;2018;28;15;34;76;NA
2018-07-26;Moli del Sol;2018;27;24;18;67;3
2018-07-26;Viveros;2018;NA;15;19;73;3
2018-07-27;Moli del Sol;2018;24;21;18;60;3
2018-07-27;Politecnico;2018;29;19;7;64;6
2018-07-27;Avda. Francia;2018;19;12;15;60;3
2018-07-27;Viveros;2018;27;13;17;65;3
2018-07-27;Pista Silla;2018;28;14;35;64;NA
2018-07-28;Avda. Francia;2018;23;15;13;64;3
2018-07-28;Politecnico;2018;34;23;8;68;7
2018-07-28;Viveros;2018;NA;19;15;73;3
2018-07-28;Pista Silla;2018;33;17;25;78;NA
2018-07-28;Moli del Sol;2018;28;25;16;64;3
2018-07-29;Politecnico;2018;33;24;4;76;7
2018-07-29;Moli del Sol;2018;31;28;7;74;4
2018-07-29;Pista Silla;2018;27;17;17;88;NA
2018-07-29;Viveros;2018;30;22;8;81;3
2018-07-29;Avda. Francia;2018;22;16;10;69;4
2018-07-30;Moli del Sol;2018;30;27;17;53;4
2018-07-30;Avda. Francia;2018;21;15;15;55;3
2018-07-30;Pista Silla;2018;28;16;38;53;NA
2018-07-30;Politecnico;2018;33;23;7;57;7
2018-07-30;Viveros;2018;NA;NA;12;63;4
2018-07-31;Avda. Francia;2018;20;14;16;51;3
2018-07-31;Moli del Sol;2018;29;26;19;50;3
2018-07-31;Politecnico;2018;31;22;9;48;7
2018-07-31;Pista Silla;2018;29;16;34;52;NA
2018-07-31;Viveros;2018;NA;NA;15;58;3
2018-08-01;Avda. Francia;2018;18;13;14;56;3
2018-08-01;Viveros;2018;26;13;12;63;3
2018-08-01;Moli del Sol;2018;25;23;18;47;3
2018-08-01;Politecnico;2018;28;20;7;52;NA
2018-08-01;Pista Silla;2018;26;15;34;55;4
2018-08-02;Pista Silla;2018;36;15;56;43;4
2018-08-02;Politecnico;2018;33;21;13;49;3
2018-08-02;Viveros;2018;33;16;32;52;3
2018-08-02;Avda. Francia;2018;22;13;NA;46;3
2018-08-02;Moli del Sol;2018;23;20;30;46;3
2018-08-03;Politecnico;2018;32;21;15;55;3
2018-08-03;Pista Silla;2018;47;16;42;58;5
2018-08-03;Viveros;2018;34;18;26;64;4
2018-08-03;Moli del Sol;2018;24;21;25;58;3
2018-08-03;Avda. Francia;2018;25;14;NA;55;3
2018-08-04;Moli del Sol;2018;21;18;20;71;4
2018-08-04;Avda. Francia;2018;25;14;NA;64;3
2018-08-04;Pista Silla;2018;33;14;37;78;4
2018-08-04;Politecnico;2018;32;21;11;65;4
2018-08-04;Viveros;2018;28;16;25;74;3
2018-08-05;Viveros;2018;NA;NA;15;101;3
2018-08-05;Pista Silla;2018;25;11;27;112;4
2018-08-05;Avda. Francia;2018;23;12;14;86;3
2018-08-05;Politecnico;2018;NA;NA;NA;NA;NA
2018-08-05;Moli del Sol;2018;19;16;12;93;3
2018-08-06;Politecnico;2018;33;20;7;97;NA
2018-08-06;Pista Silla;2018;31;16;43;86;4
2018-08-06;Moli del Sol;2018;25;23;26;76;3
2018-08-06;Viveros;2018;NA;NA;21;94;3
2018-08-06;Avda. Francia;2018;NA;NA;NA;NA;NA
2018-08-07;Moli del Sol;2018;25;22;22;73;3
2018-08-07;Politecnico;2018;34;20;9;72;3
2018-08-07;Avda. Francia;2018;NA;NA;NA;NA;NA
2018-08-07;Viveros;2018;NA;NA;21;81;3
2018-08-07;Pista Silla;2018;26;13;35;82;5
2018-08-08;Politecnico;2018;28;19;11;48;3
2018-08-08;Pista Silla;2018;22;12;37;55;4
2018-08-08;Moli del Sol;2018;24;21;24;46;3
2018-08-08;Viveros;2018;NA;NA;23;52;3
2018-08-08;Avda. Francia;2018;20;13;NA;NA;3
2018-08-09;Politecnico;2018;35;22;9;52;3
2018-08-09;Pista Silla;2018;25;13;29;57;4
2018-08-09;Moli del Sol;2018;25;22;16;54;3
2018-08-09;Viveros;2018;NA;NA;26;51;3
2018-08-09;Avda. Francia;2018;25;15;NA;NA;3
2018-08-10;Politecnico;2018;31;16;4;56;3
2018-08-10;Moli del Sol;2018;20;16;9;66;3
2018-08-10;Avda. Francia;2018;21;11;NA;NA;6
2018-08-10;Viveros;2018;NA;NA;7;69;3
2018-08-10;Pista Silla;2018;16;7;12;NA;4
2018-08-11;Moli del Sol;2018;21;18;11;63;3
2018-08-11;Politecnico;2018;23;16;5;64;3
2018-08-11;Pista Silla;2018;15;9;24;NA;4
2018-08-11;Avda. Francia;2018;16;11;NA;58;3
2018-08-11;Viveros;2018;NA;NA;9;67;3
2018-08-12;Politecnico;2018;25;17;6;54;3
2018-08-12;Moli del Sol;2018;21;18;9;54;3
2018-08-12;Viveros;2018;NA;NA;10;51;3
2018-08-12;Pista Silla;2018;15;10;16;NA;4
2018-08-12;Avda. Francia;2018;17;12;NA;49;3
2018-08-13;Moli del Sol;2018;24;20;12;66;3
2018-08-13;Politecnico;2018;29;18;8;60;3
2018-08-13;Viveros;2018;NA;NA;13;73;3
2018-08-13;Pista Silla;2018;27;12;26;NA;4
2018-08-13;Avda. Francia;2018;21;12;NA;60;3
2018-08-14;Moli del Sol;2018;17;14;12;50;3
2018-08-14;Politecnico;2018;24;14;6;46;3
2018-08-14;Pista Silla;2018;16;8;23;NA;3
2018-08-14;Viveros;2018;20;8;11;53;3
2018-08-14;Avda. Francia;2018;16;9;NA;48;5
2018-08-15;Avda. Francia;2018;13;7;NA;46;3
2018-08-15;Politecnico;2018;20;12;4;47;3
2018-08-15;Pista Silla;2018;13;6;15;NA;3
2018-08-15;Moli del Sol;2018;17;14;10;47;3
2018-08-15;Viveros;2018;NA;5;9;53;3
2018-08-16;Avda. Francia;2018;16;9;NA;52;3
2018-08-16;Politecnico;2018;24;16;14;50;3
2018-08-16;Viveros;2018;27;9;20;55;3
2018-08-16;Moli del Sol;2018;22;18;24;45;3
2018-08-16;Pista Silla;2018;16;8;40;NA;3
2018-08-17;Pista Silla;2018;10;5;31;NA;3
2018-08-17;Moli del Sol;2018;13;11;16;71;4
2018-08-17;Politecnico;2018;18;11;8;70;3
2018-08-17;Viveros;2018;18;7;15;78;4
2018-08-17;Avda. Francia;2018;13;7;NA;68;3
2018-08-18;Moli del Sol;2018;12;10;11;58;3
2018-08-18;Politecnico;2018;16;10;5;58;3
2018-08-18;Viveros;2018;15;5;5;64;4
2018-08-18;Avda. Francia;2018;11;6;NA;56;3
2018-08-18;Pista Silla;2018;9;4;22;NA;3
2018-08-19;Avda. Francia;2018;11;7;NA;56;4
2018-08-19;Pista Silla;2018;9;5;23;NA;3
2018-08-19;Politecnico;2018;16;11;6;61;3
2018-08-19;Viveros;2018;16;7;11;61;4
2018-08-19;Moli del Sol;2018;13;11;12;54;3
2018-08-20;Moli del Sol;2018;12;10;21;64;3
2018-08-20;Avda. Francia;2018;18;9;NA;56;3
2018-08-20;Politecnico;2018;20;11;18;58;3
2018-08-20;Viveros;2018;NA;NA;26;63;4
2018-08-20;Pista Silla;2018;20;6;43;NA;4
2018-08-21;Avda. Francia;2018;21;10;NA;64;3
2018-08-21;Pista Silla;2018;21;7;47;NA;3
2018-08-21;Politecnico;2018;26;16;11;78;3
2018-08-21;Moli del Sol;2018;15;14;26;66;4
2018-08-21;Viveros;2018;NA;NA;24;77;4
2018-08-22;Pista Silla;2018;20;8;40;NA;3
2018-08-22;Politecnico;2018;30;18;18;68;3
2018-08-22;Viveros;2018;NA;NA;25;77;4
2018-08-22;Avda. Francia;2018;25;11;NA;66;5
2018-08-22;Moli del Sol;2018;17;15;23;70;4
2018-08-23;Politecnico;2018;28;16;16;64;3
2018-08-23;Pista Silla;2018;22;9;42;NA;3
2018-08-23;Avda. Francia;2018;20;11;NA;56;3
2018-08-23;Viveros;2018;NA;NA;26;68;4
2018-08-23;Moli del Sol;2018;16;15;23;64;4
2018-08-24;Avda. Francia;2018;15;9;21;55;5
2018-08-24;Viveros;2018;NA;NA;17;67;3
2018-08-24;Politecnico;2018;26;15;9;66;3
2018-08-24;Moli del Sol;2018;16;14;19;58;3
2018-08-24;Pista Silla;2018;17;7;32;NA;3
2018-08-25;Avda. Francia;2018;17;10;15;53;3
2018-08-25;Pista Silla;2018;17;8;21;NA;3
2018-08-25;Viveros;2018;NA;NA;10;60;3
2018-08-25;Moli del Sol;2018;20;18;11;55;4
2018-08-25;Politecnico;2018;28;17;7;55;3
2018-08-26;Pista Silla;2018;16;8;15;NA;3
2018-08-26;Viveros;2018;NA;NA;5;69;3
2018-08-26;Moli del Sol;2018;19;16;7;66;3
2018-08-26;Avda. Francia;2018;18;10;14;53;3
2018-08-26;Politecnico;2018;26;16;4;64;3
2018-08-27;Avda. Francia;2018;30;14;16;50;4
2018-08-27;Viveros;2018;NA;NA;9;63;3
2018-08-27;Moli del Sol;2018;25;21;13;55;3
2018-08-27;Pista Silla;2018;21;11;27;NA;3
2018-08-27;Politecnico;2018;28;18;6;60;3
2018-08-28;Moli del Sol;2018;21;18;15;54;3
2018-08-28;Politecnico;2018;25;16;7;59;3
2018-08-28;Avda. Francia;2018;20;11;16;51;4
2018-08-28;Pista Silla;2018;22;9;28;NA;3
2018-08-28;Viveros;2018;27;NA;11;63;3
2018-08-29;Avda. Francia;2018;14;9;14;52;4
2018-08-29;Moli del Sol;2018;17;15;12;54;3
2018-08-29;Pista Silla;2018;16;8;28;NA;3
2018-08-29;Viveros;2018;NA;NA;8;62;3
2018-08-29;Politecnico;2018;20;13;5;57;3
2018-08-30;Pista Silla;2018;24;10;31;NA;4
2018-08-30;Politecnico;2018;23;16;7;57;3
2018-08-30;Moli del Sol;2018;19;16;17;53;3
2018-08-30;Viveros;2018;NA;NA;12;61;3
2018-08-30;Avda. Francia;2018;16;11;17;52;3
2018-08-31;Avda. Francia;2018;16;11;18;62;4
2018-08-31;Moli del Sol;2018;21;18;18;57;4
2018-08-31;Viveros;2018;NA;NA;13;66;3
2018-08-31;Politecnico;2018;25;17;8;63;3
2018-08-31;Pista Silla;2018;21;10;34;62;4
2018-09-01;Avda. Francia;2018;15;10;18;61;3
2018-09-01;Politecnico;2018;24;15;7;61;3
2018-09-01;Viveros;2018;23;NA;14;66;3
2018-09-01;Moli del Sol;2018;17;15;14;60;4
2018-09-01;Pista Silla;2018;17;8;27;64;3
2018-09-02;Avda. Francia;2018;15;10;14;58;3
2018-09-02;Politecnico;2018;24;15;4;67;3
2018-09-02;Moli del Sol;2018;19;16;8;62;4
2018-09-02;Pista Silla;2018;15;8;18;66;3
2018-09-02;Viveros;2018;NA;NA;6;72;3
2018-09-03;Moli del Sol;2018;NA;NA;NA;NA;NA
2018-09-03;Viveros;2018;NA;NA;15;60;4
2018-09-03;Pista Silla;2018;20;11;33;53;3
2018-09-03;Politecnico;2018;26;17;7;62;3
2018-09-03;Avda. Francia;2018;19;12;19;53;3
2018-09-04;Viveros;2018;NA;NA;18;65;4
2018-09-04;Moli del Sol;2018;23;18;17;67;3
2018-09-04;Pista Silla;2018;23;10;39;53;4
2018-09-04;Avda. Francia;2018;20;11;22;57;4
2018-09-04;Politecnico;2018;25;15;9;61;4
2018-09-05;Politecnico;2018;29;20;9;58;3
2018-09-05;Moli del Sol;2018;26;22;20;51;3
2018-09-05;Pista Silla;2018;21;12;33;58;4
2018-09-05;Viveros;2018;NA;NA;15;61;3
2018-09-05;Avda. Francia;2018;19;13;20;53;3
2018-09-06;Viveros;2018;NA;NA;13;68;3
2018-09-06;Avda. Francia;2018;18;12;19;60;3
2018-09-06;Pista Silla;2018;27;11;37;57;4
2018-09-06;Politecnico;2018;26;17;9;61;3
2018-09-06;Moli del Sol;2018;22;19;19;59;3
2018-09-07;Viveros;2018;NA;NA;10;76;4
2018-09-07;Moli del Sol;2018;20;17;19;61;3
2018-09-07;Pista Silla;2018;17;8;38;63;4
2018-09-07;Politecnico;2018;23;15;8;69;4
2018-09-07;Avda. Francia;2018;15;10;20;64;3
2018-09-08;Politecnico;2018;23;16;7;66;5
2018-09-08;Viveros;2018;NA;NA;12;69;4
2018-09-08;Moli del Sol;2018;22;20;20;52;3
2018-09-08;Pista Silla;2018;16;9;33;64;4
2018-09-08;Avda. Francia;2018;14;11;17;64;3
2018-09-09;Moli del Sol;2018;17;15;12;56;3
2018-09-09;Avda. Francia;2018;13;10;17;56;4
2018-09-09;Pista Silla;2018;12;8;24;58;4
2018-09-09;Politecnico;2018;19;14;6;61;3
2018-09-09;Viveros;2018;NA;NA;13;58;4
2018-09-10;Viveros;2018;NA;NA;16;64;4
2018-09-10;Moli del Sol;2018;19;16;18;55;3
2018-09-10;Pista Silla;2018;14;8;30;65;4
2018-09-10;Politecnico;2018;23;16;8;65;3
2018-09-10;Avda. Francia;2018;15;10;20;58;4
2018-09-11;Politecnico;2018;26;18;11;52;3
2018-09-11;Pista Silla;2018;15;9;38;NA;4
2018-09-11;Moli del Sol;2018;19;17;19;49;3
2018-09-11;Viveros;2018;NA;NA;18;57;5
2018-09-11;Avda. Francia;2018;16;11;22;49;3
2018-09-12;Pista Silla;2018;21;12;41;NA;4
2018-09-12;Moli del Sol;2018;23;20;18;51;3
2018-09-12;Avda. Francia;2018;23;14;16;47;3
2018-09-12;Viveros;2018;NA;NA;28;48;4
2018-09-12;Politecnico;2018;29;20;15;51;3
2018-09-13;Moli del Sol;2018;23;20;20;52;3
2018-09-13;Pista Silla;2018;20;12;43;NA;5
2018-09-13;Politecnico;2018;29;20;11;58;3
2018-09-13;Viveros;2018;NA;NA;20;57;3
2018-09-13;Avda. Francia;2018;20;13;14;51;3
2018-09-14;Politecnico;2018;29;19;12;64;3
2018-09-14;Pista Silla;2018;24;13;49;NA;5
2018-09-14;Moli del Sol;2018;24;21;24;53;3
2018-09-14;Viveros;2018;NA;NA;26;58;3
2018-09-14;Avda. Francia;2018;21;14;16;51;6
2018-09-15;Pista Silla;2018;12;8;26;61;4
2018-09-15;Moli del Sol;2018;18;16;15;54;3
2018-09-15;Avda. Francia;2018;14;10;13;50;3
2018-09-15;Viveros;2018;NA;NA;16;56;3
2018-09-15;Politecnico;2018;20;15;8;58;3
2018-09-16;Viveros;2018;NA;NA;12;54;3
2018-09-16;Pista Silla;2018;8;5;23;51;4
2018-09-16;Avda. Francia;2018;11;8;10;50;3
2018-09-16;Politecnico;2018;16;11;7;55;4
2018-09-16;Moli del Sol;2018;14;12;13;47;3
2018-09-17;Moli del Sol;2018;18;16;17;48;3
2018-09-17;Politecnico;2018;21;14;9;55;3
2018-09-17;Viveros;2018;NA;NA;16;50;3
2018-09-17;Avda. Francia;2018;15;10;15;45;3
2018-09-17;Pista Silla;2018;13;8;39;38;4
2018-09-18;Viveros;2018;NA;NA;19;44;3
2018-09-18;Politecnico;2018;18;13;8;54;3
2018-09-18;Pista Silla;2018;13;8;38;39;5
2018-09-18;Avda. Francia;2018;14;10;25;39;3
2018-09-18;Moli del Sol;2018;19;16;22;43;3
2018-09-19;Avda. Francia;2018;17;11;15;43;4
2018-09-19;Moli del Sol;2018;22;18;20;41;3
2018-09-19;Politecnico;2018;24;16;12;47;3
2018-09-19;Pista Silla;2018;16;9;38;38;4
2018-09-19;Viveros;2018;NA;NA;14;51;4
2018-09-20;Viveros;2018;NA;NA;30;36;4
2018-09-20;Pista Silla;2018;23;13;45;29;4
2018-09-20;Politecnico;2018;31;21;14;43;3
2018-09-20;Moli del Sol;2018;28;23;29;33;3
2018-09-20;Avda. Francia;2018;24;15;16;36;4
2018-09-21;Viveros;2018;NA;NA;36;45;3
2018-09-21;Pista Silla;2018;37;18;53;37;5
2018-09-21;Avda. Francia;2018;24;14;15;47;3
2018-09-21;Moli del Sol;2018;29;25;37;40;3
2018-09-21;Politecnico;2018;33;21;16;51;3
2018-09-22;Pista Silla;2018;36;23;38;47;4
2018-09-22;Viveros;2018;NA;NA;26;54;3
2018-09-22;Avda. Francia;2018;25;17;16;43;3
2018-09-22;Moli del Sol;2018;29;26;22;52;4
2018-09-22;Politecnico;2018;37;26;13;55;3
2018-09-23;Moli del Sol;2018;31;27;23;50;4
2018-09-23;Viveros;2018;NA;NA;22;56;3
2018-09-23;Pista Silla;2018;34;23;36;50;4
2018-09-23;Politecnico;2018;37;27;10;57;3
2018-09-23;Avda. Francia;2018;25;17;13;46;3
2018-09-24;Pista Silla;2018;36;16;42;26;6
2018-09-24;Moli del Sol;2018;21;17;24;35;3
2018-09-24;Avda. Francia;2018;18;11;12;33;3
2018-09-24;Politecnico;2018;22;14;12;39;3
2018-09-24;Viveros;2018;NA;NA;20;40;3
2018-09-25;Avda. Francia;2018;22;9;7;47;3
2018-09-25;Moli del Sol;2018;16;12;13;54;3
2018-09-25;Politecnico;2018;25;12;6;55;5
2018-09-25;Pista Silla;2018;22;9;16;54;4
2018-09-25;Viveros;2018;NA;NA;9;56;4
2018-09-26;Pista Silla;2018;27;16;16;73;4
2018-09-26;Avda. Francia;2018;26;14;12;60;3
2018-09-26;Politecnico;2018;32;19;6;76;4
2018-09-26;Viveros;2018;NA;NA;8;74;3
2018-09-26;Moli del Sol;2018;26;22;12;70;3
2018-09-27;Avda. Francia;2018;15;9;15;54;3
2018-09-27;Viveros;2018;NA;NA;13;65;3
2018-09-27;Politecnico;2018;21;12;8;66;4
2018-09-27;Moli del Sol;2018;21;17;20;57;3
2018-09-27;Pista Silla;2018;22;11;34;53;5
2018-09-28;Moli del Sol;2018;24;21;32;36;3
2018-09-28;Viveros;2018;NA;NA;38;37;4
2018-09-28;Pista Silla;2018;36;20;56;28;5
2018-09-28;Avda. Francia;2018;24;15;34;33;3
2018-09-28;Politecnico;2018;28;19;19;47;5
2018-09-29;Avda. Francia;2018;17;9;23;54;4
2018-09-29;Viveros;2018;NA;NA;20;69;4
2018-09-29;Moli del Sol;2018;18;15;21;63;3
2018-09-29;Politecnico;2018;21;12;12;72;5
2018-09-29;Pista Silla;2018;33;13;41;51;4
2018-09-30;Viveros;2018;NA;NA;20;61;4
2018-09-30;Moli del Sol;2018;19;17;21;55;3
2018-09-30;Pista Silla;2018;20;12;32;56;4
2018-09-30;Politecnico;2018;20;13;8;70;4
2018-09-30;Avda. Francia;2018;13;8;16;59;3
2018-10-01;Politecnico;2018;25;14;15;54;5
2018-10-01;Avda. Francia;2018;20;10;23;46;4
2018-10-01;Pista Silla;2018;32;14;50;35;6
2018-10-01;Viveros;2018;NA;NA;33;42;5
2018-10-01;Moli del Sol;2018;18;15;27;48;3
2018-10-02;Politecnico;2018;36;11;16;58;4
2018-10-02;Moli del Sol;2018;14;11;26;52;3
2018-10-02;Avda. Francia;2018;21;7;24;49;3
2018-10-02;Viveros;2018;NA;NA;31;49;4
2018-10-02;Pista Silla;2018;39;10;48;41;5
2018-10-03;Avda. Francia;2018;28;9;33;37;4
2018-10-03;Politecnico;2018;34;11;20;47;4
2018-10-03;Viveros;2018;NA;NA;41;37;6
2018-10-03;Moli del Sol;2018;16;12;37;39;3
2018-10-03;Pista Silla;2018;53;15;64;26;7
2018-10-04;Avda. Francia;2018;19;8;25;45;3
2018-10-04;Pista Silla;2018;32;11;52;40;5
2018-10-04;Viveros;2018;NA;NA;30;48;5
2018-10-04;Politecnico;2018;28;12;15;57;3
2018-10-04;Moli del Sol;2018;15;12;33;49;3
2018-10-05;Avda. Francia;2018;14;8;20;48;4
2018-10-05;Pista Silla;2018;29;13;52;44;4
2018-10-05;Viveros;2018;NA;NA;25;52;4
2018-10-05;Moli del Sol;2018;16;14;31;46;3
2018-10-05;Politecnico;2018;20;11;12;61;3
2018-10-06;Avda. Francia;2018;20;14;20;45;4
2018-10-06;Politecnico;2018;28;20;13;59;3
2018-10-06;Moli del Sol;2018;24;22;22;50;3
2018-10-06;Viveros;2018;NA;NA;25;51;4
2018-10-06;Pista Silla;2018;32;19;39;NA;4
2018-10-07;Politecnico;2018;26;12;5;62;4
2018-10-07;Avda. Francia;2018;18;8;12;52;3
2018-10-07;Pista Silla;2018;28;10;23;NA;4
2018-10-07;Viveros;2018;NA;NA;8;58;4
2018-10-07;Moli del Sol;2018;17;13;12;52;3
2018-10-08;Pista Silla;2018;14;5;28;NA;5
2018-10-08;Viveros;2018;NA;NA;14;49;5
2018-10-08;Politecnico;2018;13;5;8;54;4
2018-10-08;Avda. Francia;2018;8;4;15;44;4
2018-10-08;Moli del Sol;2018;8;6;15;48;3
2018-10-09;Moli del Sol;2018;7;6;12;42;3
2018-10-09;Pista Silla;2018;8;4;16;34;4
2018-10-09;Viveros;2018;NA;NA;14;45;4
2018-10-09;Politecnico;2018;10;6;6;55;4
2018-10-09;Avda. Francia;2018;6;4;13;44;4
2018-10-10;Avda. Francia;2018;10;6;22;37;5
2018-10-10;Pista Silla;2018;22;11;54;21;5
2018-10-10;Moli del Sol;2018;12;10;29;36;3
2018-10-10;Viveros;2018;NA;NA;26;39;5
2018-10-10;Politecnico;2018;16;10;10;53;4
2018-10-11;Moli del Sol;2018;24;21;33;28;4
2018-10-11;Avda. Francia;2018;23;16;34;25;3
2018-10-11;Pista Silla;2018;33;22;53;16;5
2018-10-11;Viveros;2018;NA;NA;39;24;5
2018-10-11;Politecnico;2018;30;21;19;33;3
2018-10-12;Politecnico;2018;31;23;12;39;3
2018-10-12;Viveros;2018;NA;NA;22;37;4
2018-10-12;Pista Silla;2018;30;21;33;24;4
2018-10-12;Avda. Francia;2018;22;16;26;35;3
2018-10-12;Moli del Sol;2018;25;22;23;35;3
2018-10-13;Viveros;2018;NA;NA;18;45;4
2018-10-13;Pista Silla;2018;25;18;30;29;4
2018-10-13;Avda. Francia;2018;17;13;20;46;5
2018-10-13;Moli del Sol;2018;23;21;16;43;3
2018-10-13;Politecnico;2018;26;19;7;54;3
2018-10-14;Moli del Sol;2018;17;15;11;49;3
2018-10-14;Pista Silla;2018;20;14;21;32;4
2018-10-14;Politecnico;2018;20;14;7;48;3
2018-10-14;Avda. Francia;2018;15;11;16;43;4
2018-10-14;Viveros;2018;NA;NA;14;43;5
2018-10-15;Moli del Sol;2018;8;6;20;45;3
2018-10-15;Avda. Francia;2018;8;3;17;54;3
2018-10-15;Pista Silla;2018;19;5;28;33;5
2018-10-15;Politecnico;2018;12;5;12;43;3
2018-10-15;Viveros;2018;NA;NA;22;39;5
2018-10-16;Avda. Francia;2018;12;6;16;NA;4
2018-10-16;Politecnico;2018;19;9;11;52;3
2018-10-16;Moli del Sol;2018;10;8;23;43;3
2018-10-16;Pista Silla;2018;20;8;30;34;5
2018-10-16;Viveros;2018;NA;NA;20;47;5
2018-10-17;Pista Silla;2018;22;12;41;28;5
2018-10-17;Politecnico;2018;21;14;11;54;4
2018-10-17;Moli del Sol;2018;16;14;22;44;3
2018-10-17;Avda. Francia;2018;14;9;18;NA;4
2018-10-17;Viveros;2018;NA;NA;20;48;5
2018-10-18;Politecnico;2018;22;18;20;25;4
2018-10-18;Viveros;2018;NA;NA;34;16;4
2018-10-18;Moli del Sol;2018;26;24;23;27;5
2018-10-18;Avda. Francia;2018;17;14;27;NA;4
2018-10-18;Pista Silla;2018;24;19;42;12;5
2018-10-19;Moli del Sol;2018;9;8;21;45;3
2018-10-19;Politecnico;2018;13;9;18;48;3
2018-10-19;Viveros;2018;NA;NA;24;38;4
2018-10-19;Avda. Francia;2018;9;6;22;33;3
2018-10-19;Pista Silla;2018;12;8;44;21;5
2018-10-20;Avda. Francia;2018;21;15;9;63;3
2018-10-20;Viveros;2018;NA;NA;8;63;4
2018-10-20;Moli del Sol;2018;23;21;11;67;3
2018-10-20;Politecnico;2018;30;22;9;73;3
2018-10-20;Pista Silla;2018;27;20;17;52;4
2018-10-21;Avda. Francia;2018;28;21;15;66;3
2018-10-21;Viveros;2018;NA;NA;20;58;4
2018-10-21;Moli del Sol;2018;31;28;19;62;3
2018-10-21;Pista Silla;2018;41;29;38;46;4
2018-10-21;Politecnico;2018;40;30;18;74;3
2018-10-22;Moli del Sol;2018;33;29;24;39;3
2018-10-22;Politecnico;2018;39;28;21;47;3
2018-10-22;Viveros;2018;NA;NA;20;42;5
2018-10-22;Pista Silla;2018;47;31;38;29;5
2018-10-22;Avda. Francia;2018;30;21;18;45;3
2018-10-23;Pista Silla;2018;48;31;52;22;6
2018-10-23;Moli del Sol;2018;34;31;35;31;3
2018-10-23;Viveros;2018;NA;NA;25;41;4
2018-10-23;Politecnico;2018;41;29;26;47;3
2018-10-23;Avda. Francia;2018;29;21;22;46;3
2018-10-24;Viveros;2018;NA;NA;40;21;5
2018-10-24;Moli del Sol;2018;29;26;35;25;5
2018-10-24;Politecnico;2018;39;26;43;27;3
2018-10-24;Avda. Francia;2018;30;20;34;27;3
2018-10-24;Pista Silla;2018;49;29;59;NA;6
2018-10-25;Viveros;2018;NA;NA;44;18;6
2018-10-25;Pista Silla;2018;55;25;68;NA;6
2018-10-25;Avda. Francia;2018;28;17;41;17;3
2018-10-25;Moli del Sol;2018;24;21;43;16;5
2018-10-25;Politecnico;2018;35;22;43;25;4
2018-10-26;Pista Silla;2018;52;28;71;NA;7
2018-10-26;Viveros;2018;NA;NA;51;17;5
2018-10-26;Avda. Francia;2018;33;20;46;13;3
2018-10-26;Moli del Sol;2018;31;28;47;14;5
2018-10-26;Politecnico;2018;40;27;45;25;4
2018-10-27;Politecnico;2018;12;9;15;43;3
2018-10-27;Pista Silla;2018;15;10;33;21;4
2018-10-27;Moli del Sol;2018;13;12;21;33;3
2018-10-27;Avda. Francia;2018;10;7;19;32;3
2018-10-27;Viveros;2018;NA;NA;26;33;4
2018-10-28;Pista Silla;2018;5;3;15;36;4
2018-10-28;Avda. Francia;2018;3;2;8;44;3
2018-10-28;Moli del Sol;2018;4;4;4;51;3
2018-10-28;Politecnico;2018;7;5;5;53;4
2018-10-28;Viveros;2018;NA;NA;11;47;4
2018-10-29;Viveros;2018;NA;NA;20;46;4
2018-10-29;Avda. Francia;2018;7;3;14;44;3
2018-10-29;Pista Silla;2018;16;4;21;39;4
2018-10-29;Moli del Sol;2018;7;5;14;48;3
2018-10-29;Politecnico;2018;9;4;15;51;3
2018-10-30;Politecnico;2018;12;8;25;41;3
2018-10-30;Viveros;2018;NA;NA;32;31;4
2018-10-30;Pista Silla;2018;15;9;40;22;6
2018-10-30;Avda. Francia;2018;9;6;22;31;3
2018-10-30;Moli del Sol;2018;12;10;22;40;3
2018-10-31;Politecnico;2018;7;6;21;43;4
2018-10-31;Moli del Sol;2018;7;6;17;45;3
2018-10-31;Viveros;2018;NA;NA;28;33;4
2018-10-31;Pista Silla;2018;9;5;27;32;4
2018-10-31;Avda. Francia;2018;6;5;18;35;3
2018-11-01;Moli del Sol;2018;10;9;20;29;3
2018-11-01;Politecnico;2018;11;8;22;35;4
2018-11-01;Pista Silla;2018;12;7;35;19;6
2018-11-01;Viveros;2018;NA;5;26;27;4
2018-11-01;Avda. Francia;2018;8;6;21;28;3
2018-11-02;Pista Silla;2018;30;17;55;8;8
2018-11-02;Viveros;2018;20;11;42;11;6
2018-11-02;Politecnico;2018;23;16;40;21;6
2018-11-02;Avda. Francia;2018;16;12;35;12;4
2018-11-02;Moli del Sol;2018;18;16;36;15;4
2018-11-03;Avda. Francia;2018;13;8;27;26;4
2018-11-03;Moli del Sol;2018;11;10;23;33;3
2018-11-03;Politecnico;2018;14;10;33;33;4
2018-11-03;Viveros;2018;NA;7;34;27;4
2018-11-03;Pista Silla;2018;21;10;45;18;4
2018-11-04;Avda. Francia;2018;11;8;26;28;4
2018-11-04;Politecnico;2018;14;10;28;35;4
2018-11-04;Viveros;2018;14;8;30;29;3
2018-11-04;Pista Silla;2018;18;11;43;18;5
2018-11-04;Moli del Sol;2018;12;11;24;32;4
2018-11-05;Politecnico;2018;21;13;40;25;4
2018-11-05;Viveros;2018;22;11;44;17;4
2018-11-05;Moli del Sol;2018;15;14;31;26;4
2018-11-05;Avda. Francia;2018;16;10;32;18;4
2018-11-05;Pista Silla;2018;29;14;45;15;6
2018-11-06;Politecnico;2018;9;5;16;56;4
2018-11-06;Avda. Francia;2018;6;3;13;52;3
2018-11-06;Pista Silla;2018;13;4;19;45;4
2018-11-06;Moli del Sol;2018;8;6;12;61;3
2018-11-06;Viveros;2018;NA;5;23;50;4
2018-11-07;Pista Silla;2018;16;6;29;34;4
2018-11-07;Politecnico;2018;12;6;26;46;3
2018-11-07;Viveros;2018;17;5;28;41;4
2018-11-07;Moli del Sol;2018;10;8;20;49;3
2018-11-07;Avda. Francia;2018;9;4;19;41;3
2018-11-08;Politecnico;2018;18;11;23;39;4
2018-11-08;Avda. Francia;2018;12;8;23;30;3
2018-11-08;Moli del Sol;2018;16;14;25;33;3
2018-11-08;Pista Silla;2018;22;12;39;19;5
2018-11-08;Viveros;2018;NA;7;30;30;4
2018-11-09;Politecnico;2018;7;4;18;51;4
2018-11-09;Pista Silla;2018;13;4;27;37;4
2018-11-09;Viveros;2018;14;4;27;43;4
2018-11-09;Avda. Francia;2018;6;3;21;41;3
2018-11-09;Moli del Sol;2018;6;5;16;53;3
2018-11-10;Pista Silla;2018;13;6;19;39;4
2018-11-10;Viveros;2018;NA;4;21;46;4
2018-11-10;Politecnico;2018;10;7;15;50;4
2018-11-10;Avda. Francia;2018;7;5;11;46;3
2018-11-10;Moli del Sol;2018;9;8;10;60;3
2018-11-11;Politecnico;2018;10;8;11;52;3
2018-11-11;Moli del Sol;2018;10;9;16;47;3
2018-11-11;Pista Silla;2018;13;8;25;32;4
2018-11-11;Viveros;2018;NA;4;22;42;4
2018-11-11;Avda. Francia;2018;8;6;12;43;3
2018-11-12;Politecnico;2018;31;24;31;32;4
2018-11-12;Moli del Sol;2018;25;22;31;22;5
2018-11-12;Avda. Francia;2018;21;15;26;29;4
2018-11-12;Viveros;2018;NA;10;35;28;5
2018-11-12;Pista Silla;2018;32;22;41;19;5
2018-11-13;Politecnico;2018;37;27;22;40;4
2018-11-13;Pista Silla;2018;44;31;38;21;5
2018-11-13;Viveros;2018;NA;13;33;31;5
2018-11-13;Avda. Francia;2018;27;19;21;35;4
2018-11-13;Moli del Sol;2018;38;33;31;30;3
2018-11-14;Pista Silla;2018;40;30;31;31;4
2018-11-14;Politecnico;2018;33;27;16;51;4
2018-11-14;Moli del Sol;2018;35;31;26;41;4
2018-11-14;Avda. Francia;2018;25;19;14;45;3
2018-11-14;Viveros;2018;NA;12;24;44;4
2018-11-15;Viveros;2018;NA;9;27;36;3
2018-11-15;Avda. Francia;2018;22;17;28;36;3
2018-11-15;Politecnico;2018;29;23;18;46;4
2018-11-15;Moli del Sol;2018;29;26;25;43;3
2018-11-15;Pista Silla;2018;32;25;32;26;4
2018-11-16;Moli del Sol;2018;21;20;27;36;3
2018-11-16;Viveros;2018;NA;NA;24;37;3
2018-11-16;Pista Silla;2018;25;21;37;22;5
2018-11-16;Avda. Francia;2018;17;14;36;35;3
2018-11-16;Politecnico;2018;NA;NA;NA;NA;NA
2018-11-17;Avda. Francia;2018;18;13;30;41;4
2018-11-17;Pista Silla;2018;27;21;30;30;4
2018-11-17;Viveros;2018;20;9;20;39;5
2018-11-17;Politecnico;2018;NA;NA;NA;NA;NA
2018-11-17;Moli del Sol;2018;24;22;21;46;3
2018-11-18;Avda. Francia;2018;11;9;30;47;4
2018-11-18;Politecnico;2018;NA;NA;NA;NA;NA
2018-11-18;Moli del Sol;2018;15;13;17;61;3
2018-11-18;Pista Silla;2018;17;13;28;37;4
2018-11-18;Viveros;2018;23;5;16;52;4
2018-11-19;Avda. Francia;2018;11;9;38;39;3
2018-11-19;Pista Silla;2018;16;13;33;33;4
2018-11-19;Moli del Sol;2018;13;12;22;52;3
2018-11-19;Politecnico;2018;NA;NA;NA;NA;NA
2018-11-19;Viveros;2018;NA;9;26;42;4
2018-11-20;Moli del Sol;2018;12;12;21;41;3
2018-11-20;Politecnico;2018;12;10;22;40;3
2018-11-20;Avda. Francia;2018;8;7;35;38;3
2018-11-20;Viveros;2018;NA;NA;29;29;5
2018-11-20;Pista Silla;2018;14;9;26;33;4
2018-11-21;Moli del Sol;2018;13;12;32;33;4
2018-11-21;Viveros;2018;NA;NA;35;25;5
2018-11-21;Pista Silla;2018;25;12;42;25;7
2018-11-21;Avda. Francia;2018;11;7;47;31;4
2018-11-21;Politecnico;2018;17;10;35;33;4
2018-11-22;Politecnico;2018;25;15;39;17;3
2018-11-22;Avda. Francia;2018;18;11;55;16;4
2018-11-22;Moli del Sol;2018;21;19;39;18;5
2018-11-22;Viveros;2018;20;11;53;11;4
2018-11-22;Pista Silla;2018;46;20;53;7;7
2018-11-23;Moli del Sol;2018;16;15;35;17;3
2018-11-23;Avda. Francia;2018;14;11;56;19;5
2018-11-23;Pista Silla;2018;26;17;40;10;5
2018-11-23;Politecnico;2018;20;15;38;13;3
2018-11-23;Viveros;2018;14;11;57;8;4
2018-11-24;Viveros;2018;NA;NA;46;24;4
2018-11-24;Moli del Sol;2018;9;8;26;35;3
2018-11-24;Pista Silla;2018;19;9;36;23;5
2018-11-24;Politecnico;2018;11;8;24;36;3
2018-11-24;Avda. Francia;2018;8;6;45;32;4
2018-11-25;Politecnico;2018;8;5;8;56;4
2018-11-25;Moli del Sol;2018;7;6;7;61;3
2018-11-25;Avda. Francia;2018;5;4;22;52;3
2018-11-25;Pista Silla;2018;12;5;12;49;4
2018-11-25;Viveros;2018;8;NA;21;47;3
2018-11-26;Avda. Francia;2018;6;3;16;48;4
2018-11-26;Politecnico;2018;8;4;14;53;5
2018-11-26;Moli del Sol;2018;5;4;15;58;3
2018-11-26;Pista Silla;2018;22;5;26;43;4
2018-11-26;Viveros;2018;NA;NA;26;47;3
2018-11-27;Avda. Francia;2018;9;4;27;33;5
2018-11-27;Moli del Sol;2018;8;7;31;37;3
2018-11-27;Viveros;2018;10;NA;47;28;4
2018-11-27;Pista Silla;2018;26;7;38;26;6
2018-11-27;Politecnico;2018;13;6;37;35;4
2018-11-28;Politecnico;2018;27;15;45;27;5
2018-11-28;Pista Silla;2018;42;16;54;17;7
2018-11-28;Viveros;2018;20;NA;47;19;4
2018-11-28;Avda. Francia;2018;17;9;36;25;4
2018-11-28;Moli del Sol;2018;19;16;46;22;4
2018-11-29;Politecnico;2018;31;19;52;18;4
2018-11-29;Viveros;2018;NA;NA;52;11;3
2018-11-29;Avda. Francia;2018;24;15;63;17;5
2018-11-29;Moli del Sol;2018;26;23;48;17;4
2018-11-29;Pista Silla;2018;50;23;66;7;7
2018-11-30;Pista Silla;2018;34;12;42;29;4
2018-11-30;Viveros;2018;NA;NA;30;37;4
2018-11-30;Avda. Francia;2018;11;7;43;39;4
2018-11-30;Moli del Sol;2018;12;11;19;49;3
2018-11-30;Politecnico;2018;17;10;26;47;4
2018-12-01;Moli del Sol;2018;18;16;35;29;3
2018-12-01;Viveros;2018;18;11;38;24;4
2018-12-01;Avda. Francia;2018;14;9;44;31;4
2018-12-01;Politecnico;2018;20;13;37;34;4
2018-12-01;Pista Silla;2018;34;14;41;24;5
2018-12-02;Politecnico;2018;19;14;32;33;4
2018-12-02;Avda. Francia;2018;13;9;49;28;4
2018-12-02;Pista Silla;2018;22;13;37;23;4
2018-12-02;Moli del Sol;2018;18;17;30;26;3
2018-12-02;Viveros;2018;20;11;34;23;3
2018-12-03;Moli del Sol;2018;28;24;43;21;6
2018-12-03;Viveros;2018;31;20;48;14;5
2018-12-03;Pista Silla;2018;55;23;56;15;7
2018-12-03;Politecnico;2018;35;21;49;19;5
2018-12-03;Avda. Francia;2018;21;14;58;23;5
2018-12-04;Avda. Francia;2018;29;17;68;13;5
2018-12-04;Moli del Sol;2018;25;22;50;13;6
2018-12-04;Politecnico;2018;35;23;54;12;5
2018-12-04;Pista Silla;2018;54;27;60;6;6
2018-12-04;Viveros;2018;26;17;55;5;6
2018-12-05;Moli del Sol;2018;38;36;44;12;8
2018-12-05;Pista Silla;2018;59;40;NA;4;5
2018-12-05;Politecnico;2018;45;35;47;12;4
2018-12-05;Viveros;2018;32;25;47;6;5
2018-12-05;Avda. Francia;2018;36;28;63;16;5
2018-12-06;Viveros;2018;24;19;39;9;4
2018-12-06;Avda. Francia;2018;26;21;56;17;4
2018-12-06;Moli del Sol;2018;32;30;36;15;6
2018-12-06;Politecnico;2018;33;26;40;15;4
2018-12-06;Pista Silla;2018;43;30;NA;7;4
2018-12-07;Pista Silla;2018;44;30;51;8;5
2018-12-07;Politecnico;2018;36;29;43;15;4
2018-12-07;Avda. Francia;2018;26;21;57;16;4
2018-12-07;Moli del Sol;2018;31;29;39;16;6
2018-12-07;Viveros;2018;23;NA;41;9;4
2018-12-08;Pista Silla;2018;32;22;42;11;4
2018-12-08;Viveros;2018;20;NA;39;NA;3
2018-12-08;Moli del Sol;2018;23;22;30;21;10
2018-12-08;Avda. Francia;2018;19;15;46;19;4
2018-12-08;Politecnico;2018;25;20;39;21;3
2018-12-09;Moli del Sol;2018;16;14;26;24;4
2018-12-09;Politecnico;2018;15;11;33;26;3
2018-12-09;Viveros;2018;15;NA;36;NA;3
2018-12-09;Avda. Francia;2018;14;10;46;15;4
2018-12-09;Pista Silla;2018;20;12;31;17;4
2018-12-10;Viveros;2018;NA;NA;48;NA;4
2018-12-10;Politecnico;2018;29;17;45;29;4
2018-12-10;Avda. Francia;2018;21;12;60;NA;4
2018-12-10;Moli del Sol;2018;28;25;46;24;5
2018-12-10;Pista Silla;2018;45;22;46;15;9
2018-12-11;Viveros;2018;32;17;47;16;4
2018-12-11;Politecnico;2018;41;27;49;17;4
2018-12-11;Moli del Sol;2018;36;32;45;15;4
2018-12-11;Pista Silla;2018;56;33;39;7;6
2018-12-11;Avda. Francia;2018;30;20;63;NA;6
2018-12-12;Avda. Francia;2018;24;18;49;NA;5
2018-12-12;Viveros;2018;24;18;37;21;3
2018-12-12;Moli del Sol;2018;29;27;29;27;3
2018-12-12;Pista Silla;2018;49;26;NA;17;4
2018-12-12;Politecnico;2018;36;25;38;22;3
2018-12-13;Moli del Sol;2018;14;12;21;50;3
2018-12-13;Politecnico;2018;16;12;17;57;3
2018-12-13;Viveros;2018;NA;7;29;44;4
2018-12-13;Avda. Francia;2018;11;9;40;NA;4
2018-12-13;Pista Silla;2018;24;14;NA;34;5
2018-12-14;Avda. Francia;2018;5;3;22;NA;4
2018-12-14;Pista Silla;2018;13;4;NA;44;4
2018-12-14;Politecnico;2018;5;3;13;66;3
2018-12-14;Viveros;2018;4;4;19;63;4
2018-12-14;Moli del Sol;2018;4;4;19;57;3
2018-12-15;Moli del Sol;2018;10;9;16;45;3
2018-12-15;Pista Silla;2018;24;8;NA;38;4
2018-12-15;Avda. Francia;2018;7;5;16;51;4
2018-12-15;Viveros;2018;9;6;22;43;4
2018-12-15;Politecnico;2018;10;7;20;46;4
2018-12-16;Viveros;2018;6;4;10;55;5
2018-12-16;Moli del Sol;2018;8;7;7;55;3
2018-12-16;Pista Silla;2018;10;6;NA;49;4
2018-12-16;Politecnico;2018;8;6;7;57;4
2018-12-16;Avda. Francia;2018;6;4;6;59;3
2018-12-17;Avda. Francia;2018;16;8;43;28;5
2018-12-17;Pista Silla;2018;32;12;NA;24;8
2018-12-17;Moli del Sol;2018;16;14;41;29;9
2018-12-17;Viveros;2018;17;10;47;26;5
2018-12-17;Politecnico;2018;21;11;45;31;4
2018-12-18;Politecnico;2018;23;15;45;24;4
2018-12-18;Pista Silla;2018;41;18;56;14;5
2018-12-18;Moli del Sol;2018;21;19;45;18;9
2018-12-18;Avda. Francia;2018;18;12;43;19;5
2018-12-18;Viveros;2018;19;13;50;14;4
2018-12-19;Avda. Francia;2018;10;7;33;30;3
2018-12-19;Pista Silla;2018;23;10;37;31;4
2018-12-19;Politecnico;2018;14;9;25;45;4
2018-12-19;Moli del Sol;2018;13;11;23;42;3
2018-12-19;Viveros;2018;NA;7;30;34;3
2018-12-20;Pista Silla;2018;25;11;46;18;5
2018-12-20;Viveros;2018;NA;9;43;21;4
2018-12-20;Moli del Sol;2018;15;13;37;25;3
2018-12-20;Avda. Francia;2018;13;7;38;20;5
2018-12-20;Politecnico;2018;18;10;41;26;4
2018-12-21;Avda. Francia;2018;11;8;NA;17;5
2018-12-21;Politecnico;2018;17;12;38;21;3
2018-12-21;Moli del Sol;2018;14;12;33;22;3
2018-12-21;Pista Silla;2018;23;12;42;16;4
2018-12-21;Viveros;2018;11;9;39;17;4
2018-12-22;Viveros;2018;NA;8;28;20;3
2018-12-22;Pista Silla;2018;22;12;29;17;4
2018-12-22;Moli del Sol;2018;12;11;25;23;4
2018-12-22;Avda. Francia;2018;10;9;NA;18;3
2018-12-22;Politecnico;2018;14;11;28;25;3
2018-12-23;Viveros;2018;17;14;34;14;4
2018-12-23;Politecnico;2018;23;20;37;15;4
2018-12-23;Avda. Francia;2018;17;15;NA;15;4
2018-12-23;Pista Silla;2018;33;22;39;10;5
2018-12-23;Moli del Sol;2018;21;20;29;19;4
2018-12-24;Pista Silla;2018;47;31;56;4;6
2018-12-24;Avda. Francia;2018;25;20;NA;8;6
2018-12-24;Politecnico;2018;34;29;38;16;4
2018-12-24;Moli del Sol;2018;35;34;41;14;7
2018-12-24;Viveros;2018;NA;22;41;10;4
2018-12-25;Moli del Sol;2018;22;21;26;22;4
2018-12-25;Avda. Francia;2018;19;15;NA;13;5
2018-12-25;Politecnico;2018;23;20;30;20;3
2018-12-25;Pista Silla;2018;27;20;36;12;4
2018-12-25;Viveros;2018;18;13;27;18;3
2018-12-26;Viveros;2018;NA;17;40;16;3
2018-12-26;Moli del Sol;2018;32;31;38;19;3
2018-12-26;Politecnico;2018;33;26;40;19;4
2018-12-26;Pista Silla;2018;44;30;49;9;5
2018-12-26;Avda. Francia;2018;25;20;NA;12;4
2018-12-27;Pista Silla;2018;56;35;54;9;7
2018-12-27;Viveros;2018;NA;19;41;15;4
2018-12-27;Moli del Sol;2018;32;31;40;23;5
2018-12-27;Avda. Francia;2018;29;22;NA;10;5
2018-12-27;Politecnico;2018;36;28;40;21;5
2018-12-28;Politecnico;2018;36;30;29;25;5
2018-12-28;Pista Silla;2018;43;32;45;10;4
2018-12-28;Avda. Francia;2018;27;21;NA;19;4
2018-12-28;Viveros;2018;19;18;31;18;6
2018-12-28;Moli del Sol;2018;32;31;36;19;5
2018-12-29;Moli del Sol;2018;31;29;32;21;5
2018-12-29;Avda. Francia;2018;25;20;36;19;5
2018-12-29;Pista Silla;2018;43;29;46;11;5
2018-12-29;Viveros;2018;NA;19;36;16;5
2018-12-29;Politecnico;2018;33;27;36;21;7
2018-12-30;Avda. Francia;2018;20;15;35;17;6
2018-12-30;Pista Silla;2018;42;21;45;13;6
2018-12-30;Moli del Sol;2018;20;19;26;27;4
2018-12-30;Politecnico;2018;23;18;33;25;5
2018-12-30;Viveros;2018;18;14;35;20;3
2018-12-31;Politecnico;2018;21;15;39;27;4
2018-12-31;Moli del Sol;2018;18;17;37;25;3
2018-12-31;Pista Silla;2018;40;19;55;10;6
2018-12-31;Avda. Francia;2018;18;13;42;20;6
2018-12-31;Viveros;2018;NA;14;40;22;3
2019-01-01;Pista Silla;2019;25;15;44;17;5
2019-01-01;Moli del Sol;2019;23;22;32;26;3
2019-01-01;Avda. Francia;2019;22;18;38;20;6
2019-01-01;Viveros;2019;15;13;31;27;3
2019-01-01;Politecnico;2019;18;15;31;31;3
2019-01-02;Avda. Francia;2019;26;17;49;12;6
2019-01-02;Moli del Sol;2019;23;21;43;18;4
2019-01-02;Viveros;2019;24;15;44;18;4
2019-01-02;Pista Silla;2019;33;17;58;8;6
2019-01-02;Politecnico;2019;24;16;41;23;3
2019-01-03;Pista Silla;2019;34;18;59;7;6
2019-01-03;Viveros;2019;27;17;53;11;3
2019-01-03;Politecnico;2019;32;20;51;15;5
2019-01-03;Avda. Francia;2019;37;23;53;10;6
2019-01-03;Moli del Sol;2019;27;25;42;19;4
2019-01-04;Avda. Francia;2019;32;22;46;16;5
2019-01-04;Pista Silla;2019;35;21;53;10;5
2019-01-04;Moli del Sol;2019;32;30;43;20;4
2019-01-04;Politecnico;2019;29;21;38;25;3
2019-01-04;Viveros;2019;25;16;40;20;4
2019-01-05;Moli del Sol;2019;34;32;28;28;4
2019-01-05;Pista Silla;2019;42;21;39;19;5
2019-01-05;Politecnico;2019;29;24;33;27;4
2019-01-05;Avda. Francia;2019;33;25;36;21;5
2019-01-05;Viveros;2019;23;17;36;21;4
2019-01-06;Moli del Sol;2019;28;26;36;23;4
2019-01-06;Politecnico;2019;25;20;38;27;5
2019-01-06;Pista Silla;2019;40;19;47;17;5
2019-01-06;Avda. Francia;2019;32;22;35;22;5
2019-01-06;Viveros;2019;26;17;46;19;5
2019-01-07;Pista Silla;2019;40;18;67;12;9
2019-01-07;Politecnico;2019;28;17;46;29;5
2019-01-07;Viveros;2019;27;14;49;24;5
2019-01-07;Avda. Francia;2019;34;19;55;17;6
2019-01-07;Moli del Sol;2019;26;23;49;21;4
2019-01-08;Pista Silla;2019;39;23;60;12;6
2019-01-08;Avda. Francia;2019;36;26;47;19;5
2019-01-08;Moli del Sol;2019;35;32;45;25;4
2019-01-08;Politecnico;2019;39;27;51;19;3
2019-01-08;Viveros;2019;33;20;50;18;5
2019-01-09;Avda. Francia;2019;NA;NA;NA;NA;NA
2019-01-09;Viveros;2019;27;17;32;34;5
2019-01-09;Politecnico;2019;32;20;33;35;4
2019-01-09;Pista Silla;2019;38;16;41;27;4
2019-01-09;Moli del Sol;2019;26;22;25;28;5
2019-01-10;Politecnico;2019;21;9;29;50;5
2019-01-10;Viveros;2019;13;7;30;47;3
2019-01-10;Avda. Francia;2019;NA;NA;NA;NA;NA
2019-01-10;Pista Silla;2019;23;7;46;39;6
2019-01-10;Moli del Sol;2019;14;12;28;32;5
2019-01-11;Pista Silla;2019;45;16;66;26;11
2019-01-11;Viveros;2019;27;16;54;28;4
2019-01-11;Avda. Francia;2019;36;16;66;25;5
2019-01-11;Moli del Sol;2019;25;22;48;21;9
2019-01-11;Politecnico;2019;31;15;52;31;7
2019-01-12;Avda. Francia;2019;28;18;63;26;5
2019-01-12;Viveros;2019;26;16;50;24;5
2019-01-12;Politecnico;2019;27;18;47;30;5
2019-01-12;Moli del Sol;2019;27;25;44;19;4
2019-01-12;Pista Silla;2019;35;16;59;22;5
2019-01-13;Pista Silla;2019;32;13;46;23;5
2019-01-13;Politecnico;2019;21;14;37;30;5
2019-01-13;Viveros;2019;22;13;39;24;5
2019-01-13;Avda. Francia;2019;22;14;54;25;5
2019-01-13;Moli del Sol;2019;22;20;31;18;3
2019-01-14;Viveros;2019;27;14;51;17;5
2019-01-14;Avda. Francia;2019;25;14;NA;15;5
2019-01-14;Pista Silla;2019;34;12;59;15;7
2019-01-14;Politecnico;2019;23;14;44;25;6
2019-01-14;Moli del Sol;2019;23;21;48;12;6
2019-01-15;Avda. Francia;2019;35;22;NA;9;6
2019-01-15;Moli del Sol;2019;25;23;46;13;7
2019-01-15;Pista Silla;2019;37;19;61;14;8
2019-01-15;Viveros;2019;31;16;54;14;4
2019-01-15;Politecnico;2019;28;18;51;19;7
2019-01-16;Pista Silla;2019;49;32;64;12;7
2019-01-16;Avda. Francia;2019;50;38;NA;13;5
2019-01-16;Politecnico;2019;44;34;53;20;7
2019-01-16;Viveros;2019;42;30;54;16;4
2019-01-16;Moli del Sol;2019;49;47;51;11;6
2019-01-17;Moli del Sol;2019;58;55;51;7;6
2019-01-17;Avda. Francia;2019;63;44;34;10;3
2019-01-17;Pista Silla;2019;70;40;62;11;8
2019-01-17;Politecnico;2019;61;43;56;9;5
2019-01-17;Viveros;2019;48;35;59;8;4
2019-01-18;Avda. Francia;2019;29;17;25;20;3
2019-01-18;Pista Silla;2019;35;16;56;18;4
2019-01-18;Politecnico;2019;28;17;47;24;3
2019-01-18;Viveros;2019;25;15;51;19;4
2019-01-18;Moli del Sol;2019;26;24;47;13;7
2019-01-19;Avda. Francia;2019;22;16;13;33;3
2019-01-19;Politecnico;2019;20;15;29;42;4
2019-01-19;Moli del Sol;2019;21;20;27;27;5
2019-01-19;Pista Silla;2019;30;14;36;32;4
2019-01-19;Viveros;2019;20;13;31;36;3
2019-01-20;Avda. Francia;2019;19;15;13;28;3
2019-01-20;Pista Silla;2019;21;13;36;24;5
2019-01-20;Moli del Sol;2019;16;15;27;22;4
2019-01-20;Politecnico;2019;16;13;20;41;5
2019-01-20;Viveros;2019;19;9;31;27;4
2019-01-21;Avda. Francia;2019;12;6;18;33;3
2019-01-21;Moli del Sol;2019;8;7;29;29;7
2019-01-21;Pista Silla;2019;19;6;44;33;5
2019-01-21;Politecnico;2019;9;5;23;52;4
2019-01-21;Viveros;2019;14;6;31;41;5
2019-01-22;Politecnico;2019;13;8;18;53;4
2019-01-22;Avda. Francia;2019;12;8;NA;41;3
2019-01-22;Viveros;2019;17;10;23;46;3
2019-01-22;Pista Silla;2019;25;9;24;46;4
2019-01-22;Moli del Sol;2019;14;12;21;33;4
2019-01-23;Moli del Sol;2019;13;8;9;43;3
2019-01-23;Politecnico;2019;19;6;12;61;4
2019-01-23;Pista Silla;2019;34;5;19;55;4
2019-01-23;Viveros;2019;24;14;15;55;3
2019-01-23;Avda. Francia;2019;19;5;NA;46;3
2019-01-24;Politecnico;2019;10;3;6;74;5
2019-01-24;Moli del Sol;2019;10;4;6;NA;3
2019-01-24;Pista Silla;2019;19;3;16;66;4
2019-01-24;Viveros;2019;18;6;8;70;3
2019-01-24;Avda. Francia;2019;13;3;NA;60;3
2019-01-25;Avda. Francia;2019;7;3;NA;47;3
2019-01-25;Viveros;2019;14;6;15;57;4
2019-01-25;Moli del Sol;2019;5;3;8;NA;3
2019-01-25;Politecnico;2019;8;4;13;61;5
2019-01-25;Pista Silla;2019;11;2;25;52;4
2019-01-26;Pista Silla;2019;22;9;40;32;6
2019-01-26;Moli del Sol;2019;15;13;33;NA;4
2019-01-26;Politecnico;2019;15;10;31;39;5
2019-01-26;Viveros;2019;23;12;35;33;4
2019-01-26;Avda. Francia;2019;18;13;38;28;3
2019-01-27;Avda. Francia;2019;12;6;26;46;3
2019-01-27;Politecnico;2019;11;7;13;59;4
2019-01-27;Pista Silla;2019;25;6;20;53;4
2019-01-27;Moli del Sol;2019;8;7;9;NA;3
2019-01-27;Viveros;2019;NA;10;16;56;3
2019-01-28;Moli del Sol;2019;13;8;22;NA;3
2019-01-28;Pista Silla;2019;40;6;28;49;5
2019-01-28;Viveros;2019;NA;16;27;47;4
2019-01-28;Avda. Francia;2019;14;5;30;40;3
2019-01-28;Politecnico;2019;14;5;19;56;3
2019-01-29;Avda. Francia;2019;16;7;18;44;3
2019-01-29;Politecnico;2019;17;7;21;55;4
2019-01-29;Moli del Sol;2019;16;11;19;39;3
2019-01-29;Pista Silla;2019;34;8;24;50;5
2019-01-29;Viveros;2019;NA;15;21;51;3
2019-01-30;Viveros;2019;NA;10;23;53;3
2019-01-30;Moli del Sol;2019;11;9;21;56;5
2019-01-30;Politecnico;2019;13;6;22;57;5
2019-01-30;Pista Silla;2019;23;5;25;54;5
2019-01-30;Avda. Francia;2019;14;6;19;45;3
2019-01-31;Pista Silla;2019;35;5;13;59;4
2019-01-31;Moli del Sol;2019;14;7;7;64;NA
2019-01-31;Politecnico;2019;14;4;11;59;4
2019-01-31;Avda. Francia;2019;14;3;10;49;3
2019-01-31;Viveros;2019;NA;12;10;57;4
2019-02-01;Moli del Sol;2019;18;9;5;78;3
2019-02-01;Avda. Francia;2019;17;4;7;63;3
2019-02-01;Pista Silla;2019;49;7;11;73;4
2019-02-01;Politecnico;2019;15;4;8;74;4
2019-02-01;Viveros;2019;NA;19;9;70;5
2019-02-02;Politecnico;2019;15;4;3;83;4
2019-02-02;Moli del Sol;2019;11;6;2;83;4
2019-02-02;Avda. Francia;2019;17;4;4;68;3
2019-02-02;Pista Silla;2019;24;4;9;78;4
2019-02-02;Viveros;2019;NA;14;5;77;5
2019-02-03;Viveros;2019;NA;18;3;77;4
2019-02-03;Politecnico;2019;12;4;2;82;4
2019-02-03;Avda. Francia;2019;16;4;2;69;4
2019-02-03;Moli del Sol;2019;26;9;1;81;3
2019-02-03;Pista Silla;2019;32;4;8;77;5
2019-02-04;Viveros;2019;NA;12;46;37;4
2019-02-04;Pista Silla;2019;23;8;47;40;7
2019-02-04;Politecnico;2019;21;11;39;44;6
2019-02-04;Avda. Francia;2019;18;9;30;36;4
2019-02-04;Moli del Sol;2019;18;16;52;38;5
2019-02-05;Pista Silla;2019;36;16;56;21;6
2019-02-05;Viveros;2019;NA;18;52;23;4
2019-02-05;Avda. Francia;2019;31;18;40;20;4
2019-02-05;Politecnico;2019;29;16;50;24;4
2019-02-05;Moli del Sol;2019;25;22;56;27;5
2019-02-06;Avda. Francia;2019;34;23;43;15;4
2019-02-06;Politecnico;2019;31;21;48;23;5
2019-02-06;Pista Silla;2019;38;20;56;18;5
2019-02-06;Viveros;2019;NA;22;51;22;5
2019-02-06;Moli del Sol;2019;32;28;61;23;7
2019-02-07;Pista Silla;2019;35;19;51;19;5
2019-02-07;Politecnico;2019;36;25;43;26;5
2019-02-07;Viveros;2019;NA;21;45;25;3
2019-02-07;Avda. Francia;2019;39;29;37;19;4
2019-02-07;Moli del Sol;2019;36;34;58;24;7
2019-02-08;Moli del Sol;2019;47;45;45;30;7
2019-02-08;Politecnico;2019;39;31;44;33;5
2019-02-08;Pista Silla;2019;NA;NA;54;22;5
2019-02-08;Avda. Francia;2019;45;36;47;26;NA
2019-02-08;Viveros;2019;NA;24;47;30;3
2019-02-09;Politecnico;2019;42;37;38;31;3
2019-02-09;Avda. Francia;2019;45;38;49;25;NA
2019-02-09;Moli del Sol;2019;53;51;36;31;8
2019-02-09;Viveros;2019;NA;31;40;30;3
2019-02-09;Pista Silla;2019;NA;NA;45;28;5
2019-02-10;Moli del Sol;2019;24;21;14;54;6
2019-02-10;Avda. Francia;2019;23;14;24;46;NA
2019-02-10;Politecnico;2019;19;13;13;54;4
2019-02-10;Viveros;2019;NA;14;19;49;4
2019-02-10;Pista Silla;2019;26;9;14;52;4
2019-02-11;Politecnico;2019;15;9;34;43;5
2019-02-11;Viveros;2019;NA;8;40;39;4
2019-02-11;Avda. Francia;2019;17;9;43;38;NA
2019-02-11;Pista Silla;2019;24;11;48;34;7
2019-02-11;Moli del Sol;2019;18;15;35;41;4
2019-02-12;Moli del Sol;2019;17;15;39;34;4
2019-02-12;Viveros;2019;20;8;45;31;5
2019-02-12;Avda. Francia;2019;20;11;53;29;NA
2019-02-12;Pista Silla;2019;26;12;54;27;4
2019-02-12;Politecnico;2019;18;11;42;33;4
2019-02-13;Moli del Sol;2019;26;23;40;33;4
2019-02-13;Avda. Francia;2019;25;15;43;38;4
2019-02-13;Politecnico;2019;20;13;28;49;3
2019-02-13;Pista Silla;2019;34;16;55;27;6
2019-02-13;Viveros;2019;24;11;37;40;4
2019-02-14;Moli del Sol;2019;25;23;41;39;3
2019-02-14;Avda. Francia;2019;19;12;39;48;5
2019-02-14;Pista Silla;2019;27;13;53;34;4
2019-02-14;Viveros;2019;20;9;35;46;3
2019-02-14;Politecnico;2019;18;13;27;55;4
2019-02-15;Pista Silla;2019;NA;NA;54;32;4
2019-02-15;Moli del Sol;2019;38;36;40;39;6
2019-02-15;Politecnico;2019;26;21;29;54;5
2019-02-15;Avda. Francia;2019;30;22;43;43;4
2019-02-15;Viveros;2019;27;14;42;43;4
2019-02-16;Avda. Francia;2019;34;28;37;49;5
2019-02-16;Moli del Sol;2019;41;39;33;46;6
2019-02-16;Pista Silla;2019;NA;NA;41;44;4
2019-02-16;Politecnico;2019;32;27;22;59;4
2019-02-16;Viveros;2019;29;18;32;51;4
2019-02-17;Avda. Francia;2019;19;15;29;54;4
2019-02-17;Viveros;2019;NA;10;21;59;3
2019-02-17;Moli del Sol;2019;23;21;19;63;3
2019-02-17;Politecnico;2019;17;15;20;62;3
2019-02-17;Pista Silla;2019;NA;NA;25;58;4
2019-02-18;Avda. Francia;2019;27;20;36;57;5
2019-02-18;Politecnico;2019;24;18;27;61;3
2019-02-18;Pista Silla;2019;29;18;46;50;6
2019-02-18;Moli del Sol;2019;35;32;36;48;3
2019-02-18;Viveros;2019;27;12;29;60;4
2019-02-19;Moli del Sol;2019;40;37;41;43;5
2019-02-19;Avda. Francia;2019;36;27;40;53;6
2019-02-19;Pista Silla;2019;39;25;49;43;5
2019-02-19;Politecnico;2019;30;25;28;61;3
2019-02-19;Viveros;2019;31;17;38;50;4
2019-02-20;Politecnico;2019;32;26;32;60;3
2019-02-20;Avda. Francia;2019;36;27;42;52;6
2019-02-20;Moli del Sol;2019;37;34;37;52;5
2019-02-20;Pista Silla;2019;39;26;51;43;5
2019-02-20;Viveros;2019;31;16;36;53;3
2019-02-21;Avda. Francia;2019;50;38;54;35;6
2019-02-21;Politecnico;2019;44;35;40;50;4
2019-02-21;Moli del Sol;2019;48;45;44;41;8
2019-02-21;Viveros;2019;38;24;50;38;3
2019-02-21;Pista Silla;2019;52;35;64;27;5
2019-02-22;Avda. Francia;2019;76;44;79;19;9
2019-02-22;Moli del Sol;2019;54;47;51;29;8
2019-02-22;Pista Silla;2019;74;37;68;23;6
2019-02-22;Politecnico;2019;61;38;63;27;5
2019-02-22;Viveros;2019;61;30;62;29;3
2019-02-23;Moli del Sol;2019;50;43;36;45;6
2019-02-23;Politecnico;2019;45;30;26;55;4
2019-02-23;Pista Silla;2019;56;30;45;38;4
2019-02-23;Avda. Francia;2019;55;32;54;35;8
2019-02-23;Viveros;2019;47;29;32;51;3
2019-02-24;Pista Silla;2019;41;28;37;53;4
2019-02-24;Viveros;2019;35;21;27;61;3
2019-02-24;Avda. Francia;2019;46;32;42;54;8
2019-02-24;Moli del Sol;2019;45;41;28;55;4
2019-02-24;Politecnico;2019;42;32;26;64;3
2019-02-25;Viveros;2019;36;19;41;42;4
2019-02-25;Avda. Francia;2019;44;31;54;36;NA
2019-02-25;Moli del Sol;2019;38;35;41;39;4
2019-02-25;Pista Silla;2019;42;26;53;34;6
2019-02-25;Politecnico;2019;42;30;37;51;4
2019-02-26;Avda. Francia;2019;44;26;66;33;NA
2019-02-26;Pista Silla;2019;41;22;60;32;6
2019-02-26;Viveros;2019;40;21;47;43;3
2019-02-26;Moli del Sol;2019;35;31;46;40;6
2019-02-26;Politecnico;2019;37;24;44;48;3
2019-02-27;Avda. Francia;2019;57;27;80;27;NA
2019-02-27;Politecnico;2019;40;23;66;33;5
2019-02-27;Viveros;2019;49;28;66;31;4
2019-02-27;Moli del Sol;2019;41;34;56;34;6
2019-02-27;Pista Silla;2019;59;24;76;25;6
2019-02-28;Moli del Sol;2019;40;32;52;34;9
2019-02-28;Pista Silla;2019;45;22;64;32;6
2019-02-28;Politecnico;2019;40;23;51;44;4
2019-02-28;Avda. Francia;2019;52;25;71;34;NA
2019-02-28;Viveros;2019;46;25;50;42;3
2019-03-01;Moli del Sol;2019;41;34;42;53;10
2019-03-01;Viveros;2019;44;24;43;50;4
2019-03-01;Avda. Francia;2019;46;30;65;41;5
2019-03-01;Pista Silla;2019;35;25;57;41;7
2019-03-01;Politecnico;2019;37;26;44;51;4
2019-03-02;Viveros;2019;50;29;37;49;3
2019-03-02;Avda. Francia;2019;48;29;60;41;5
2019-03-02;Moli del Sol;2019;38;32;32;53;4
2019-03-02;Pista Silla;2019;39;28;49;41;5
2019-03-02;Politecnico;2019;34;24;40;51;4
2019-03-03;Moli del Sol;2019;25;19;29;53;3
2019-03-03;Politecnico;2019;22;14;35;51;4
2019-03-03;Avda. Francia;2019;28;16;47;44;4
2019-03-03;Pista Silla;2019;28;16;42;43;5
2019-03-03;Viveros;2019;43;24;37;48;5
2019-03-04;Avda. Francia;2019;37;11;31;53;3
2019-03-04;Moli del Sol;2019;23;15;18;64;3
2019-03-04;Pista Silla;2019;NA;NA;21;59;4
2019-03-04;Politecnico;2019;28;10;20;60;3
2019-03-04;Viveros;2019;51;27;21;56;4
2019-03-05;Moli del Sol;2019;38;32;30;54;3
2019-03-05;Pista Silla;2019;30;18;33;53;5
2019-03-05;Avda. Francia;2019;26;17;31;55;5
2019-03-05;Politecnico;2019;23;15;15;70;5
2019-03-05;Viveros;2019;35;10;17;65;4
2019-03-06;Avda. Francia;2019;44;27;46;32;6
2019-03-06;Pista Silla;2019;44;25;36;39;5
2019-03-06;Moli del Sol;2019;41;35;30;39;3
2019-03-06;Viveros;2019;40;21;34;40;6
2019-03-06;Politecnico;2019;37;24;32;37;6
2019-03-07;Avda. Francia;2019;12;6;24;55;5
2019-03-07;Moli del Sol;2019;11;9;17;64;4
2019-03-07;Viveros;2019;31;8;22;60;4
2019-03-07;Politecnico;2019;10;6;17;64;3
2019-03-07;Pista Silla;2019;12;4;26;60;5
2019-03-08;Avda. Francia;2019;17;10;38;45;6
2019-03-08;Viveros;2019;35;14;NA;NA;NA
2019-03-08;Moli del Sol;2019;20;16;38;43;4
2019-03-08;Politecnico;2019;16;10;29;55;4
2019-03-08;Pista Silla;2019;23;11;52;40;7
2019-03-09;Pista Silla;2019;31;18;44;50;6
2019-03-09;Viveros;2019;32;19;NA;NA;NA
2019-03-09;Avda. Francia;2019;26;15;40;46;7
2019-03-09;Politecnico;2019;22;14;33;54;7
2019-03-09;Moli del Sol;2019;19;16;23;64;3
2019-03-10;Pista Silla;2019;31;17;41;43;4
2019-03-10;Politecnico;2019;22;14;25;59;5
2019-03-10;Moli del Sol;2019;23;21;29;51;5
2019-03-10;Avda. Francia;2019;25;17;37;45;7
2019-03-10;Viveros;2019;23;17;35;49;4
2019-03-11;Pista Silla;2019;29;14;51;33;5
2019-03-11;Viveros;2019;32;17;37;43;4
2019-03-11;Avda. Francia;2019;31;16;41;39;7
2019-03-11;Politecnico;2019;25;15;29;49;4
2019-03-11;Moli del Sol;2019;24;20;34;39;3
2019-03-12;Pista Silla;2019;34;16;45;38;5
2019-03-12;Politecnico;2019;29;15;32;47;4
2019-03-12;Viveros;2019;18;16;39;44;3
2019-03-12;Avda. Francia;2019;31;18;42;37;7
2019-03-12;Moli del Sol;2019;26;23;35;41;3
2019-03-13;Pista Silla;2019;32;15;43;43;6
2019-03-13;Viveros;2019;34;19;33;50;4
2019-03-13;Avda. Francia;2019;30;16;34;46;6
2019-03-13;Politecnico;2019;28;14;27;55;6
2019-03-13;Moli del Sol;2019;25;22;29;52;3
2019-03-14;Politecnico;2019;20;9;30;59;4
2019-03-14;Avda. Francia;2019;21;9;33;50;7
2019-03-14;Pista Silla;2019;29;11;42;51;7
2019-03-14;Moli del Sol;2019;14;11;35;53;4
2019-03-14;Viveros;2019;27;15;38;52;4
2019-03-15;Viveros;2019;38;24;50;39;3
2019-03-15;Politecnico;2019;33;17;39;44;5
2019-03-15;Moli del Sol;2019;26;22;51;36;4
2019-03-15;Pista Silla;2019;51;24;56;35;7
2019-03-15;Avda. Francia;2019;38;18;47;38;7
2019-03-16;Pista Silla;2019;58;37;44;48;8
2019-03-16;Moli del Sol;2019;40;37;36;55;3
2019-03-16;Politecnico;2019;35;26;22;65;4
2019-03-16;Viveros;2019;46;33;30;60;4
2019-03-16;Avda. Francia;2019;38;28;32;57;6
2019-03-17;Viveros;2019;50;33;27;68;4
2019-03-17;Avda. Francia;2019;41;24;27;64;6
2019-03-17;Moli del Sol;2019;31;26;22;68;3
2019-03-17;Pista Silla;2019;67;26;31;64;5
2019-03-17;Politecnico;2019;42;26;25;69;4
2019-03-18;Pista Silla;2019;34;13;28;65;7
2019-03-18;Viveros;2019;25;16;22;68;4
2019-03-18;Politecnico;2019;16;8;17;71;4
2019-03-18;Avda. Francia;2019;18;10;14;69;6
2019-03-18;Moli del Sol;2019;15;12;21;69;4
2019-03-19;Pista Silla;2019;32;16;25;64;6
2019-03-19;Avda. Francia;2019;19;13;10;72;6
2019-03-19;Moli del Sol;2019;14;12;16;74;3
2019-03-19;Viveros;2019;21;NA;14;74;4
2019-03-19;Politecnico;2019;14;9;10;80;4
2019-03-20;Politecnico;2019;14;10;12;73;3
2019-03-20;Avda. Francia;2019;19;14;16;63;6
2019-03-20;Viveros;2019;16;8;17;68;4
2019-03-20;Moli del Sol;2019;14;13;26;61;3
2019-03-20;Pista Silla;2019;21;12;31;59;5
2019-03-21;Viveros;2019;22;11;22;75;4
2019-03-21;Avda. Francia;2019;26;15;23;74;7
2019-03-21;Moli del Sol;2019;24;21;27;67;5
2019-03-21;Pista Silla;2019;25;13;38;62;5
2019-03-21;Politecnico;2019;24;14;17;80;3
2019-03-22;Avda. Francia;2019;31;18;35;77;NA
2019-03-22;Politecnico;2019;27;17;27;81;4
2019-03-22;Moli del Sol;2019;26;23;36;71;11
2019-03-22;Viveros;2019;28;17;28;83;3
2019-03-22;Pista Silla;2019;29;15;41;75;5
2019-03-23;Pista Silla;2019;34;22;46;61;6
2019-03-23;Viveros;2019;35;22;36;70;5
2019-03-23;Avda. Francia;2019;35;25;38;71;NA
2019-03-23;Moli del Sol;2019;33;31;34;63;4
2019-03-23;Politecnico;2019;31;22;24;84;4
2019-03-24;Politecnico;2019;31;23;27;61;4
2019-03-24;Avda. Francia;2019;31;24;29;59;NA
2019-03-24;Pista Silla;2019;33;20;35;58;4
2019-03-24;Moli del Sol;2019;29;26;26;65;7
2019-03-24;Viveros;2019;34;21;29;64;5
2019-03-25;Pista Silla;2019;39;19;54;45;6
2019-03-25;Politecnico;2019;34;22;33;57;3
2019-03-25;Moli del Sol;2019;29;25;44;54;4
2019-03-25;Avda. Francia;2019;36;24;44;49;3
2019-03-25;Viveros;2019;33;22;32;63;6
2019-03-26;Pista Silla;2019;31;16;40;58;4
2019-03-26;Viveros;2019;36;22;22;72;5
2019-03-26;Politecnico;2019;32;19;19;71;4
2019-03-26;Moli del Sol;2019;29;25;31;64;9
2019-03-26;Avda. Francia;2019;31;20;32;61;3
2019-03-27;Viveros;2019;29;15;27;75;4
2019-03-27;Avda. Francia;2019;25;14;30;67;5
2019-03-27;Politecnico;2019;24;13;25;72;6
2019-03-27;Pista Silla;2019;30;13;45;58;5
2019-03-27;Moli del Sol;2019;21;18;38;61;4
2019-03-28;Pista Silla;2019;28;13;45;60;6
2019-03-28;Viveros;2019;28;16;23;80;5
2019-03-28;Politecnico;2019;22;13;22;81;6
2019-03-28;Moli del Sol;2019;21;18;35;73;3
2019-03-28;Avda. Francia;2019;25;15;28;74;4
2019-03-29;Pista Silla;2019;25;14;41;72;5
2019-03-29;Politecnico;2019;20;13;22;86;5
2019-03-29;Moli del Sol;2019;23;20;32;77;6
2019-03-29;Avda. Francia;2019;21;14;23;84;4
2019-03-29;Viveros;2019;26;16;23;85;4
2019-03-30;Moli del Sol;2019;24;21;20;82;9
2019-03-30;Avda. Francia;2019;21;16;17;87;4
2019-03-30;Pista Silla;2019;22;14;24;82;4
2019-03-30;Viveros;2019;23;15;15;88;4
2019-03-30;Politecnico;2019;19;15;11;91;4
2019-03-31;Viveros;2019;14;10;10;84;4
2019-03-31;Avda. Francia;2019;18;16;13;79;4
2019-03-31;Politecnico;2019;17;14;8;87;3
2019-03-31;Pista Silla;2019;14;12;12;85;4
2019-03-31;Moli del Sol;2019;21;20;12;83;3
2019-04-01;Moli del Sol;2019;24;23;27;77;3
2019-04-01;Viveros;2019;16;12;21;80;4
2019-04-01;Pista Silla;2019;21;15;33;73;4
2019-04-01;Politecnico;2019;21;16;18;84;NA
2019-04-01;Avda. Francia;2019;23;18;26;68;4
2019-04-02;Avda. Francia;2019;32;27;51;25;4
2019-04-02;Moli del Sol;2019;35;33;46;25;6
2019-04-02;Pista Silla;2019;30;22;50;22;5
2019-04-02;Viveros;2019;28;19;48;25;4
2019-04-02;Politecnico;2019;32;27;38;33;NA
2019-04-03;Moli del Sol;2019;20;18;24;59;3
2019-04-03;Politecnico;2019;18;12;21;64;NA
2019-04-03;Pista Silla;2019;17;11;26;59;5
2019-04-03;Viveros;2019;19;12;24;61;3
2019-04-03;Avda. Francia;2019;20;13;28;59;4
2019-04-04;Politecnico;2019;14;8;16;74;4
2019-04-04;Viveros;2019;14;8;24;65;4
2019-04-04;Moli del Sol;2019;10;9;20;67;3
2019-04-04;Avda. Francia;2019;14;7;23;65;5
2019-04-04;Pista Silla;2019;12;6;30;63;5
2019-04-05;Moli del Sol;2019;14;12;27;55;3
2019-04-05;Viveros;2019;18;NA;32;51;4
2019-04-05;Pista Silla;2019;16;10;37;49;5
2019-04-05;Avda. Francia;2019;17;12;30;43;4
2019-04-05;Politecnico;2019;15;10;23;58;3
2019-04-06;Moli del Sol;2019;5;3;10;79;3
2019-04-06;Viveros;2019;7;1;12;77;4
2019-04-06;Pista Silla;2019;3;1;11;81;4
2019-04-06;Politecnico;2019;4;3;7;83;3
2019-04-06;Avda. Francia;2019;5;3;13;62;4
2019-04-07;Moli del Sol;2019;4;3;8;84;5
2019-04-07;Pista Silla;2019;2;1;9;86;4
2019-04-07;Avda. Francia;2019;4;3;9;69;4
2019-04-07;Viveros;2019;8;4;9;84;4
2019-04-07;Politecnico;2019;4;3;6;89;3
2019-04-08;Avda. Francia;2019;7;4;18;55;4
2019-04-08;Moli del Sol;2019;7;6;15;65;3
2019-04-08;Pista Silla;2019;6;2;18;64;5
2019-04-08;Politecnico;2019;8;4;13;67;4
2019-04-08;Viveros;2019;11;6;17;64;4
2019-04-09;Moli del Sol;2019;9;6;13;77;3
2019-04-09;Avda. Francia;2019;10;4;16;69;4
2019-04-09;Politecnico;2019;11;5;11;80;4
2019-04-09;Viveros;2019;13;9;15;76;4
2019-04-09;Pista Silla;2019;9;3;16;75;4
2019-04-10;Moli del Sol;2019;6;4;20;65;3
2019-04-10;Politecnico;2019;7;3;14;73;4
2019-04-10;Viveros;2019;9;5;20;68;4
2019-04-10;Pista Silla;2019;7;2;26;64;4
2019-04-10;Avda. Francia;2019;7;3;22;62;4
2019-04-11;Avda. Francia;2019;18;8;36;59;6
2019-04-11;Politecnico;2019;13;7;20;76;5
2019-04-11;Moli del Sol;2019;12;10;28;67;3
2019-04-11;Pista Silla;2019;16;7;36;61;5
2019-04-11;Viveros;2019;16;10;26;72;4
2019-04-12;Moli del Sol;2019;17;14;30;74;4
2019-04-12;Viveros;2019;19;13;30;77;4
2019-04-12;Avda. Francia;2019;19;11;29;74;5
2019-04-12;Pista Silla;2019;19;10;41;66;5
2019-04-12;Politecnico;2019;16;10;25;79;6
2019-04-13;Moli del Sol;2019;25;23;29;74;3
2019-04-13;Politecnico;2019;23;18;23;81;4
2019-04-13;Avda. Francia;2019;25;18;31;75;6
2019-04-13;Viveros;2019;23;17;27;80;4
2019-04-13;Pista Silla;2019;24;16;42;64;5
2019-04-14;Moli del Sol;2019;18;16;15;87;4
2019-04-14;Pista Silla;2019;22;10;22;82;4
2019-04-14;Politecnico;2019;16;11;18;94;4
2019-04-14;Avda. Francia;2019;20;12;19;91;4
2019-04-14;Viveros;2019;23;17;18;93;3
2019-04-15;Avda. Francia;2019;30;20;14;99;4
2019-04-15;Pista Silla;2019;24;16;15;96;4
2019-04-15;Viveros;2019;25;17;9;106;3
2019-04-15;Moli del Sol;2019;32;28;17;98;4
2019-04-15;Politecnico;2019;24;19;9;107;3
2019-04-16;Moli del Sol;2019;32;29;24;80;4
2019-04-16;Viveros;2019;NA;15;13;93;4
2019-04-16;Avda. Francia;2019;28;21;15;90;4
2019-04-16;Politecnico;2019;25;20;15;91;4
2019-04-16;Pista Silla;2019;28;18;27;78;5
2019-04-17;Pista Silla;2019;22;15;23;84;5
2019-04-17;Avda. Francia;2019;23;17;13;89;4
2019-04-17;Moli del Sol;2019;28;25;21;81;4
2019-04-17;Politecnico;2019;21;17;11;94;4
2019-04-17;Viveros;2019;23;14;9;97;3
2019-04-18;Pista Silla;2019;17;14;12;84;4
2019-04-18;Avda. Francia;2019;23;18;10;82;3
2019-04-18;Politecnico;2019;20;16;7;95;3
2019-04-18;Moli del Sol;2019;26;23;13;86;4
2019-04-18;Viveros;2019;27;11;9;90;5
2019-04-19;Viveros;2019;21;9;5;100;4
2019-04-19;Pista Silla;2019;15;13;9;91;4
2019-04-19;Avda. Francia;2019;20;17;9;82;4
2019-04-19;Moli del Sol;2019;25;23;8;94;3
2019-04-19;Politecnico;2019;16;14;6;102;3
2019-04-20;Politecnico;2019;26;17;4;122;4
2019-04-20;Viveros;2019;29;16;5;115;3
2019-04-20;Moli del Sol;2019;29;25;8;111;3
2019-04-20;Avda. Francia;2019;37;25;7;115;4
2019-04-20;Pista Silla;2019;25;17;6;110;4
2019-04-21;Moli del Sol;2019;26;23;7;107;3
2019-04-21;Avda. Francia;2019;33;22;7;105;6
2019-04-21;Viveros;2019;22;12;4;109;3
2019-04-21;Politecnico;2019;21;14;5;114;4
2019-04-21;Pista Silla;2019;20;14;5;104;5
2019-04-22;Moli del Sol;2019;31;29;23;52;5
2019-04-22;Avda. Francia;2019;35;25;27;49;3
2019-04-22;Politecnico;2019;25;18;20;66;4
2019-04-22;Pista Silla;2019;29;20;31;49;5
2019-04-22;Viveros;2019;24;15;30;50;3
2019-04-23;Viveros;2019;17;13;30;51;3
2019-04-23;Avda. Francia;2019;23;16;31;51;4
2019-04-23;Politecnico;2019;16;12;25;50;3
2019-04-23;Moli del Sol;2019;21;19;25;52;3
2019-04-23;Pista Silla;2019;22;14;30;49;5
2019-04-24;Avda. Francia;2019;9;4;14;85;5
2019-04-24;Moli del Sol;2019;8;6;13;81;4
2019-04-24;Politecnico;2019;7;3;11;85;3
2019-04-24;Pista Silla;2019;8;3;20;73;5
2019-04-24;Viveros;2019;13;8;16;79;4
2019-04-25;Pista Silla;2019;10;4;15;67;4
2019-04-25;Politecnico;2019;6;3;10;77;3
2019-04-25;Moli del Sol;2019;12;9;16;68;4
2019-04-25;Avda. Francia;2019;11;6;16;74;NA
2019-04-25;Viveros;2019;15;8;16;71;3
2019-04-26;Moli del Sol;2019;11;8;20;65;3
2019-04-26;Viveros;2019;15;10;18;65;4
2019-04-26;Avda. Francia;2019;12;6;19;69;5
2019-04-26;Politecnico;2019;6;3;12;74;4
2019-04-26;Pista Silla;2019;12;5;29;55;6
2019-04-27;Viveros;2019;18;13;20;65;5
2019-04-27;Avda. Francia;2019;16;10;27;60;6
2019-04-27;Pista Silla;2019;15;9;25;61;4
2019-04-27;Politecnico;2019;6;4;17;67;5
2019-04-27;Moli del Sol;2019;14;12;17;70;4
2019-04-28;Moli del Sol;2019;16;14;12;72;4
2019-04-28;Politecnico;2019;5;4;9;73;5
2019-04-28;Avda. Francia;2019;13;10;13;73;3
2019-04-28;Pista Silla;2019;12;8;17;65;4
2019-04-28;Viveros;2019;19;11;9;74;3
2019-04-29;Pista Silla;2019;17;12;19;64;4
2019-04-29;Politecnico;2019;6;5;8;73;4
2019-04-29;Viveros;2019;21;12;11;70;3
2019-04-29;Avda. Francia;2019;19;14;14;73;3
2019-04-29;Moli del Sol;2019;24;21;17;61;3
2019-04-30;Avda. Francia;2019;20;14;16;62;4
2019-04-30;Politecnico;2019;5;4;10;67;3
2019-04-30;Viveros;2019;22;11;14;63;3
2019-04-30;Pista Silla;2019;21;13;27;51;5
2019-04-30;Moli del Sol;2019;30;26;21;55;5
2019-05-01;Politecnico;2019;NA;NA;7;73;4
2019-05-01;Moli del Sol;2019;26;23;14;61;3
2019-05-01;Avda. Francia;2019;18;13;8;73;3
2019-05-01;Pista Silla;2019;18;13;16;63;4
2019-05-01;Viveros;2019;22;12;8;70;3
2019-05-02;Pista Silla;2019;17;12;35;52;5
2019-05-02;Politecnico;2019;NA;NA;11;70;4
2019-05-02;Avda. Francia;2019;16;12;18;65;4
2019-05-02;Viveros;2019;10;9;15;66;4
2019-05-02;Moli del Sol;2019;21;18;26;56;4
2019-05-03;Moli del Sol;2019;21;19;27;43;3
2019-05-03;Politecnico;2019;NA;NA;15;NA;4
2019-05-03;Avda. Francia;2019;20;14;23;55;5
2019-05-03;Pista Silla;2019;20;13;31;45;5
2019-05-03;Viveros;2019;22;11;22;50;3
2019-05-04;Viveros;2019;17;10;18;62;4
2019-05-04;Avda. Francia;2019;13;9;16;67;4
2019-05-04;Moli del Sol;2019;13;11;18;59;3
2019-05-04;Pista Silla;2019;13;8;23;55;4
2019-05-04;Politecnico;2019;NA;NA;9;NA;3
2019-05-05;Avda. Francia;2019;12;8;9;89;4
2019-05-05;Pista Silla;2019;12;7;19;70;4
2019-05-05;Moli del Sol;2019;15;13;13;72;3
2019-05-05;Viveros;2019;24;11;8;83;4
2019-05-05;Politecnico;2019;NA;NA;5;NA;4
2019-05-06;Avda. Francia;2019;17;11;17;69;4
2019-05-06;Moli del Sol;2019;21;17;17;63;4
2019-05-06;Pista Silla;2019;19;10;26;57;5
2019-05-06;Politecnico;2019;NA;NA;9;82;5
2019-05-06;Viveros;2019;24;11;7;77;3
2019-05-07;Pista Silla;2019;34;24;27;59;5
2019-05-07;Moli del Sol;2019;42;38;23;63;3
2019-05-07;Viveros;2019;34;19;15;72;3
2019-05-07;Avda. Francia;2019;32;25;22;66;5
2019-05-07;Politecnico;2019;NA;NA;11;71;4
2019-05-08;Pista Silla;2019;30;12;13;48;4
2019-05-08;Politecnico;2019;NA;NA;10;53;4
2019-05-08;Avda. Francia;2019;26;14;15;50;3
2019-05-08;Viveros;2019;28;18;12;50;3
2019-05-08;Moli del Sol;2019;24;20;12;52;4
2019-05-09;Politecnico;2019;16;5;9;63;4
2019-05-09;Viveros;2019;15;NA;14;58;3
2019-05-09;Pista Silla;2019;10;3;16;52;4
2019-05-09;Moli del Sol;2019;7;5;10;61;4
2019-05-09;Avda. Francia;2019;10;4;14;60;4
2019-05-10;Moli del Sol;2019;11;9;15;45;4
2019-05-10;Pista Silla;2019;15;4;21;39;4
2019-05-10;Politecnico;2019;16;7;10;49;3
2019-05-10;Avda. Francia;2019;12;6;15;49;4
2019-05-10;Viveros;2019;17;NA;14;44;3
2019-05-11;Pista Silla;2019;15;9;16;71;4
2019-05-11;Avda. Francia;2019;13;10;10;84;4
2019-05-11;Politecnico;2019;19;14;6;84;3
2019-05-11;Moli del Sol;2019;20;17;15;74;4
2019-05-11;Viveros;2019;20;NA;5;85;4
2019-05-12;Moli del Sol;2019;18;16;16;58;4
2019-05-12;Viveros;2019;23;NA;14;62;3
2019-05-12;Avda. Francia;2019;14;10;20;60;4
2019-05-12;Pista Silla;2019;15;8;27;50;5
2019-05-12;Politecnico;2019;20;12;10;66;3
2019-05-13;Politecnico;2019;24;15;10;84;3
2019-05-13;Viveros;2019;26;NA;10;82;4
2019-05-13;Moli del Sol;2019;24;20;17;76;5
2019-05-13;Avda. Francia;2019;15;10;12;84;3
2019-05-13;Pista Silla;2019;20;11;21;69;4
2019-05-14;Pista Silla;2019;24;11;27;69;5
2019-05-14;Avda. Francia;2019;28;13;19;79;3
2019-05-14;Moli del Sol;2019;22;19;20;75;5
2019-05-14;Politecnico;2019;36;17;12;83;3
2019-05-14;Viveros;2019;27;16;19;78;3
2019-05-15;Viveros;2019;31;14;12;87;4
2019-05-15;Pista Silla;2019;27;14;26;71;5
2019-05-15;Avda. Francia;2019;28;16;14;87;4
2019-05-15;Moli del Sol;2019;29;24;20;77;3
2019-05-15;Politecnico;2019;33;18;13;85;4
2019-05-16;Pista Silla;2019;22;11;25;82;5
2019-05-16;Avda. Francia;2019;24;13;14;95;4
2019-05-16;Moli del Sol;2019;27;22;19;94;4
2019-05-16;Politecnico;2019;36;17;8;99;5
2019-05-16;Viveros;2019;27;14;16;97;5
2019-05-17;Pista Silla;2019;22;5;14;73;4
2019-05-17;Viveros;2019;25;16;11;82;3
2019-05-17;Moli del Sol;2019;15;9;7;78;3
2019-05-17;Politecnico;2019;27;7;5;86;4
2019-05-17;Avda. Francia;2019;17;6;10;87;4
2019-05-18;Pista Silla;2019;11;5;27;59;6
2019-05-18;Moli del Sol;2019;11;10;21;62;4
2019-05-18;Politecnico;2019;12;7;7;79;3
2019-05-18;Viveros;2019;12;9;17;72;5
2019-05-18;Avda. Francia;2019;10;6;12;77;5
2019-05-19;Viveros;2019;12;8;15;66;4
2019-05-19;Pista Silla;2019;10;5;19;58;4
2019-05-19;Politecnico;2019;10;6;9;69;3
2019-05-19;Moli del Sol;2019;8;7;14;60;4
2019-05-19;Avda. Francia;2019;9;6;15;68;6
2019-05-20;Viveros;2019;14;9;15;78;5
2019-05-20;Moli del Sol;2019;10;8;17;72;3
2019-05-20;Avda. Francia;2019;10;6;15;79;5
2019-05-20;Pista Silla;2019;11;5;24;64;4
2019-05-20;Politecnico;2019;19;8;9;80;3
2019-05-21;Politecnico;2019;19;13;10;67;4
2019-05-21;Moli del Sol;2019;19;17;23;59;4
2019-05-21;Avda. Francia;2019;17;11;20;66;5
2019-05-21;Viveros;2019;18;11;20;65;4
2019-05-21;Pista Silla;2019;16;9;29;54;5
2019-05-22;Viveros;2019;16;13;15;70;4
2019-05-22;Avda. Francia;2019;17;13;16;68;5
2019-05-22;Moli del Sol;2019;19;17;22;61;4
2019-05-22;Politecnico;2019;19;14;8;71;5
2019-05-22;Pista Silla;2019;16;11;27;53;5
2019-05-23;Politecnico;2019;24;17;14;72;4
2019-05-23;Avda. Francia;2019;21;15;22;71;4
2019-05-23;Pista Silla;2019;22;13;30;60;6
2019-05-23;Moli del Sol;2019;24;21;27;60;3
2019-05-23;Viveros;2019;24;15;25;69;4
2019-05-24;Politecnico;2019;20;16;16;77;3
2019-05-24;Viveros;2019;16;12;24;70;3
2019-05-24;Moli del Sol;2019;23;21;22;71;3
2019-05-24;Pista Silla;2019;16;13;28;63;4
2019-05-24;Avda. Francia;2019;18;15;23;70;3
2019-05-25;Politecnico;2019;13;10;11;65;3
2019-05-25;Avda. Francia;2019;12;9;16;64;3
2019-05-25;Pista Silla;2019;11;8;23;53;4
2019-05-25;Viveros;2019;12;9;19;58;3
2019-05-25;Moli del Sol;2019;13;12;16;56;4
2019-05-26;Pista Silla;2019;10;6;22;44;5
2019-05-26;Viveros;2019;13;8;20;51;4
2019-05-26;Avda. Francia;2019;10;7;17;57;5
2019-05-26;Moli del Sol;2019;10;9;12;54;4
2019-05-26;Politecnico;2019;12;8;10;57;3
2019-05-27;Avda. Francia;2019;20;14;20;65;4
2019-05-27;Moli del Sol;2019;19;17;20;61;3
2019-05-27;Politecnico;2019;22;15;12;69;5
2019-05-27;Viveros;2019;17;14;19;66;4
2019-05-27;Pista Silla;2019;19;12;31;51;5
2019-05-28;Viveros;2019;19;12;24;53;4
2019-05-28;Pista Silla;2019;21;12;38;38;6
2019-05-28;Avda. Francia;2019;20;13;28;50;5
2019-05-28;Politecnico;2019;24;15;14;59;6
2019-05-28;Moli del Sol;2019;18;16;23;49;3
2019-05-29;Politecnico;2019;13;7;10;66;6
2019-05-29;Avda. Francia;2019;11;5;14;70;5
2019-05-29;Viveros;2019;12;9;19;62;4
2019-05-29;Pista Silla;2019;11;4;27;51;5
2019-05-29;Moli del Sol;2019;11;9;18;55;5
2019-05-30;Politecnico;2019;22;11;13;55;4
2019-05-30;Moli del Sol;2019;17;14;24;49;5
2019-05-30;Viveros;2019;20;13;26;50;4
2019-05-30;Avda. Francia;2019;22;11;24;49;5
2019-05-30;Pista Silla;2019;20;9;34;41;6
2019-05-31;Pista Silla;2019;22;10;39;43;7
2019-05-31;Avda. Francia;2019;22;12;21;60;5
2019-05-31;Politecnico;2019;22;13;14;58;5
2019-05-31;Viveros;2019;24;15;25;58;4
2019-05-31;Moli del Sol;2019;19;16;28;49;4
2019-06-01;Moli del Sol;2019;13;11;20;62;4
2019-06-01;Politecnico;2019;14;9;9;70;6
2019-06-01;Pista Silla;2019;12;7;26;56;6
2019-06-01;Avda. Francia;2019;16;9;17;65;7
2019-06-01;Viveros;2019;16;11;19;67;5
2019-06-02;Politecnico;2019;11;7;7;84;5
2019-06-02;Avda. Francia;2019;12;7;15;78;6
2019-06-02;Pista Silla;2019;9;4;19;69;6
2019-06-02;Moli del Sol;2019;10;9;13;77;4
2019-06-02;Viveros;2019;16;11;14;79;4
2019-06-03;Pista Silla;2019;16;8;26;68;5
2019-06-03;Avda. Francia;2019;23;10;16;80;3
2019-06-03;Viveros;2019;21;13;17;82;4
2019-06-03;Moli del Sol;2019;16;14;21;71;3
2019-06-03;Politecnico;2019;23;11;11;82;3
2019-06-04;Pista Silla;2019;19;13;24;64;4
2019-06-04;Avda. Francia;2019;22;15;14;72;4
2019-06-04;Moli del Sol;2019;24;22;19;68;4
2019-06-04;Viveros;2019;20;13;16;75;4
2019-06-04;Politecnico;2019;24;17;9;76;3
2019-06-05;Avda. Francia;2019;33;14;15;75;4
2019-06-05;Politecnico;2019;34;16;9;75;3
2019-06-05;Pista Silla;2019;38;13;20;64;4
2019-06-05;Viveros;2019;38;20;16;77;3
2019-06-05;Moli del Sol;2019;29;21;15;68;3
2019-06-06;Avda. Francia;2019;15;9;11;71;4
2019-06-06;Pista Silla;2019;17;8;26;56;5
2019-06-06;Viveros;2019;NA;10;12;73;3
2019-06-06;Moli del Sol;2019;18;15;16;66;4
2019-06-06;Politecnico;2019;17;10;8;72;3
2019-06-07;Politecnico;2019;21;11;10;75;3
2019-06-07;Avda. Francia;2019;23;11;12;77;4
2019-06-07;Moli del Sol;2019;18;15;11;72;3
2019-06-07;Pista Silla;2019;21;8;19;66;4
2019-06-07;Viveros;2019;28;15;14;77;4
2019-06-08;Pista Silla;2019;24;9;9;71;5
2019-06-08;Politecnico;2019;32;15;4;80;3
2019-06-08;Avda. Francia;2019;32;14;6;81;4
2019-06-08;Moli del Sol;2019;25;20;10;73;3
2019-06-08;Viveros;2019;NA;18;5;81;4
2019-06-09;Avda. Francia;2019;22;10;11;77;4
2019-06-09;Politecnico;2019;20;11;6;75;5
2019-06-09;Viveros;2019;28;15;15;73;4
2019-06-09;Moli del Sol;2019;18;15;14;69;3
2019-06-09;Pista Silla;2019;17;8;18;64;5
2019-06-10;Pista Silla;2019;17;8;26;65;6
2019-06-10;Viveros;2019;NA;17;13;81;4
2019-06-10;Politecnico;2019;20;11;5;86;5
2019-06-10;Moli del Sol;2019;17;14;19;71;4
2019-06-10;Avda. Francia;2019;19;10;12;83;4
2019-06-11;Avda. Francia;2019;26;11;10;76;4
2019-06-11;Moli del Sol;2019;16;12;16;64;5
2019-06-11;Viveros;2019;NA;17;7;78;4
2019-06-11;Pista Silla;2019;18;7;18;62;5
2019-06-11;Politecnico;2019;23;11;4;77;5
2019-06-12;Pista Silla;2019;10;4;24;55;5
2019-06-12;Viveros;2019;17;10;11;71;4
2019-06-12;Moli del Sol;2019;8;7;16;64;4
2019-06-12;Politecnico;2019;12;7;4;72;4
2019-06-12;Avda. Francia;2019;10;5;8;77;4
2019-06-13;Moli del Sol;2019;14;12;13;74;3
2019-06-13;Politecnico;2019;16;9;1;79;3
2019-06-13;Avda. Francia;2019;14;7;8;78;5
2019-06-13;Viveros;2019;24;13;9;80;4
2019-06-13;Pista Silla;2019;13;6;16;67;5
2019-06-14;Avda. Francia;2019;31;14;19;68;4
2019-06-14;Pista Silla;2019;25;12;35;55;5
2019-06-14;Viveros;2019;32;19;26;69;4
2019-06-14;Politecnico;2019;27;15;22;71;4
2019-06-14;Moli del Sol;2019;22;18;22;68;3
2019-06-15;Politecnico;2019;25;10;8;92;3
2019-06-15;Pista Silla;2019;20;7;15;78;4
2019-06-15;Moli del Sol;2019;14;11;10;87;3
2019-06-15;Avda. Francia;2019;23;9;11;92;5
2019-06-15;Viveros;2019;31;19;9;92;4
2019-06-16;Politecnico;2019;23;16;12;74;3
2019-06-16;Avda. Francia;2019;22;14;10;72;4
2019-06-16;Moli del Sol;2019;23;20;12;74;4
2019-06-16;Pista Silla;2019;19;13;17;65;4
2019-06-16;Viveros;2019;23;14;12;76;3
2019-06-17;Politecnico;2019;24;16;15;71;3
2019-06-17;Viveros;2019;32;19;16;69;3
2019-06-17;Pista Silla;2019;23;13;24;56;5
2019-06-17;Moli del Sol;2019;28;24;19;59;5
2019-06-17;Avda. Francia;2019;24;15;14;66;4
2019-06-18;Moli del Sol;2019;26;22;21;60;3
2019-06-18;Avda. Francia;2019;22;14;16;65;4
2019-06-18;Viveros;2019;26;15;17;71;3
2019-06-18;Pista Silla;2019;18;11;27;55;6
2019-06-18;Politecnico;2019;22;14;15;68;4
2019-06-19;Pista Silla;2019;20;12;28;60;5
2019-06-19;Moli del Sol;2019;27;23;26;61;4
2019-06-19;Avda. Francia;2019;22;15;13;73;4
2019-06-19;Politecnico;2019;24;17;13;75;5
2019-06-19;Viveros;2019;NA;NA;13;80;3
2019-06-20;Moli del Sol;2019;36;33;16;66;3
2019-06-20;Pista Silla;2019;24;17;17;64;4
2019-06-20;Viveros;2019;33;NA;5;82;3
2019-06-20;Politecnico;2019;30;24;10;73;4
2019-06-20;Avda. Francia;2019;28;20;9;74;3
2019-06-21;Avda. Francia;2019;19;14;7;77;4
2019-06-21;Viveros;2019;NA;NA;4;85;3
2019-06-21;Politecnico;2019;21;16;6;83;3
2019-06-21;Moli del Sol;2019;24;22;13;72;4
2019-06-21;Pista Silla;2019;17;11;21;63;5
2019-06-22;Avda. Francia;2019;17;13;9;71;4
2019-06-22;Politecnico;2019;20;15;9;74;3
2019-06-22;Viveros;2019;NA;NA;9;75;4
2019-06-22;Moli del Sol;2019;22;20;15;64;3
2019-06-22;Pista Silla;2019;15;11;22;57;4
2019-06-23;Moli del Sol;2019;23;21;15;61;3
2019-06-23;Politecnico;2019;21;16;13;68;3
2019-06-23;Viveros;2019;NA;NA;9;74;3
2019-06-23;Avda. Francia;2019;20;14;10;68;4
2019-06-23;Pista Silla;2019;16;11;15;60;4
2019-06-24;Viveros;2019;NA;NA;4;79;3
2019-06-24;Avda. Francia;2019;19;13;7;73;4
2019-06-24;Moli del Sol;2019;23;20;10;66;3
2019-06-24;Pista Silla;2019;16;9;10;67;4
2019-06-24;Politecnico;2019;21;15;9;72;3
2019-06-25;Pista Silla;2019;26;16;20;51;4
2019-06-25;Avda. Francia;2019;29;19;9;64;3
2019-06-25;Viveros;2019;NA;NA;7;67;3
2019-06-25;Moli del Sol;2019;40;34;14;54;3
2019-06-25;Politecnico;2019;31;22;6;67;3
2019-06-26;Pista Silla;2019;NA;NA;13;69;4
2019-06-26;Avda. Francia;2019;30;19;8;80;4
2019-06-26;Moli del Sol;2019;43;36;13;68;3
2019-06-26;Politecnico;2019;30;21;7;81;3
2019-06-26;Viveros;2019;NA;NA;5;87;3
2019-06-27;Moli del Sol;2019;27;23;26;63;3
2019-06-27;Pista Silla;2019;NA;NA;42;54;5
2019-06-27;Viveros;2019;NA;NA;21;82;3
2019-06-27;Avda. Francia;2019;24;15;18;80;4
2019-06-27;Politecnico;2019;25;17;16;87;3
2019-06-28;Pista Silla;2019;NA;NA;53;43;4
2019-06-28;Moli del Sol;2019;22;19;31;57;4
2019-06-28;Avda. Francia;2019;36;16;32;63;5
2019-06-28;Politecnico;2019;30;18;52;50;4
2019-06-28;Viveros;2019;NA;NA;47;52;3
2019-06-29;Viveros;2019;NA;NA;29;72;3
2019-06-29;Politecnico;2019;25;14;35;66;5
2019-06-29;Moli del Sol;2019;19;17;26;67;3
2019-06-29;Pista Silla;2019;NA;NA;36;57;5
2019-06-29;Avda. Francia;2019;27;13;28;66;5
2019-06-30;Pista Silla;2019;NA;NA;32;57;5
2019-06-30;Viveros;2019;32;NA;17;83;4
2019-06-30;Politecnico;2019;24;17;17;77;4
2019-06-30;Avda. Francia;2019;24;15;20;74;5
2019-06-30;Moli del Sol;2019;21;19;18;72;4
2019-07-01;Politecnico;2019;31;23;13;62;3
2019-07-01;Pista Silla;2019;NA;NA;19;60;4
2019-07-01;Avda. Francia;2019;35;22;14;66;4
2019-07-01;Moli del Sol;2019;36;32;17;NA;3
2019-07-01;Viveros;2019;36;NA;9;80;4
2019-07-02;Pista Silla;2019;NA;NA;20;64;4
2019-07-02;Moli del Sol;2019;26;24;15;68;3
2019-07-02;Viveros;2019;28;21;11;84;4
2019-07-02;Avda. Francia;2019;27;18;10;74;3
2019-07-02;Politecnico;2019;24;18;10;74;3
2019-07-03;Viveros;2019;32;NA;25;74;4
2019-07-03;Avda. Francia;2019;26;15;18;69;5
2019-07-03;Politecnico;2019;24;16;24;71;5
2019-07-03;Moli del Sol;2019;20;18;25;66;3
2019-07-03;Pista Silla;2019;NA;NA;40;51;6
2019-07-04;Avda. Francia;2019;26;15;19;66;3
2019-07-04;Politecnico;2019;24;15;21;70;5
2019-07-04;Viveros;2019;33;NA;25;73;4
2019-07-04;Pista Silla;2019;NA;NA;36;52;5
2019-07-04;Moli del Sol;2019;25;19;24;67;3
2019-07-05;Politecnico;2019;28;20;18;59;4
2019-07-05;Pista Silla;2019;NA;NA;35;45;4
2019-07-05;Avda. Francia;2019;32;21;19;56;5
2019-07-05;Moli del Sol;2019;26;24;23;59;4
2019-07-05;Viveros;2019;33;NA;21;68;4
2019-07-06;Moli del Sol;2019;39;34;18;57;3
2019-07-06;Viveros;2019;43;NA;15;66;3
2019-07-06;Pista Silla;2019;NA;NA;23;44;4
2019-07-06;Politecnico;2019;36;25;10;57;3
2019-07-06;Avda. Francia;2019;43;27;13;52;3
2019-07-07;Pista Silla;2019;NA;NA;21;44;4
2019-07-07;Politecnico;2019;37;23;19;48;3
2019-07-07;Moli del Sol;2019;37;31;18;53;4
2019-07-07;Avda. Francia;2019;45;25;18;54;4
2019-07-07;Viveros;2019;47;NA;15;58;3
2019-07-08;Avda. Francia;2019;42;25;22;48;3
2019-07-08;Moli del Sol;2019;41;34;22;42;3
2019-07-08;Viveros;2019;45;NA;21;51;3
2019-07-08;Politecnico;2019;33;22;19;44;3
2019-07-08;Pista Silla;2019;NA;NA;25;40;4
2019-07-09;Avda. Francia;2019;30;17;16;70;3
2019-07-09;Moli del Sol;2019;26;21;18;67;3
2019-07-09;Pista Silla;2019;NA;NA;26;56;5
2019-07-09;Viveros;2019;31;NA;17;76;3
2019-07-09;Politecnico;2019;25;15;13;72;3
2019-07-10;Avda. Francia;2019;24;14;14;66;3
2019-07-10;Pista Silla;2019;NA;NA;30;55;4
2019-07-10;Moli del Sol;2019;22;19;21;63;3
2019-07-10;Politecnico;2019;20;14;15;67;3
2019-07-10;Viveros;2019;23;NA;18;76;3
2019-07-11;Avda. Francia;2019;28;16;17;63;4
2019-07-11;Viveros;2019;26;17;26;72;3
2019-07-11;Politecnico;2019;22;13;24;65;4
2019-07-11;Moli del Sol;2019;22;19;22;68;3
2019-07-11;Pista Silla;2019;NA;NA;28;57;4
2019-07-12;Moli del Sol;2019;22;19;25;65;4
2019-07-12;Viveros;2019;26;19;26;74;3
2019-07-12;Politecnico;2019;20;14;20;68;3
2019-07-12;Avda. Francia;2019;27;14;16;68;4
2019-07-12;Pista Silla;2019;NA;NA;32;58;4
2019-07-13;Pista Silla;2019;NA;NA;14;68;4
2019-07-13;Politecnico;2019;19;11;15;66;3
2019-07-13;Moli del Sol;2019;20;17;16;70;3
2019-07-13;Viveros;2019;17;15;12;82;3
2019-07-13;Avda. Francia;2019;18;11;11;68;3
2019-07-14;Viveros;2019;17;14;13;72;3
2019-07-14;Moli del Sol;2019;18;16;12;66;4
2019-07-14;Avda. Francia;2019;16;10;7;67;3
2019-07-14;Pista Silla;2019;NA;NA;13;61;4
2019-07-14;Politecnico;2019;16;11;10;63;3
2019-07-15;Politecnico;2019;22;14;14;64;3
2019-07-15;Moli del Sol;2019;23;19;20;63;3
2019-07-15;Viveros;2019;20;15;17;72;3
2019-07-15;Avda. Francia;2019;23;13;11;64;4
2019-07-15;Pista Silla;2019;NA;NA;29;51;4
2019-07-16;Moli del Sol;2019;22;19;17;67;3
2019-07-16;Pista Silla;2019;NA;NA;21;60;4
2019-07-16;Politecnico;2019;21;12;11;72;3
2019-07-16;Viveros;2019;19;15;12;79;3
2019-07-16;Avda. Francia;2019;18;11;7;71;3
2019-07-17;Politecnico;2019;17;10;10;78;3
2019-07-17;Avda. Francia;2019;17;9;6;78;3
2019-07-17;Pista Silla;2019;NA;NA;23;65;4
2019-07-17;Viveros;2019;18;12;13;86;4
2019-07-17;Moli del Sol;2019;18;15;18;72;3
2019-07-18;Politecnico;2019;16;10;15;70;3
2019-07-18;Moli del Sol;2019;16;13;21;68;3
2019-07-18;Avda. Francia;2019;14;8;9;72;4
2019-07-18;Pista Silla;2019;NA;NA;27;58;4
2019-07-18;Viveros;2019;17;13;19;75;3
2019-07-19;Politecnico;2019;16;11;11;71;3
2019-07-19;Avda. Francia;2019;14;9;7;72;3
2019-07-19;Viveros;2019;17;14;13;79;3
2019-07-19;Moli del Sol;2019;19;16;19;64;4
2019-07-19;Pista Silla;2019;NA;NA;22;57;4
2019-07-20;Politecnico;2019;18;12;9;76;5
2019-07-20;Avda. Francia;2019;17;11;5;77;3
2019-07-20;Moli del Sol;2019;20;17;13;75;3
2019-07-20;Viveros;2019;19;14;11;85;4
2019-07-20;Pista Silla;2019;22;13;15;63;4
2019-07-21;Moli del Sol;2019;25;22;11;65;3
2019-07-21;Pista Silla;2019;21;13;7;60;4
2019-07-21;Viveros;2019;17;13;3;82;3
2019-07-21;Avda. Francia;2019;18;12;3;70;3
2019-07-21;Politecnico;2019;19;14;7;64;5
2019-07-22;Pista Silla;2019;26;14;35;43;4
2019-07-22;Politecnico;2019;19;14;11;66;4
2019-07-22;Moli del Sol;2019;21;19;23;58;5
2019-07-22;Avda. Francia;2019;20;13;10;67;4
2019-07-22;Viveros;2019;22;15;16;71;4
2019-07-23;Moli del Sol;2019;22;19;26;58;3
2019-07-23;Avda. Francia;2019;24;13;18;59;3
2019-07-23;Politecnico;2019;22;14;20;63;3
2019-07-23;Viveros;2019;21;20;30;62;3
2019-07-23;Pista Silla;2019;30;14;42;38;5
2019-07-24;Pista Silla;2019;34;16;44;41;6
2019-07-24;Moli del Sol;2019;26;22;30;56;3
2019-07-24;Politecnico;2019;24;17;21;58;5
2019-07-24;Viveros;2019;31;22;30;63;4
2019-07-24;Avda. Francia;2019;30;16;20;52;4
2019-07-25;Pista Silla;2019;28;15;31;54;4
2019-07-25;Politecnico;2019;23;15;23;61;5
2019-07-25;Moli del Sol;2019;23;20;26;64;3
2019-07-25;Avda. Francia;2019;24;14;14;68;3
2019-07-25;Viveros;2019;27;19;25;71;3
2019-07-26;Politecnico;2019;30;18;15;58;4
2019-07-26;Moli del Sol;2019;30;27;20;61;3
2019-07-26;Viveros;2019;29;19;19;68;4
2019-07-26;Avda. Francia;2019;25;16;12;58;4
2019-07-26;Pista Silla;2019;32;17;28;46;4
2019-07-27;Pista Silla;2019;51;17;12;51;4
2019-07-27;Politecnico;2019;33;16;12;57;4
2019-07-27;Moli del Sol;2019;30;24;14;56;3
2019-07-27;Avda. Francia;2019;39;15;8;66;5
2019-07-27;Viveros;2019;40;26;13;65;3
2019-07-28;Avda. Francia;2019;8;4;2;64;4
2019-07-28;Moli del Sol;2019;7;6;7;60;3
2019-07-28;Politecnico;2019;9;5;2;60;5
2019-07-28;Viveros;2019;NA;11;4;65;3
2019-07-28;Pista Silla;2019;9;3;8;51;4
2019-07-29;Moli del Sol;2019;18;15;20;54;4
2019-07-29;Viveros;2019;NA;15;20;56;3
2019-07-29;Avda. Francia;2019;20;9;9;53;4
2019-07-29;Pista Silla;2019;24;10;25;43;5
2019-07-29;Politecnico;2019;15;8;15;51;6
2019-07-30;Moli del Sol;2019;24;19;13;55;4
2019-07-30;Pista Silla;2019;20;10;13;49;4
2019-07-30;Viveros;2019;NA;16;3;65;3
2019-07-30;Avda. Francia;2019;24;11;5;55;4
2019-07-30;Politecnico;2019;15;9;8;56;4
2019-07-31;Viveros;2019;NA;13;4;66;3
2019-07-31;Politecnico;2019;17;10;10;56;3
2019-07-31;Moli del Sol;2019;30;23;13;59;3
2019-07-31;Avda. Francia;2019;22;11;4;61;3
2019-07-31;Pista Silla;2019;22;11;12;51;4
2019-08-01;Pista Silla;2019;22;12;20;51;4
2019-08-01;Viveros;2019;25;12;NA;70;3
2019-08-01;Moli del Sol;2019;28;22;15;60;4
2019-08-01;Avda. Francia;2019;19;11;5;65;3
2019-08-01;Politecnico;2019;16;11;8;63;3
2019-08-02;Pista Silla;2019;21;11;23;62;4
2019-08-02;Avda. Francia;2019;18;10;5;78;3
2019-08-02;Moli del Sol;2019;23;19;19;66;4
2019-08-02;Politecnico;2019;15;10;11;78;3
2019-08-02;Viveros;2019;24;14;9;84;3
2019-08-03;Moli del Sol;2019;22;18;16;72;4
2019-08-03;Viveros;2019;22;15;9;85;3
2019-08-03;Pista Silla;2019;20;12;18;64;4
2019-08-03;Politecnico;2019;15;10;8;83;3
2019-08-03;Avda. Francia;2019;17;11;7;74;4
2019-08-04;Avda. Francia;2019;16;9;4;71;4
2019-08-04;Moli del Sol;2019;24;20;11;72;3
2019-08-04;Pista Silla;2019;21;11;10;64;4
2019-08-04;Politecnico;2019;NA;NA;NA;NA;NA
2019-08-04;Viveros;2019;20;9;6;84;4
2019-08-05;Politecnico;2019;21;13;12;63;3
2019-08-05;Moli del Sol;2019;37;31;17;62;4
2019-08-05;Avda. Francia;2019;23;14;6;64;3
2019-08-05;Pista Silla;2019;33;16;21;53;5
2019-08-05;Viveros;2019;27;10;9;77;4
2019-08-06;Viveros;2019;39;14;3;80;3
2019-08-06;Moli del Sol;2019;53;44;13;64;4
2019-08-06;Avda. Francia;2019;32;21;3;68;3
2019-08-06;Pista Silla;2019;39;23;16;52;5
2019-08-06;Politecnico;2019;29;19;6;66;3
2019-08-07;Moli del Sol;2019;71;64;18;53;4
2019-08-07;Politecnico;2019;36;26;12;54;3
2019-08-07;Avda. Francia;2019;40;27;8;54;3
2019-08-07;Viveros;2019;46;23;15;64;3
2019-08-07;Pista Silla;2019;50;32;23;42;NA
2019-08-08;Pista Silla;2019;38;21;24;42;NA
2019-08-08;Moli del Sol;2019;41;34;21;53;4
2019-08-08;Avda. Francia;2019;33;19;11;57;4
2019-08-08;Politecnico;2019;28;19;15;49;4
2019-08-08;Viveros;2019;36;18;19;62;4
2019-08-09;Moli del Sol;2019;17;13;22;37;4
2019-08-09;Pista Silla;2019;45;12;35;32;6
2019-08-09;Avda. Francia;2019;42;14;29;58;4
2019-08-09;Politecnico;2019;25;11;38;34;4
2019-08-09;Viveros;2019;NA;17;34;40;4
2019-08-10;Avda. Francia;2019;23;14;16;55;3
2019-08-10;Viveros;2019;31;13;7;67;3
2019-08-10;Moli del Sol;2019;34;29;13;54;4
2019-08-10;Politecnico;2019;20;13;9;55;3
2019-08-10;Pista Silla;2019;27;15;11;43;4
2019-08-11;Viveros;2019;25;15;4;64;3
2019-08-11;Avda. Francia;2019;20;14;12;52;3
2019-08-11;Moli del Sol;2019;43;38;10;55;4
2019-08-11;Pista Silla;2019;22;15;8;40;4
2019-08-11;Politecnico;2019;16;12;5;54;3
2019-08-12;Politecnico;2019;17;11;8;37;3
2019-08-12;Viveros;2019;30;16;6;64;3
2019-08-12;Avda. Francia;2019;20;11;11;66;4
2019-08-12;Pista Silla;2019;24;11;14;43;4
2019-08-12;Moli del Sol;2019;24;20;14;50;4
2019-08-13;Politecnico;2019;15;8;8;48;3
2019-08-13;Avda. Francia;2019;20;8;11;68;3
2019-08-13;Moli del Sol;2019;20;15;14;57;4
2019-08-13;Pista Silla;2019;21;8;16;46;4
2019-08-13;Viveros;2019;28;11;6;66;3
2019-08-14;Politecnico;2019;15;10;11;50;4
2019-08-14;Moli del Sol;2019;20;16;16;55;4
2019-08-14;Pista Silla;2019;23;13;16;48;4
2019-08-14;Avda. Francia;2019;22;12;16;57;3
2019-08-14;Viveros;2019;29;13;14;65;3
2019-08-15;Moli del Sol;2019;22;19;11;56;4
2019-08-15;Viveros;2019;25;13;8;66;3
2019-08-15;Avda. Francia;2019;17;11;11;61;4
2019-08-15;Pista Silla;2019;21;13;8;50;4
2019-08-15;Politecnico;2019;14;10;7;51;3
2019-08-16;Viveros;2019;20;13;5;68;3
2019-08-16;Moli del Sol;2019;19;17;10;59;4
2019-08-16;Pista Silla;2019;18;12;9;49;5
2019-08-16;Avda. Francia;2019;15;10;9;60;4
2019-08-16;Politecnico;2019;12;9;3;55;3
2019-08-17;Avda. Francia;2019;16;11;11;51;3
2019-08-17;Politecnico;2019;11;9;5;47;3
2019-08-17;Viveros;2019;25;7;8;58;3
2019-08-17;Moli del Sol;2019;20;17;10;48;4
2019-08-17;Pista Silla;2019;17;12;8;42;4
2019-08-18;Moli del Sol;2019;28;24;8;49;4
2019-08-18;Viveros;2019;26;8;5;59;3
2019-08-18;Politecnico;2019;12;10;4;49;3
2019-08-18;Avda. Francia;2019;16;12;9;50;4
2019-08-18;Pista Silla;2019;18;13;5;40;4
2019-08-19;Avda. Francia;2019;19;13;10;53;4
2019-08-19;Moli del Sol;2019;34;28;10;51;4
2019-08-19;Viveros;2019;NA;8;3;62;3
2019-08-19;Pista Silla;2019;21;14;7;42;4
2019-08-19;Politecnico;2019;14;10;5;49;3
2019-08-20;Pista Silla;2019;28;12;6;56;4
2019-08-20;Politecnico;2019;24;11;7;53;3
2019-08-20;Avda. Francia;2019;32;15;11;68;3
2019-08-20;Moli del Sol;2019;33;23;8;63;4
2019-08-20;Viveros;2019;NA;23;5;69;3
2019-08-21;Avda. Francia;2019;13;7;12;69;3
2019-08-21;Moli del Sol;2019;18;15;14;56;4
2019-08-21;Viveros;2019;19;5;10;63;3
2019-08-21;Politecnico;2019;9;6;6;63;3
2019-08-21;Pista Silla;2019;16;8;18;57;4
2019-08-22;Viveros;2019;20;12;16;60;3
2019-08-22;Politecnico;2019;10;8;11;62;3
2019-08-22;Pista Silla;2019;14;8;22;57;4
2019-08-22;Avda. Francia;2019;13;7;18;63;4
2019-08-22;Moli del Sol;2019;15;13;17;50;4
2019-08-23;Avda. Francia;2019;23;10;26;70;4
2019-08-23;Pista Silla;2019;20;10;25;65;4
2019-08-23;Politecnico;2019;15;10;15;68;3
2019-08-23;Moli del Sol;2019;18;15;18;56;4
2019-08-23;Viveros;2019;20;15;20;65;3
2019-08-24;Viveros;2019;20;16;15;66;3
2019-08-24;Pista Silla;2019;19;13;21;64;4
2019-08-24;Moli del Sol;2019;20;18;16;57;4
2019-08-24;Avda. Francia;2019;16;11;21;66;5
2019-08-24;Politecnico;2019;16;13;11;68;3
2019-08-25;Moli del Sol;2019;24;22;13;55;4
2019-08-25;Viveros;2019;21;15;11;62;3
2019-08-25;Avda. Francia;2019;17;14;15;62;3
2019-08-25;Politecnico;2019;17;14;8;65;3
2019-08-25;Pista Silla;2019;20;16;13;65;4
2019-08-26;Moli del Sol;2019;28;26;15;60;4
2019-08-26;Politecnico;2019;20;17;9;75;4
2019-08-26;Viveros;2019;NA;18;8;75;3
2019-08-26;Pista Silla;2019;25;18;16;75;5
2019-08-26;Avda. Francia;2019;18;15;11;75;3
2019-08-27;Viveros;2019;14;11;20;59;3
2019-08-27;Politecnico;2019;11;9;14;68;3
2019-08-27;Avda. Francia;2019;12;9;23;63;4
2019-08-27;Moli del Sol;2019;15;13;17;51;4
2019-08-27;Pista Silla;2019;15;10;19;62;4
2019-08-28;Viveros;2019;19;14;19;59;3
2019-08-28;Pista Silla;2019;18;11;29;51;4
2019-08-28;Avda. Francia;2019;15;10;28;61;3
2019-08-28;Politecnico;2019;13;10;16;65;3
2019-08-28;Moli del Sol;2019;15;13;22;45;4
2019-08-29;Avda. Francia;2019;19;12;34;53;4
2019-08-29;Pista Silla;2019;23;14;31;53;5
2019-08-29;Moli del Sol;2019;19;17;22;50;4
2019-08-29;Politecnico;2019;14;11;22;59;3
2019-08-29;Viveros;2019;NA;17;26;58;3
2019-08-30;Avda. Francia;2019;22;13;34;55;6
2019-08-30;Politecnico;2019;18;13;23;56;3
2019-08-30;Viveros;2019;24;20;26;57;3
2019-08-30;Pista Silla;2019;25;15;32;52;5
2019-08-30;Moli del Sol;2019;21;19;23;48;4
2019-08-31;Moli del Sol;2019;18;16;21;53;4
2019-08-31;Politecnico;2019;16;12;26;58;5
2019-08-31;Avda. Francia;2019;19;13;35;57;4
2019-08-31;Pista Silla;2019;23;14;30;56;5
2019-08-31;Viveros;2019;24;20;35;53;3
2019-09-01;Moli del Sol;2019;20;18;14;68;4
2019-09-01;Pista Silla;2019;22;14;15;84;4
2019-09-01;Viveros;2019;26;21;15;78;3
2019-09-01;Avda. Francia;2019;19;14;19;76;6
2019-09-01;Politecnico;2019;16;13;12;81;3
2019-09-02;Avda. Francia;2019;11;8;24;67;5
2019-09-02;Moli del Sol;2019;17;15;18;59;4
2019-09-02;Viveros;2019;16;11;16;69;4
2019-09-02;Pista Silla;2019;15;9;24;70;4
2019-09-02;Politecnico;2019;9;8;9;78;3
2019-09-03;Moli del Sol;2019;18;15;19;45;4
2019-09-03;Pista Silla;2019;16;9;19;61;4
2019-09-03;Viveros;2019;NA;11;11;60;3
2019-09-03;Politecnico;2019;10;7;10;60;3
2019-09-03;Avda. Francia;2019;11;7;19;59;3
2019-09-04;Pista Silla;2019;17;10;23;54;4
2019-09-04;Viveros;2019;22;12;14;60;3
2019-09-04;Avda. Francia;2019;12;9;20;56;4
2019-09-04;Moli del Sol;2019;19;16;17;48;4
2019-09-04;Politecnico;2019;10;8;11;59;3
2019-09-05;Moli del Sol;2019;17;14;18;51;4
2019-09-05;Politecnico;2019;10;7;11;61;4
2019-09-05;Viveros;2019;25;13;17;57;3
2019-09-05;Avda. Francia;2019;14;7;17;65;4
2019-09-05;Pista Silla;2019;18;8;23;58;4
2019-09-06;Moli del Sol;2019;17;13;15;47;3
2019-09-06;Politecnico;2019;9;5;8;60;3
2019-09-06;Avda. Francia;2019;11;6;8;62;4
2019-09-06;Pista Silla;2019;15;7;19;54;4
2019-09-06;Viveros;2019;21;11;12;55;3
2019-09-07;Pista Silla;2019;17;9;14;68;4
2019-09-07;Viveros;2019;19;NA;9;61;3
2019-09-07;Avda. Francia;2019;11;7;5;64;3
2019-09-07;Politecnico;2019;8;6;6;72;3
2019-09-07;Moli del Sol;2019;20;16;12;54;4
2019-09-08;Avda. Francia;2019;12;8;10;60;4
2019-09-08;Viveros;2019;22;10;12;53;3
2019-09-08;Moli del Sol;2019;19;16;12;48;3
2019-09-08;Pista Silla;2019;17;10;13;62;4
2019-09-08;Politecnico;2019;8;7;8;63;4
2019-09-09;Politecnico;2019;10;8;15;63;4
2019-09-09;Moli del Sol;2019;20;17;19;49;4
2019-09-09;Pista Silla;2019;23;11;25;58;5
2019-09-09;Avda. Francia;2019;17;9;17;58;4
2019-09-09;Viveros;2019;25;13;21;55;3
2019-09-10;Moli del Sol;2019;12;9;9;46;5
2019-09-10;Pista Silla;2019;23;6;14;53;4
2019-09-10;Avda. Francia;2019;17;6;8;63;4
2019-09-10;Viveros;2019;22;15;13;50;3
2019-09-10;Politecnico;2019;13;6;9;56;4
2019-09-11;Politecnico;2019;6;5;9;67;3
2019-09-11;Avda. Francia;2019;8;6;13;57;4
2019-09-11;Pista Silla;2019;10;6;14;67;4
2019-09-11;Viveros;2019;12;6;12;59;3
2019-09-11;Moli del Sol;2019;11;9;9;55;5
2019-09-12;Pista Silla;2019;21;11;13;92;4
2019-09-12;Politecnico;2019;9;6;7;94;4
2019-09-12;Viveros;2019;NA;NA;9;81;3
2019-09-12;Avda. Francia;2019;23;12;8;79;5
2019-09-12;Moli del Sol;2019;21;17;11;73;4
2019-09-13;Avda. Francia;2019;20;13;7;79;3
2019-09-13;Moli del Sol;2019;25;20;9;72;4
2019-09-13;Politecnico;2019;8;6;5;97;4
2019-09-13;Pista Silla;2019;19;12;10;94;4
2019-09-13;Viveros;2019;24;12;12;78;4
2019-09-14;Avda. Francia;2019;18;12;8;74;3
2019-09-14;Moli del Sol;2019;24;19;6;70;4
2019-09-14;Politecnico;2019;9;7;5;89;3
2019-09-14;Viveros;2019;23;12;9;76;3
2019-09-14;Pista Silla;2019;20;13;11;87;4
2019-09-15;Avda. Francia;2019;26;18;5;79;5
2019-09-15;Pista Silla;2019;26;19;3;104;4
2019-09-15;Viveros;2019;26;17;4;88;3
2019-09-15;Moli del Sol;2019;35;30;3;81;4
2019-09-15;Politecnico;2019;10;9;4;97;3
2019-09-16;Politecnico;2019;9;8;9;78;3
2019-09-16;Viveros;2019;27;19;14;69;3
2019-09-16;Avda. Francia;2019;23;17;10;66;3
2019-09-16;Moli del Sol;2019;37;32;14;58;4
2019-09-16;Pista Silla;2019;31;22;22;69;5
2019-09-17;Avda. Francia;2019;33;22;32;38;4
2019-09-17;Pista Silla;2019;41;26;38;35;7
2019-09-17;Moli del Sol;2019;35;31;23;36;4
2019-09-17;Viveros;2019;35;23;36;42;3
2019-09-17;Politecnico;2019;16;12;24;50;4
2019-09-18;Moli del Sol;2019;18;15;19;44;4
2019-09-18;Pista Silla;2019;28;14;35;46;5
2019-09-18;Avda. Francia;2019;20;12;27;49;5
2019-09-18;Politecnico;2019;16;10;20;56;4
2019-09-18;Viveros;2019;27;18;28;51;3
2019-09-19;Politecnico;2019;21;15;17;59;3
2019-09-19;Moli del Sol;2019;31;28;15;50;4
2019-09-19;Avda. Francia;2019;26;18;22;52;3
2019-09-19;Pista Silla;2019;35;22;30;53;5
2019-09-19;Viveros;2019;31;NA;18;60;3
2019-09-20;Viveros;2019;30;NA;13;75;3
2019-09-20;Moli del Sol;2019;34;30;14;60;4
2019-09-20;Pista Silla;2019;32;20;23;74;5
2019-09-20;Avda. Francia;2019;23;17;12;65;3
2019-09-20;Politecnico;2019;14;11;11;75;3
2019-09-21;Avda. Francia;2019;18;13;11;66;4
2019-09-21;Pista Silla;2019;24;15;18;75;4
2019-09-21;Moli del Sol;2019;24;21;9;63;4
2019-09-21;Politecnico;2019;12;9;12;76;3
2019-09-21;Viveros;2019;24;NA;16;71;3
2019-09-22;Moli del Sol;2019;13;11;5;39;4
2019-09-22;Avda. Francia;2019;11;8;5;48;4
2019-09-22;Viveros;2019;18;NA;11;45;3
2019-09-22;Pista Silla;2019;13;8;7;51;4
2019-09-22;Politecnico;2019;7;5;7;49;3
2019-09-23;Moli del Sol;2019;12;9;14;42;4
2019-09-23;Avda. Francia;2019;11;6;17;49;5
2019-09-23;Pista Silla;2019;18;7;27;44;6
2019-09-23;Politecnico;2019;9;4;17;51;4
2019-09-23;Viveros;2019;NA;NA;23;47;3
2019-09-24;Moli del Sol;2019;14;11;13;42;4
2019-09-24;Pista Silla;2019;21;8;25;50;5
2019-09-24;Politecnico;2019;10;5;26;46;4
2019-09-24;Viveros;2019;NA;NA;29;48;3
2019-09-24;Avda. Francia;2019;18;8;23;52;3
2019-09-25;Moli del Sol;2019;17;13;13;44;4
2019-09-25;Politecnico;2019;9;5;10;57;3
2019-09-25;Avda. Francia;2019;11;6;11;54;3
2019-09-25;Pista Silla;2019;19;8;23;50;6
2019-09-25;Viveros;2019;16;9;15;54;3
2019-09-26;Viveros;2019;18;12;23;49;3
2019-09-26;Politecnico;2019;15;11;19;47;4
2019-09-26;Avda. Francia;2019;17;12;16;49;3
2019-09-26;Moli del Sol;2019;30;25;13;43;4
2019-09-26;Pista Silla;2019;23;14;21;54;4
2019-09-27;Moli del Sol;2019;31;27;18;42;4
2019-09-27;Viveros;2019;20;16;27;51;3
2019-09-27;Avda. Francia;2019;21;15;19;47;4
2019-09-27;Politecnico;2019;16;13;16;56;3
2019-09-27;Pista Silla;2019;29;18;26;48;5
2019-09-28;Moli del Sol;2019;27;24;11;44;4
2019-09-28;Viveros;2019;15;12;16;53;3
2019-09-28;Avda. Francia;2019;18;13;16;47;4
2019-09-28;Pista Silla;2019;23;16;18;55;4
2019-09-28;Politecnico;2019;16;13;12;53;3
2019-09-29;Moli del Sol;2019;26;24;13;40;4
2019-09-29;Pista Silla;2019;27;18;18;50;4
2019-09-29;Politecnico;2019;17;14;17;47;3
2019-09-29;Viveros;2019;18;15;22;48;3
2019-09-29;Avda. Francia;2019;20;15;17;46;3
2019-09-30;Moli del Sol;2019;36;32;15;45;4
2019-09-30;Politecnico;2019;24;19;17;55;3
2019-09-30;Avda. Francia;2019;25;20;18;51;4
2019-09-30;Pista Silla;2019;37;24;21;60;6
2019-09-30;Viveros;2019;22;17;17;59;3
2019-10-01;Moli del Sol;2019;38;34;19;40;4
2019-10-01;Avda. Francia;2019;34;23;25;44;3
2019-10-01;Viveros;2019;28;21;35;45;3
2019-10-01;Pista Silla;2019;45;28;29;47;7
2019-10-01;Politecnico;2019;26;19;26;47;3
2019-10-02;Viveros;2019;23;12;32;40;3
2019-10-02;Politecnico;2019;17;7;24;43;5
2019-10-02;Avda. Francia;2019;20;7;23;47;4
2019-10-02;Pista Silla;2019;24;8;28;42;5
2019-10-02;Moli del Sol;2019;18;14;16;36;5
2019-10-03;Moli del Sol;2019;11;8;20;38;5
2019-10-03;Avda. Francia;2019;16;6;14;53;4
2019-10-03;Pista Silla;2019;24;7;29;44;7
2019-10-03;Politecnico;2019;11;5;20;51;4
2019-10-03;Viveros;2019;20;11;34;40;3
2019-10-04;Politecnico;2019;15;7;24;56;4
2019-10-04;Avda. Francia;2019;23;10;24;51;5
2019-10-04;Pista Silla;2019;32;11;35;48;5
2019-10-04;Viveros;2019;25;15;38;47;3
2019-10-04;Moli del Sol;2019;19;15;20;45;4
2019-10-05;Politecnico;2019;12;8;18;53;5
2019-10-05;Viveros;2019;16;13;23;52;3
2019-10-05;Pista Silla;2019;22;10;25;52;4
2019-10-05;Moli del Sol;2019;16;14;14;44;3
2019-10-05;Avda. Francia;2019;14;8;17;54;3
2019-10-06;Avda. Francia;2019;13;10;8;56;4
2019-10-06;Moli del Sol;2019;22;20;9;52;3
2019-10-06;Pista Silla;2019;19;12;17;61;4
2019-10-06;Viveros;2019;15;14;14;58;3
2019-10-06;Politecnico;2019;12;9;12;59;4
2019-10-07;Moli del Sol;2019;26;22;18;33;3
2019-10-07;Politecnico;2019;15;10;20;45;3
2019-10-07;Pista Silla;2019;36;18;33;28;5
2019-10-07;Viveros;2019;27;16;26;41;3
2019-10-07;Avda. Francia;2019;21;13;17;43;4
2019-10-08;Pista Silla;2019;29;13;32;39;5
2019-10-08;Politecnico;2019;12;8;22;46;4
2019-10-08;Viveros;2019;31;13;33;40;4
2019-10-08;Moli del Sol;2019;26;21;17;39;3
2019-10-08;Avda. Francia;2019;22;13;20;42;4
2019-10-09;Moli del Sol;2019;26;22;11;49;3
2019-10-09;Pista Silla;2019;22;13;20;55;4
2019-10-09;Viveros;2019;26;12;14;56;3
2019-10-09;Avda. Francia;2019;14;11;11;52;3
2019-10-09;Politecnico;2019;10;7;13;60;4
2019-10-10;Politecnico;2019;7;4;8;56;3
2019-10-10;Avda. Francia;2019;9;6;3;55;4
2019-10-10;Moli del Sol;2019;20;16;11;43;3
2019-10-10;Viveros;2019;20;7;10;53;3
2019-10-10;Pista Silla;2019;13;6;11;61;4
2019-10-11;Politecnico;2019;6;4;12;54;3
2019-10-11;Avda. Francia;2019;14;10;10;46;4
2019-10-11;Viveros;2019;21;10;23;44;3
2019-10-11;Moli del Sol;2019;23;19;15;41;3
2019-10-11;Pista Silla;2019;18;12;26;44;6
2019-10-12;Moli del Sol;2019;28;23;12;39;3
2019-10-12;Politecnico;2019;6;5;7;53;3
2019-10-12;Pista Silla;2019;11;7;14;56;4
2019-10-12;Viveros;2019;20;8;9;51;3
2019-10-12;Avda. Francia;2019;11;8;3;51;3
2019-10-13;Moli del Sol;2019;31;27;10;45;3
2019-10-13;Avda. Francia;2019;14;11;4;56;4
2019-10-13;Viveros;2019;22;10;13;51;3
2019-10-13;Pista Silla;2019;13;9;15;60;4
2019-10-13;Politecnico;2019;8;6;7;62;3
2019-10-14;Avda. Francia;2019;17;13;8;52;4
2019-10-14;Moli del Sol;2019;32;28;16;38;3
2019-10-14;Pista Silla;2019;17;10;22;51;5
2019-10-14;Politecnico;2019;11;8;18;46;3
2019-10-14;Viveros;2019;27;13;21;46;3
2019-10-15;Politecnico;2019;7;3;14;48;3
2019-10-15;Avda. Francia;2019;7;3;5;59;4
2019-10-15;Moli del Sol;2019;7;5;12;42;4
2019-10-15;Pista Silla;2019;7;2;16;52;5
2019-10-15;Viveros;2019;NA;NA;26;40;3
2019-10-16;Avda. Francia;2019;14;7;19;53;5
2019-10-16;Pista Silla;2019;14;5;28;41;8
2019-10-16;Politecnico;2019;11;4;26;42;5
2019-10-16;Viveros;2019;23;13;36;35;3
2019-10-16;Moli del Sol;2019;18;14;22;32;4
2019-10-17;Politecnico;2019;11;4;24;54;5
2019-10-17;Moli del Sol;2019;19;14;24;36;3
2019-10-17;Pista Silla;2019;16;6;26;54;5
2019-10-17;Avda. Francia;2019;14;7;25;59;4
2019-10-17;Viveros;2019;25;12;35;44;4
2019-10-18;Politecnico;2019;8;4;22;38;5
2019-10-18;Pista Silla;2019;17;8;24;38;4
2019-10-18;Moli del Sol;2019;20;17;18;33;3
2019-10-18;Avda. Francia;2019;19;12;27;39;3
2019-10-18;Viveros;2019;25;15;34;30;3
2019-10-19;Moli del Sol;2019;19;17;13;46;3
2019-10-19;Viveros;2019;25;12;22;46;3
2019-10-19;Avda. Francia;2019;14;9;27;49;4
2019-10-19;Pista Silla;2019;16;8;20;54;4
2019-10-19;Politecnico;2019;NA;NA;19;52;5
2019-10-20;Politecnico;2019;NA;NA;10;50;4
2019-10-20;Moli del Sol;2019;10;9;8;42;3
2019-10-20;Pista Silla;2019;7;4;11;51;4
2019-10-20;Avda. Francia;2019;7;6;15;51;6
2019-10-20;Viveros;2019;13;6;16;43;4
2019-10-21;Politecnico;2019;NA;NA;18;42;3
2019-10-21;Avda. Francia;2019;8;6;19;46;6
2019-10-21;Viveros;2019;13;8;28;34;3
2019-10-21;Moli del Sol;2019;13;12;19;31;3
2019-10-21;Pista Silla;2019;10;6;25;38;7
2019-10-22;Pista Silla;2019;4;3;22;37;5
2019-10-22;Viveros;2019;8;4;29;29;3
2019-10-22;Politecnico;2019;NA;NA;20;37;3
2019-10-22;Avda. Francia;2019;5;4;27;34;3
2019-10-22;Moli del Sol;2019;7;7;15;31;3
2019-10-23;Viveros;2019;8;5;20;38;4
2019-10-23;Pista Silla;2019;4;2;12;50;4
2019-10-23;Politecnico;2019;NA;NA;15;43;3
2019-10-23;Moli del Sol;2019;6;5;11;39;3
2019-10-23;Avda. Francia;2019;4;3;13;49;5
2019-10-24;Moli del Sol;2019;7;6;16;33;3
2019-10-24;Pista Silla;2019;8;4;23;36;7
2019-10-24;Viveros;2019;13;7;28;32;5
2019-10-24;Avda. Francia;2019;8;5;21;41;3
2019-10-24;Politecnico;2019;NA;NA;20;40;NA
2019-10-25;Pista Silla;2019;19;12;48;27;8
2019-10-25;Moli del Sol;2019;NA;NA;26;29;3
2019-10-25;Avda. Francia;2019;20;14;36;37;4
2019-10-25;Viveros;2019;28;17;48;25;4
2019-10-25;Politecnico;2019;25;13;33;36;NA
2019-10-26;Moli del Sol;2019;16;15;19;33;3
2019-10-26;Pista Silla;2019;17;12;42;27;4
2019-10-26;Viveros;2019;21;12;26;37;4
2019-10-26;Politecnico;2019;20;13;22;42;4
2019-10-26;Avda. Francia;2019;15;12;35;35;3
2019-10-27;Moli del Sol;2019;NA;NA;16;38;3
2019-10-27;Pista Silla;2019;17;15;33;33;4
2019-10-27;Politecnico;2019;21;16;19;46;4
2019-10-27;Viveros;2019;20;15;22;40;3
2019-10-27;Avda. Francia;2019;17;16;28;41;3
2019-10-28;Politecnico;2019;38;26;35;25;3
2019-10-28;Pista Silla;2019;33;23;50;17;6
2019-10-28;Moli del Sol;2019;NA;NA;30;18;3
2019-10-28;Avda. Francia;2019;32;27;38;22;3
2019-10-28;Viveros;2019;29;22;43;19;4
2019-10-29;Politecnico;2019;53;36;34;26;3
2019-10-29;Viveros;2019;29;30;40;23;3
2019-10-29;Avda. Francia;2019;42;36;49;19;4
2019-10-29;Moli del Sol;2019;NA;NA;30;21;3
2019-10-29;Pista Silla;2019;42;31;58;15;6
2019-10-30;Avda. Francia;2019;33;28;49;21;5
2019-10-30;Pista Silla;2019;35;25;58;15;6
2019-10-30;Moli del Sol;2019;NA;NA;32;21;4
2019-10-30;Viveros;2019;24;25;47;21;3
2019-10-30;Politecnico;2019;40;26;33;31;4
2019-10-31;Politecnico;2019;22;9;33;25;3
2019-10-31;Viveros;2019;16;13;44;18;3
2019-10-31;Moli del Sol;2019;17;14;28;19;3
2019-10-31;Pista Silla;2019;15;7;48;18;5
2019-10-31;Avda. Francia;2019;13;8;39;23;5
2019-11-01;Moli del Sol;2019;10;8;9;29;3
2019-11-01;Politecnico;2019;14;6;15;32;3
2019-11-01;Avda. Francia;2019;8;6;23;30;4
2019-11-01;Pista Silla;2019;10;5;20;26;4
2019-11-01;Viveros;2019;13;9;19;27;4
2019-11-02;Moli del Sol;2019;16;11;2;46;3
2019-11-02;Viveros;2019;18;9;6;45;4
2019-11-02;Pista Silla;2019;13;4;6;46;4
2019-11-02;Avda. Francia;2019;10;6;9;51;3
2019-11-02;Politecnico;2019;21;7;4;50;4
2019-11-03;Avda. Francia;2019;7;3;4;78;3
2019-11-03;Viveros;2019;17;10;4;67;3
2019-11-03;Politecnico;2019;17;4;2;73;NA
2019-11-03;Moli del Sol;2019;12;7;1;64;3
2019-11-03;Pista Silla;2019;15;2;5;66;4
2019-11-04;Pista Silla;2019;10;2;10;56;5
2019-11-04;Politecnico;2019;18;5;7;60;NA
2019-11-04;Avda. Francia;2019;6;3;8;64;5
2019-11-04;Moli del Sol;2019;14;9;5;55;3
2019-11-04;Viveros;2019;16;9;10;55;3
2019-11-05;Avda. Francia;2019;5;2;10;61;4
2019-11-05;Pista Silla;2019;8;2;16;51;5
2019-11-05;Politecnico;2019;12;3;8;59;3
2019-11-05;Viveros;2019;14;7;14;52;3
2019-11-05;Moli del Sol;2019;7;4;6;53;3
2019-11-06;Moli del Sol;2019;8;6;14;35;3
2019-11-06;Pista Silla;2019;20;4;30;30;8
2019-11-06;Politecnico;2019;14;4;17;41;3
2019-11-06;Viveros;2019;14;8;23;35;3
2019-11-06;Avda. Francia;2019;6;4;19;40;5
2019-11-07;Moli del Sol;2019;10;7;8;43;3
2019-11-07;Pista Silla;2019;11;3;17;41;5
2019-11-07;Avda. Francia;2019;8;4;12;49;5
2019-11-07;Politecnico;2019;15;5;11;48;4
2019-11-07;Viveros;2019;14;7;18;40;3
2019-11-08;Avda. Francia;2019;5;3;13;54;5
2019-11-08;Pista Silla;2019;10;2;17;46;5
2019-11-08;Viveros;2019;10;7;16;47;3
2019-11-08;Politecnico;2019;12;3;11;53;4
2019-11-08;Moli del Sol;2019;7;4;7;50;3
2019-11-09;Avda. Francia;2019;5;3;6;58;4
2019-11-09;Moli del Sol;2019;6;4;2;53;3
2019-11-09;Politecnico;2019;8;3;4;58;4
2019-11-09;Viveros;2019;9;5;7;52;3
2019-11-09;Pista Silla;2019;7;2;9;52;5
2019-11-10;Politecnico;2019;8;2;1;67;4
2019-11-10;Avda. Francia;2019;4;2;2;72;5
2019-11-10;Viveros;2019;10;5;3;60;3
2019-11-10;Pista Silla;2019;5;1;8;58;4
2019-11-10;Moli del Sol;2019;4;3;1;57;3
2019-11-11;Moli del Sol;2019;8;6;6;50;3
2019-11-11;Avda. Francia;2019;6;3;12;56;3
2019-11-11;Pista Silla;2019;8;2;20;45;7
2019-11-11;Politecnico;2019;11;3;9;57;4
2019-11-11;Viveros;2019;13;8;13;50;3
2019-11-12;Pista Silla;2019;9;3;23;50;7
2019-11-12;Viveros;2019;15;6;15;54;3
2019-11-12;Avda. Francia;2019;6;3;12;64;4
2019-11-12;Politecnico;2019;14;5;9;62;4
2019-11-12;Moli del Sol;2019;11;7;9;52;3
2019-11-13;Politecnico;2019;14;7;20;35;5
2019-11-13;Viveros;2019;NA;8;33;24;5
2019-11-13;Avda. Francia;2019;8;6;20;34;4
2019-11-13;Moli del Sol;2019;15;13;21;25;4
2019-11-13;Pista Silla;2019;10;5;35;25;7
2019-11-14;Viveros;2019;7;5;15;47;3
2019-11-14;Moli del Sol;2019;7;6;7;47;3
2019-11-14;Politecnico;2019;9;4;11;52;5
2019-11-14;Avda. Francia;2019;5;4;15;52;3
2019-11-14;Pista Silla;2019;8;2;16;47;4
2019-11-15;Moli del Sol;2019;6;4;11;41;4
2019-11-15;Viveros;2019;NA;4;21;40;3
2019-11-15;Politecnico;2019;7;3;15;45;5
2019-11-15;Avda. Francia;2019;4;3;18;44;4
2019-11-15;Pista Silla;2019;5;2;25;37;6
2019-11-16;Politecnico;2019;9;4;14;43;5
2019-11-16;Pista Silla;2019;7;3;24;34;5
2019-11-16;Viveros;2019;8;6;22;36;3
2019-11-16;Avda. Francia;2019;5;4;18;41;4
2019-11-16;Moli del Sol;2019;8;7;13;35;5
2019-11-17;Politecnico;2019;9;5;7;51;3
2019-11-17;Pista Silla;2019;11;4;10;46;4
2019-11-17;Viveros;2019;NA;6;12;43;3
2019-11-17;Avda. Francia;2019;6;4;8;53;4
2019-11-17;Moli del Sol;2019;8;7;6;44;4
2019-11-18;Viveros;2019;10;6;26;36;3
2019-11-18;Avda. Francia;2019;4;3;21;42;5
2019-11-18;Pista Silla;2019;7;3;35;28;6
2019-11-18;Politecnico;2019;8;4;14;47;3
2019-11-18;Moli del Sol;2019;7;6;15;35;4
2019-11-19;Politecnico;2019;14;8;27;33;6
2019-11-19;Avda. Francia;2019;9;7;27;32;4
2019-11-19;Viveros;2019;NA;9;37;25;4
2019-11-19;Moli del Sol;2019;12;10;24;27;3
2019-11-19;Pista Silla;2019;11;5;39;23;7
2019-11-20;Politecnico;2019;18;10;26;35;6
2019-11-20;Moli del Sol;2019;14;12;20;31;5
2019-11-20;Pista Silla;2019;15;7;38;26;5
2019-11-20;Viveros;2019;24;11;33;29;3
2019-11-20;Avda. Francia;2019;10;8;28;38;5
2019-11-21;Moli del Sol;2019;15;14;23;27;6
2019-11-21;Politecnico;2019;14;11;25;32;4
2019-11-21;Pista Silla;2019;12;7;38;25;6
2019-11-21;Avda. Francia;2019;9;9;26;33;5
2019-11-21;Viveros;2019;NA;12;34;23;4
2019-11-22;Pista Silla;2019;10;7;42;19;4
2019-11-22;Politecnico;2019;15;10;28;24;4
2019-11-22;Viveros;2019;16;11;39;16;3
2019-11-22;Moli del Sol;2019;18;17;27;18;6
2019-11-22;Avda. Francia;2019;9;8;32;26;5
2019-11-23;Pista Silla;2019;3;1;10;60;4
2019-11-23;Moli del Sol;2019;4;3;2;62;5
2019-11-23;Avda. Francia;2019;3;3;11;69;5
2019-11-23;Politecnico;2019;5;3;4;69;3
2019-11-23;Viveros;2019;NA;5;7;60;3
2019-11-24;Moli del Sol;2019;6;5;4;51;5
2019-11-24;Politecnico;2019;5;4;6;56;3
2019-11-24;Avda. Francia;2019;3;3;8;58;4
2019-11-24;Pista Silla;2019;3;2;11;50;4
2019-11-24;Viveros;2019;16;5;9;49;4
2019-11-25;Viveros;2019;NA;7;19;37;3
2019-11-25;Moli del Sol;2019;8;6;11;40;5
2019-11-25;Avda. Francia;2019;6;4;18;43;3
2019-11-25;Pista Silla;2019;9;3;20;37;4
2019-11-25;Politecnico;2019;9;6;15;44;4
2019-11-26;Avda. Francia;2019;7;5;21;40;3
2019-11-26;Politecnico;2019;12;7;16;39;5
2019-11-26;Pista Silla;2019;12;4;24;33;5
2019-11-26;Viveros;2019;NA;NA;20;33;3
2019-11-26;Moli del Sol;2019;10;8;14;33;5
2019-11-27;Viveros;2019;NA;NA;13;46;3
2019-11-27;Pista Silla;2019;15;3;19;44;4
2019-11-27;Politecnico;2019;12;5;10;53;4
2019-11-27;Moli del Sol;2019;11;7;7;49;4
2019-11-27;Avda. Francia;2019;6;4;15;53;4
2019-11-28;Avda. Francia;2019;5;4;12;55;3
2019-11-28;Politecnico;2019;11;6;10;51;3
2019-11-28;Viveros;2019;NA;NA;15;42;3
2019-11-28;Moli del Sol;2019;11;9;8;47;3
2019-11-28;Pista Silla;2019;10;3;15;47;4
2019-11-29;Viveros;2019;NA;NA;25;30;3
2019-11-29;Avda. Francia;2019;5;4;24;35;4
2019-11-29;Politecnico;2019;15;7;22;34;4
2019-11-29;Pista Silla;2019;11;4;28;32;4
2019-11-29;Moli del Sol;2019;9;7;13;37;3
2019-11-30;Politecnico;2019;13;10;20;31;4
2019-11-30;Viveros;2019;NA;NA;26;24;3
2019-11-30;Pista Silla;2019;12;6;29;27;4
2019-11-30;Avda. Francia;2019;7;7;29;29;4
2019-11-30;Moli del Sol;2019;15;14;16;27;3
2019-12-01;Moli del Sol;2019;12;11;8;47;3
2019-12-01;Avda. Francia;2019;6;5;13;58;3
2019-12-01;Viveros;2019;NA;8;9;49;3
2019-12-01;Politecnico;2019;11;8;6;57;6
2019-12-01;Pista Silla;2019;10;5;18;45;4
2019-12-02;Moli del Sol;2019;12;10;9;47;3
2019-12-02;Avda. Francia;2019;6;5;11;59;4
2019-12-02;Viveros;2019;17;5;7;52;4
2019-12-02;Pista Silla;2019;7;4;15;50;4
2019-12-02;Politecnico;2019;17;9;7;59;6
2019-12-03;Pista Silla;2019;8;6;22;35;5
2019-12-03;Politecnico;2019;17;12;13;44;4
2019-12-03;Viveros;2019;NA;7;15;35;3
2019-12-03;Avda. Francia;2019;8;7;16;42;3
2019-12-03;Moli del Sol;2019;15;14;17;31;5
2019-12-04;Avda. Francia;2019;4;4;22;40;3
2019-12-04;Pista Silla;2019;3;2;26;37;4
2019-12-04;Viveros;2019;NA;NA;17;39;3
2019-12-04;Moli del Sol;2019;6;5;12;42;5
2019-12-04;Politecnico;2019;9;6;14;46;3
2019-12-05;Politecnico;2019;14;10;15;40;3
2019-12-05;Viveros;2019;NA;NA;17;32;3
2019-12-05;Avda. Francia;2019;7;5;21;31;3
2019-12-05;Pista Silla;2019;5;4;27;31;4
2019-12-05;Moli del Sol;2019;9;8;17;32;6
2019-12-06;Viveros;2019;NA;NA;19;21;4
2019-12-06;Avda. Francia;2019;10;9;25;27;4
2019-12-06;Pista Silla;2019;15;11;34;20;6
2019-12-06;Politecnico;2019;21;16;17;33;3
2019-12-06;Moli del Sol;2019;24;22;17;21;6
2019-12-07;Avda. Francia;2019;13;12;28;18;5
2019-12-07;Pista Silla;2019;18;13;35;14;5
2019-12-07;Politecnico;2019;22;17;19;22;3
2019-12-07;Viveros;2019;NA;NA;17;17;3
2019-12-07;Moli del Sol;2019;25;23;18;18;6
2019-12-08;Avda. Francia;2019;10;9;18;21;4
2019-12-08;Viveros;2019;NA;NA;NA;17;3
2019-12-08;Moli del Sol;2019;17;16;12;20;6
2019-12-08;Pista Silla;2019;11;9;19;20;4
2019-12-08;Politecnico;2019;16;13;16;21;3
2019-12-09;Politecnico;2019;12;7;16;31;3
2019-12-09;Avda. Francia;2019;5;4;22;29;4
2019-12-09;Moli del Sol;2019;13;11;21;20;6
2019-12-09;Viveros;2019;NA;NA;NA;23;3
2019-12-09;Pista Silla;2019;9;5;27;23;6
2019-12-10;Politecnico;2019;19;10;27;27;3
2019-12-10;Moli del Sol;2019;18;16;21;23;6
2019-12-10;Pista Silla;2019;14;6;36;20;6
2019-12-10;Avda. Francia;2019;7;5;27;27;5
2019-12-10;Viveros;2019;NA;NA;NA;22;3
2019-12-11;Politecnico;2019;16;10;22;27;4
2019-12-11;Moli del Sol;2019;15;13;21;20;6
2019-12-11;Pista Silla;2019;12;7;33;20;5
2019-12-11;Avda. Francia;2019;8;7;27;25;5
2019-12-11;Viveros;2019;NA;NA;38;19;3
2019-12-12;Pista Silla;2019;8;4;14;41;4
2019-12-12;Viveros;2019;NA;NA;16;39;3
2019-12-12;Avda. Francia;2019;4;3;12;48;4
2019-12-12;Moli del Sol;2019;11;9;9;38;6
2019-12-12;Politecnico;2019;12;7;12;43;4
2019-12-13;Politecnico;2019;8;3;9;54;3
2019-12-13;Moli del Sol;2019;6;4;7;49;6
2019-12-13;Viveros;2019;NA;NA;15;49;3
2019-12-13;Avda. Francia;2019;3;2;11;60;4
2019-12-13;Pista Silla;2019;6;1;13;51;4
2019-12-14;Avda. Francia;2019;2;2;11;57;3
2019-12-14;Pista Silla;2019;5;2;15;48;4
2019-12-14;Viveros;2019;NA;NA;13;50;3
2019-12-14;Moli del Sol;2019;5;4;4;52;6
2019-12-14;Politecnico;2019;5;4;5;58;3
2019-12-15;Pista Silla;2019;8;5;29;37;7
2019-12-15;Viveros;2019;NA;NA;25;39;3
2019-12-15;Moli del Sol;2019;12;11;17;35;6
2019-12-15;Politecnico;2019;9;7;16;46;3
2019-12-15;Avda. Francia;2019;4;4;24;42;4
2019-12-16;Moli del Sol;2019;25;23;22;20;6
2019-12-16;Pista Silla;2019;19;13;38;18;5
2019-12-16;Viveros;2019;NA;NA;35;19;3
2019-12-16;Avda. Francia;2019;9;8;36;19;6
2019-12-16;Politecnico;2019;24;18;25;25;3
2019-12-17;Politecnico;2019;42;29;37;18;6
2019-12-17;Avda. Francia;2019;16;13;43;18;6
2019-12-17;Moli del Sol;2019;44;38;29;17;6
2019-12-17;Viveros;2019;NA;NA;49;15;5
2019-12-17;Pista Silla;2019;36;22;47;18;10
2019-12-18;Politecnico;2019;14;8;24;27;6
2019-12-18;Viveros;2019;NA;NA;33;24;4
2019-12-18;Pista Silla;2019;11;5;31;24;4
2019-12-18;Moli del Sol;2019;13;11;20;24;4
2019-12-18;Avda. Francia;2019;5;4;26;29;4
2019-12-19;Moli del Sol;2019;31;29;35;14;3
2019-12-19;Viveros;2019;NA;NA;58;13;4
2019-12-19;Pista Silla;2019;27;15;55;15;11
2019-12-19;Politecnico;2019;27;18;39;18;6
2019-12-19;Avda. Francia;2019;10;8;45;18;4
2019-12-20;Pista Silla;2019;14;5;22;37;4
2019-12-20;Politecnico;2019;11;6;15;42;5
2019-12-20;Avda. Francia;2019;4;3;21;47;3
2019-12-20;Moli del Sol;2019;12;9;11;38;3
2019-12-20;Viveros;2019;NA;NA;25;35;3
2019-12-21;Politecnico;2019;11;3;2;57;4
2019-12-21;Moli del Sol;2019;10;5;2;51;3
2019-12-21;Pista Silla;2019;21;3;4;52;4
2019-12-21;Avda. Francia;2019;4;2;6;62;4
2019-12-21;Viveros;2019;NA;NA;4;52;3
2019-12-22;Pista Silla;2019;9;5;5;62;4
2019-12-22;Moli del Sol;2019;18;14;1;61;3
2019-12-22;Politecnico;2019;10;7;2;68;4
2019-12-22;Viveros;2019;NA;NA;3;62;3
2019-12-22;Avda. Francia;2019;4;3;4;73;4
2019-12-23;Avda. Francia;2019;3;3;21;48;4
2019-12-23;Pista Silla;2019;8;4;27;40;5
2019-12-23;Politecnico;2019;8;6;18;48;4
2019-12-23;Moli del Sol;2019;12;10;15;42;3
2019-12-23;Viveros;2019;NA;NA;28;41;3
2019-12-24;Avda. Francia;2019;4;4;25;31;6
2019-12-24;Viveros;2019;NA;NA;37;21;4
2019-12-24;Moli del Sol;2019;19;17;21;22;3
2019-12-24;Politecnico;2019;12;9;24;28;3
2019-12-24;Pista Silla;2019;14;8;33;24;6
2019-12-25;Avda. Francia;2019;6;5;25;23;5
2019-12-25;Viveros;2019;NA;NA;29;21;4
2019-12-25;Pista Silla;2019;13;9;34;15;5
2019-12-25;Moli del Sol;2019;17;16;18;19;3
2019-12-25;Politecnico;2019;16;14;21;22;3
2019-12-26;Pista Silla;2019;25;12;54;10;9
2019-12-26;Avda. Francia;2019;16;13;44;11;7
2019-12-26;Moli del Sol;2019;25;22;27;13;3
2019-12-26;Viveros;2019;NA;NA;47;10;4
2019-12-26;Politecnico;2019;29;20;36;13;3
2019-12-27;Politecnico;2019;26;21;28;16;4
2019-12-27;Moli del Sol;2019;36;33;26;16;3
2019-12-27;Viveros;2019;NA;NA;42;12;3
2019-12-27;Pista Silla;2019;25;17;43;12;4
2019-12-27;Avda. Francia;2019;16;15;36;16;6
2019-12-28;Moli del Sol;2019;40;38;23;17;3
2019-12-28;Politecnico;2019;33;29;24;22;4
2019-12-28;Viveros;2019;NA;NA;40;16;3
2019-12-28;Avda. Francia;2019;30;27;33;17;4
2019-12-28;Pista Silla;2019;29;24;41;14;4
2019-12-29;Viveros;2019;NA;NA;27;27;3
2019-12-29;Politecnico;2019;37;34;17;33;3
2019-12-29;Moli del Sol;2019;41;40;18;27;3
2019-12-29;Pista Silla;2019;29;25;31;25;4
2019-12-29;Avda. Francia;2019;34;32;26;30;5
2019-12-30;Pista Silla;2019;32;24;43;16;6
2019-12-30;Viveros;2019;NA;NA;45;17;3
2019-12-30;Moli del Sol;2019;40;37;23;21;3
2019-12-30;Avda. Francia;2019;32;30;36;21;5
2019-12-30;Politecnico;2019;38;33;30;24;3
2019-12-31;Moli del Sol;2019;39;38;21;17;3
2019-12-31;Viveros;2019;NA;NA;40;12;3
2019-12-31;Avda. Francia;2019;34;31;35;14;4
2019-12-31;Pista Silla;2019;29;25;38;13;5
2019-12-31;Politecnico;2019;38;34;30;14;4
2020-01-01;Pista Silla;2020;29;26;31;17;4
2020-01-01;Avda. Francia;2020;37;34;29;19;4
2020-01-01;Politecnico;2020;38;36;22;23;4
2020-01-01;Moli del Sol;2020;41;40;18;21;3
2020-01-01;Viveros;2020;33;23;30;20;3
2020-01-02;Avda. Francia;2020;34;32;36;16;4
2020-01-02;Moli del Sol;2020;45;42;24;18;3
2020-01-02;Politecnico;2020;37;33;26;21;4
2020-01-02;Pista Silla;2020;33;27;41;14;7
2020-01-02;Viveros;2020;31;23;36;18;3
2020-01-03;Viveros;2020;38;29;39;15;4
2020-01-03;Politecnico;2020;44;40;27;18;4
2020-01-03;Avda. Francia;2020;43;40;35;12;4
2020-01-03;Moli del Sol;2020;56;54;25;16;3
2020-01-03;Pista Silla;2020;38;33;43;13;6
2020-01-04;Pista Silla;2020;24;20;41;15;5
2020-01-04;Avda. Francia;2020;27;25;34;19;5
2020-01-04;Politecnico;2020;29;27;29;19;4
2020-01-04;Moli del Sol;2020;38;37;21;19;3
2020-01-04;Viveros;2020;27;21;43;16;3
2020-01-05;Moli del Sol;2020;23;22;19;21;3
2020-01-05;Avda. Francia;2020;14;13;29;22;3
2020-01-05;Viveros;2020;16;14;33;22;3
2020-01-05;Politecnico;2020;16;14;23;24;4
2020-01-05;Pista Silla;2020;15;12;33;20;4
2020-01-06;Avda. Francia;2020;20;18;31;27;4
2020-01-06;Viveros;2020;21;17;34;23;3
2020-01-06;Politecnico;2020;23;21;21;30;4
2020-01-06;Moli del Sol;2020;25;25;19;25;3
2020-01-06;Pista Silla;2020;19;15;36;21;6
2020-01-07;Viveros;2020;36;24;51;13;3
2020-01-07;Avda. Francia;2020;32;30;44;13;4
2020-01-07;Moli del Sol;2020;39;37;27;18;3
2020-01-07;Politecnico;2020;35;31;38;14;5
2020-01-07;Pista Silla;2020;33;24;51;13;7
2020-01-08;Pista Silla;2020;39;29;53;13;12
2020-01-08;Avda. Francia;2020;38;35;42;12;5
2020-01-08;Moli del Sol;2020;51;49;28;17;3
2020-01-08;Politecnico;2020;40;34;37;16;5
2020-01-08;Viveros;2020;45;29;53;14;4
2020-01-09;Moli del Sol;2020;38;36;25;22;3
2020-01-09;Avda. Francia;2020;32;29;40;18;5
2020-01-09;Viveros;2020;32;22;48;16;4
2020-01-09;Politecnico;2020;32;29;34;20;3
2020-01-09;Pista Silla;2020;30;23;50;14;5
2020-01-10;Viveros;2020;38;24;39;23;3
2020-01-10;Pista Silla;2020;29;17;42;19;4
2020-01-10;Politecnico;2020;28;22;26;27;4
2020-01-10;Avda. Francia;2020;24;21;36;26;4
2020-01-10;Moli del Sol;2020;36;30;23;23;3
2020-01-11;Avda. Francia;2020;10;9;31;35;4
2020-01-11;Pista Silla;2020;13;8;43;24;5
2020-01-11;Politecnico;2020;14;11;27;31;4
2020-01-11;Viveros;2020;21;12;36;30;3
2020-01-11;Moli del Sol;2020;16;15;19;32;3
2020-01-12;Politecnico;2020;21;18;23;31;4
2020-01-12;Pista Silla;2020;19;14;39;21;4
2020-01-12;Avda. Francia;2020;15;14;29;30;4
2020-01-12;Moli del Sol;2020;26;24;20;27;3
2020-01-12;Viveros;2020;28;17;33;28;3
2020-01-13;Avda. Francia;2020;26;24;47;17;5
2020-01-13;Viveros;2020;43;28;61;17;4
2020-01-13;Moli del Sol;2020;36;34;33;18;3
2020-01-13;Pista Silla;2020;34;21;56;16;10
2020-01-13;Politecnico;2020;30;24;40;21;4
2020-01-14;Moli del Sol;2020;40;37;36;16;3
2020-01-14;Avda. Francia;2020;28;25;53;17;6
2020-01-14;Politecnico;2020;34;27;44;17;5
2020-01-14;Pista Silla;2020;34;21;66;12;8
2020-01-14;Viveros;2020;35;27;64;14;4
2020-01-15;Politecnico;2020;40;32;46;14;6
2020-01-15;Moli del Sol;2020;45;42;36;16;3
2020-01-15;Pista Silla;2020;36;23;61;15;10
2020-01-15;Avda. Francia;2020;27;24;48;21;4
2020-01-15;Viveros;2020;42;29;67;12;4
2020-01-16;Pista Silla;2020;32;23;67;13;6
2020-01-16;Avda. Francia;2020;32;29;61;13;7
2020-01-16;Viveros;2020;41;28;66;14;4
2020-01-16;Politecnico;2020;38;31;47;16;5
2020-01-16;Moli del Sol;2020;39;37;35;19;3
2020-01-17;Pista Silla;2020;28;11;40;27;4
2020-01-17;Avda. Francia;2020;14;11;43;31;4
2020-01-17;Moli del Sol;2020;23;18;23;31;3
2020-01-17;Politecnico;2020;21;13;31;30;3
2020-01-17;Viveros;2020;36;23;47;27;3
2020-01-18;Viveros;2020;22;15;41;23;3
2020-01-18;Moli del Sol;2020;17;16;19;28;3
2020-01-18;Politecnico;2020;15;12;25;29;4
2020-01-18;Pista Silla;2020;18;9;35;25;4
2020-01-18;Avda. Francia;2020;6;6;38;30;4
2020-01-19;Moli del Sol;2020;7;6;4;49;3
2020-01-19;Pista Silla;2020;5;3;10;49;4
2020-01-19;Politecnico;2020;8;6;4;55;4
2020-01-19;Viveros;2020;12;NA;8;50;NA
2020-01-19;Avda. Francia;2020;3;3;10;60;5
2020-01-20;Avda. Francia;2020;3;3;6;59;4
2020-01-20;Politecnico;2020;7;5;5;54;4
2020-01-20;Pista Silla;2020;1;1;7;53;4
2020-01-20;Moli del Sol;2020;3;2;3;52;3
2020-01-20;Viveros;2020;8;NA;5;54;5
2020-01-21;Politecnico;2020;34;25;9;52;3
2020-01-21;Viveros;2020;54;10;19;44;3
2020-01-21;Pista Silla;2020;38;25;33;35;6
2020-01-21;Avda. Francia;2020;NA;NA;23;44;4
2020-01-21;Moli del Sol;2020;46;37;15;42;3
2020-01-22;Moli del Sol;2020;39;32;16;41;3
2020-01-22;Pista Silla;2020;28;18;25;40;4
2020-01-22;Viveros;2020;48;15;23;41;4
2020-01-22;Avda. Francia;2020;NA;NA;22;47;5
2020-01-22;Politecnico;2020;26;18;12;51;4
2020-01-23;Avda. Francia;2020;NA;NA;25;28;3
2020-01-23;Politecnico;2020;36;22;21;NA;5
2020-01-23;Moli del Sol;2020;51;40;23;24;3
2020-01-23;Pista Silla;2020;53;27;41;19;8
2020-01-23;Viveros;2020;68;24;28;27;4
2020-01-24;Avda. Francia;2020;NA;NA;43;21;5
2020-01-24;Politecnico;2020;43;27;31;NA;6
2020-01-24;Viveros;2020;88;27;49;19;4
2020-01-24;Moli del Sol;2020;58;46;25;25;3
2020-01-24;Pista Silla;2020;60;34;49;21;8
2020-01-25;Avda. Francia;2020;NA;NA;29;32;4
2020-01-25;Pista Silla;2020;56;36;36;24;4
2020-01-25;Politecnico;2020;43;30;17;NA;4
2020-01-25;Viveros;2020;82;22;31;28;5
2020-01-25;Moli del Sol;2020;64;52;20;25;3
2020-01-26;Politecnico;2020;21;17;22;NA;4
2020-01-26;Pista Silla;2020;24;16;35;19;4
2020-01-26;Avda. Francia;2020;NA;NA;32;22;6
2020-01-26;Viveros;2020;30;16;35;20;4
2020-01-26;Moli del Sol;2020;28;25;19;22;3
2020-01-27;Viveros;2020;18;10;21;37;4
2020-01-27;Pista Silla;2020;11;6;21;36;4
2020-01-27;Avda. Francia;2020;17;8;18;44;4
2020-01-27;Politecnico;2020;10;8;18;NA;4
2020-01-27;Moli del Sol;2020;15;12;12;38;3
2020-01-28;Politecnico;2020;6;5;16;NA;3
2020-01-28;Viveros;2020;13;5;20;36;3
2020-01-28;Moli del Sol;2020;8;7;9;42;3
2020-01-28;Avda. Francia;2020;14;7;17;46;4
2020-01-28;Pista Silla;2020;7;4;17;39;5
2020-01-29;Avda. Francia;2020;11;5;21;38;3
2020-01-29;Politecnico;2020;6;4;16;NA;3
2020-01-29;Pista Silla;2020;6;3;21;32;4
2020-01-29;Moli del Sol;2020;8;7;12;34;3
2020-01-29;Viveros;2020;14;6;26;29;3
2020-01-30;Moli del Sol;2020;9;8;12;38;4
2020-01-30;Pista Silla;2020;8;4;20;35;4
2020-01-30;Viveros;2020;16;6;24;34;3
2020-01-30;Avda. Francia;2020;16;7;20;41;4
2020-01-30;Politecnico;2020;7;5;16;NA;3
2020-01-31;Moli del Sol;2020;10;8;15;32;4
2020-01-31;Avda. Francia;2020;17;8;22;38;5
2020-01-31;Politecnico;2020;7;6;18;NA;3
2020-01-31;Viveros;2020;16;7;27;30;3
2020-01-31;Pista Silla;2020;9;4;22;31;4
2020-02-01;Moli del Sol;2020;6;6;10;30;4
2020-02-01;Politecnico;2020;5;4;13;NA;3
2020-02-01;Avda. Francia;2020;8;5;20;32;3
2020-02-01;Viveros;2020;11;5;21;28;3
2020-02-01;Pista Silla;2020;4;2;18;27;4
2020-02-02;Moli del Sol;2020;9;8;10;27;4
2020-02-02;Pista Silla;2020;7;4;18;24;5
2020-02-02;Avda. Francia;2020;10;7;18;30;4
2020-02-02;Politecnico;2020;7;6;16;NA;3
2020-02-02;Viveros;2020;15;7;21;24;3
2020-02-03;Viveros;2020;32;15;45;11;4
2020-02-03;Moli del Sol;2020;23;20;24;14;5
2020-02-03;Avda. Francia;2020;NA;NA;38;15;5
2020-02-03;Pista Silla;2020;26;12;45;11;8
2020-02-03;Politecnico;2020;18;12;33;NA;4
2020-02-04;Avda. Francia;2020;NA;NA;34;21;5
2020-02-04;Moli del Sol;2020;34;26;24;19;5
2020-02-04;Politecnico;2020;21;12;20;NA;3
2020-02-04;Pista Silla;2020;34;15;41;14;5
2020-02-04;Viveros;2020;44;20;35;20;4
2020-02-05;Politecnico;2020;9;7;13;48;4
2020-02-05;Viveros;2020;26;9;21;47;3
2020-02-05;Pista Silla;2020;13;7;25;46;4
2020-02-05;Avda. Francia;2020;NA;NA;15;64;5
2020-02-05;Moli del Sol;2020;19;16;13;45;5
2020-02-06;Moli del Sol;2020;30;27;21;28;5
2020-02-06;Viveros;2020;29;13;33;31;3
2020-02-06;Politecnico;2020;17;15;19;34;5
2020-02-06;Avda. Francia;2020;NA;NA;24;45;5
2020-02-06;Pista Silla;2020;20;13;39;28;6
2020-02-07;Moli del Sol;2020;36;33;27;19;6
2020-02-07;Politecnico;2020;22;18;33;19;3
2020-02-07;Viveros;2020;35;18;48;19;3
2020-02-07;Avda. Francia;2020;NA;NA;44;22;NA
2020-02-07;Pista Silla;2020;26;17;54;16;8
2020-02-08;Politecnico;2020;30;28;21;26;3
2020-02-08;Moli del Sol;2020;45;42;22;24;6
2020-02-08;Avda. Francia;2020;12;10;30;29;NA
2020-02-08;Viveros;2020;34;22;34;26;3
2020-02-08;Pista Silla;2020;30;23;36;23;4
2020-02-09;Politecnico;2020;36;34;27;20;3
2020-02-09;Moli del Sol;2020;50;47;17;28;5
2020-02-09;Viveros;2020;36;26;35;25;3
2020-02-09;Avda. Francia;2020;11;10;33;29;NA
2020-02-09;Pista Silla;2020;32;27;33;25;4
2020-02-10;Pista Silla;2020;11;5;23;30;4
2020-02-10;Viveros;2020;22;12;33;24;3
2020-02-10;Politecnico;2020;8;7;19;28;3
2020-02-10;Moli del Sol;2020;16;14;15;26;5
2020-02-10;Avda. Francia;2020;5;3;21;39;NA
2020-02-11;Viveros;2020;29;17;38;21;3
2020-02-11;Moli del Sol;2020;22;19;22;20;5
2020-02-11;Politecnico;2020;17;14;25;20;3
2020-02-11;Avda. Francia;2020;11;6;34;23;NA
2020-02-11;Pista Silla;2020;18;11;37;19;6
2020-02-12;Politecnico;2020;22;20;21;27;3
2020-02-12;Pista Silla;2020;24;17;32;29;6
2020-02-12;Viveros;2020;34;17;27;31;3
2020-02-12;Avda. Francia;2020;12;9;30;32;NA
2020-02-12;Moli del Sol;2020;35;31;19;29;5
2020-02-13;Politecnico;2020;35;33;26;23;4
2020-02-13;Avda. Francia;2020;25;22;37;23;NA
2020-02-13;Pista Silla;2020;36;29;48;16;9
2020-02-13;Moli del Sol;2020;52;49;27;20;6
2020-02-13;Viveros;2020;45;27;44;19;3
2020-02-14;Avda. Francia;2020;28;15;39;17;NA
2020-02-14;Viveros;2020;29;17;40;17;3
2020-02-14;Pista Silla;2020;21;13;45;11;5
2020-02-14;Politecnico;2020;18;16;27;16;3
2020-02-14;Moli del Sol;2020;28;25;24;17;6
2020-02-15;Avda. Francia;2020;26;20;26;32;6
2020-02-15;Politecnico;2020;29;28;19;28;3
2020-02-15;Pista Silla;2020;24;21;29;27;4
2020-02-15;Moli del Sol;2020;37;36;16;30;5
2020-02-15;Viveros;2020;33;23;30;26;3
2020-02-16;Moli del Sol;2020;56;55;14;34;5
2020-02-16;Politecnico;2020;42;41;16;29;3
2020-02-16;Viveros;2020;42;29;25;32;4
2020-02-16;Pista Silla;2020;33;31;25;33;4
2020-02-16;Avda. Francia;2020;56;46;23;35;5
2020-02-17;Avda. Francia;2020;66;49;31;32;5
2020-02-17;Politecnico;2020;48;46;22;28;3
2020-02-17;Moli del Sol;2020;72;69;23;28;6
2020-02-17;Pista Silla;2020;41;33;32;30;6
2020-02-17;Viveros;2020;56;37;38;28;4
2020-02-18;Viveros;2020;29;13;24;38;3
2020-02-18;Pista Silla;2020;16;12;30;34;4
2020-02-18;Avda. Francia;2020;14;11;21;48;3
2020-02-18;Moli del Sol;2020;34;31;19;32;6
2020-02-18;Politecnico;2020;16;14;13;42;3
2020-02-19;Avda. Francia;2020;7;5;23;45;4
2020-02-19;Moli del Sol;2020;20;18;18;31;5
2020-02-19;Pista Silla;2020;12;9;35;29;4
2020-02-19;Viveros;2020;25;10;34;30;3
2020-02-19;Politecnico;2020;10;10;19;36;3
2020-02-20;Pista Silla;2020;18;14;40;18;7
2020-02-20;Moli del Sol;2020;26;24;20;23;5
2020-02-20;Viveros;2020;30;15;35;22;3
2020-02-20;Avda. Francia;2020;21;14;31;27;NA
2020-02-20;Politecnico;2020;17;15;22;27;3
2020-02-21;Moli del Sol;2020;40;37;21;24;6
2020-02-21;Politecnico;2020;28;27;29;20;3
2020-02-21;Viveros;2020;34;21;40;21;4
2020-02-21;Pista Silla;2020;29;22;50;14;6
2020-02-21;Avda. Francia;2020;36;24;34;28;NA
2020-02-22;Moli del Sol;2020;38;36;22;29;5
2020-02-22;Viveros;2020;32;20;34;31;3
2020-02-22;Pista Silla;2020;25;21;40;25;4
2020-02-22;Avda. Francia;2020;30;23;31;35;NA
2020-02-22;Politecnico;2020;27;26;23;33;3
2020-02-23;Pista Silla;2020;21;17;34;28;4
2020-02-23;Politecnico;2020;21;20;22;33;4
2020-02-23;Viveros;2020;31;18;32;32;3
2020-02-23;Avda. Francia;2020;25;19;31;38;NA
2020-02-23;Moli del Sol;2020;29;28;17;31;5
2020-02-24;Moli del Sol;2020;29;26;31;24;6
2020-02-24;Pista Silla;2020;25;16;55;18;8
2020-02-24;Politecnico;2020;20;18;34;27;4
2020-02-24;Viveros;2020;35;21;48;25;3
2020-02-24;Avda. Francia;2020;33;16;45;27;NA
2020-02-25;Moli del Sol;2020;33;27;26;27;5
2020-02-25;Viveros;2020;65;35;45;26;3
2020-02-25;Pista Silla;2020;34;16;46;22;5
2020-02-25;Avda. Francia;2020;40;15;40;29;NA
2020-02-25;Politecnico;2020;26;18;31;25;4
2020-02-26;Moli del Sol;2020;21;18;27;24;5
2020-02-26;Pista Silla;2020;18;8;46;21;4
2020-02-26;Avda. Francia;2020;29;6;35;35;NA
2020-02-26;Politecnico;2020;12;9;22;33;3
2020-02-26;Viveros;2020;30;14;40;28;3
2020-02-27;Avda. Francia;2020;75;12;27;39;NA
2020-02-27;Moli del Sol;2020;34;25;15;33;4
2020-02-27;Pista Silla;2020;40;12;30;29;4
2020-02-27;Politecnico;2020;21;11;20;33;4
2020-02-27;Viveros;2020;49;22;31;31;3
2020-02-28;Moli del Sol;2020;88;65;20;31;4
2020-02-28;Viveros;2020;116;46;27;34;3
2020-02-28;Politecnico;2020;49;24;17;35;5
2020-02-28;Avda. Francia;2020;209;25;22;43;4
2020-02-28;Pista Silla;2020;96;34;33;27;7
2020-02-29;Avda. Francia;2020;114;16;14;51;4
2020-02-29;Pista Silla;2020;67;20;14;39;4
2020-02-29;Viveros;2020;75;40;15;41;3
2020-02-29;Moli del Sol;2020;47;34;8;39;3
2020-02-29;Politecnico;2020;37;15;10;41;4
2020-03-01;Pista Silla;2020;21;4;5;56;4
2020-03-01;Politecnico;2020;7;4;3;58;5
2020-03-01;Avda. Francia;2020;11;4;5;72;5
2020-03-01;Moli del Sol;2020;14;10;2;57;3
2020-03-01;Viveros;2020;36;16;5;56;3
2020-03-02;Moli del Sol;2020;35;16;5;58;4
2020-03-02;Politecnico;2020;27;5;5;62;5
2020-03-02;Viveros;2020;51;31;10;59;3
2020-03-02;Avda. Francia;2020;44;5;9;75;4
2020-03-02;Pista Silla;2020;48;8;11;57;4
2020-03-03;Viveros;2020;32;15;13;48;3
2020-03-03;Moli del Sol;2020;11;7;5;51;5
2020-03-03;Pista Silla;2020;12;3;12;48;5
2020-03-03;Politecnico;2020;8;4;7;51;5
2020-03-03;Avda. Francia;2020;14;4;8;62;4
2020-03-04;Moli del Sol;2020;7;5;8;39;4
2020-03-04;Avda. Francia;2020;9;3;14;45;4
2020-03-04;Viveros;2020;27;12;20;33;3
2020-03-04;Pista Silla;2020;8;2;16;35;5
2020-03-04;Politecnico;2020;6;3;10;36;3
2020-03-05;Politecnico;2020;10;4;8;45;3
2020-03-05;Avda. Francia;2020;14;4;13;54;4
2020-03-05;Pista Silla;2020;14;4;14;42;5
2020-03-05;Viveros;2020;35;17;14;43;3
2020-03-05;Moli del Sol;2020;14;9;5;47;4
2020-03-06;Politecnico;2020;9;3;6;60;3
2020-03-06;Viveros;2020;29;13;12;57;3
2020-03-06;Moli del Sol;2020;10;6;5;56;5
2020-03-06;Pista Silla;2020;10;3;14;54;5
2020-03-06;Avda. Francia;2020;14;3;8;73;3
2020-03-07;Politecnico;2020;6;4;11;53;3
2020-03-07;Pista Silla;2020;14;7;25;46;7
2020-03-07;Avda. Francia;2020;10;5;15;65;4
2020-03-07;Viveros;2020;24;11;23;48;3
2020-03-07;Moli del Sol;2020;9;8;12;48;5
2020-03-08;Avda. Francia;2020;9;5;22;47;4
2020-03-08;Viveros;2020;27;15;25;42;4
2020-03-08;Moli del Sol;2020;12;11;13;41;4
2020-03-08;Pista Silla;2020;13;8;27;37;4
2020-03-08;Politecnico;2020;10;6;13;46;3
2020-03-09;Viveros;2020;33;18;28;39;3
2020-03-09;Moli del Sol;2020;13;11;13;39;5
2020-03-09;Politecnico;2020;13;7;19;37;4
2020-03-09;Avda. Francia;2020;15;5;25;46;4
2020-03-09;Pista Silla;2020;15;6;34;32;6
2020-03-10;Pista Silla;2020;18;9;45;31;7
2020-03-10;Viveros;2020;26;14;40;38;3
2020-03-10;Politecnico;2020;12;8;25;38;3
2020-03-10;Moli del Sol;2020;20;17;26;35;4
2020-03-10;Avda. Francia;2020;16;6;32;44;3
2020-03-11;Avda. Francia;2020;22;11;44;30;4
2020-03-11;Pista Silla;2020;33;19;58;20;7
2020-03-11;Politecnico;2020;25;21;37;22;4
2020-03-11;Moli del Sol;2020;39;35;31;27;5
2020-03-11;Viveros;2020;42;26;53;26;4
2020-03-12;Avda. Francia;2020;21;14;30;46;4
2020-03-12;Moli del Sol;2020;48;45;25;39;4
2020-03-12;Pista Silla;2020;30;24;41;34;5
2020-03-12;Politecnico;2020;27;25;22;40;4
2020-03-12;Viveros;2020;33;25;35;40;4
2020-03-13;Avda. Francia;2020;19;13;15;66;5
2020-03-13;Pista Silla;2020;21;17;19;48;4
2020-03-13;Politecnico;2020;20;19;12;53;4
2020-03-13;Moli del Sol;2020;28;27;17;49;NA
2020-03-13;Viveros;2020;27;19;17;54;3
2020-03-14;Avda. Francia;2020;11;8;19;39;4
2020-03-14;Moli del Sol;2020;8;7;16;36;NA
2020-03-14;Pista Silla;2020;13;10;24;29;4
2020-03-14;Viveros;2020;22;14;21;38;3
2020-03-14;Politecnico;2020;15;13;13;36;3
2020-03-15;Politecnico;2020;11;10;4;55;3
2020-03-15;Avda. Francia;2020;8;6;6;69;3
2020-03-15;Moli del Sol;2020;8;7;7;51;NA
2020-03-15;Viveros;2020;19;11;6;55;3
2020-03-15;Pista Silla;2020;11;9;7;51;4
2020-03-16;Pista Silla;2020;NA;NA;NA;NA;NA
2020-03-16;Avda. Francia;2020;4;4;10;67;4
2020-03-16;Viveros;2020;8;5;11;57;3
2020-03-16;Moli del Sol;2020;3;3;9;54;5
2020-03-16;Politecnico;2020;5;4;6;60;3
2020-03-17;Politecnico;2020;12;11;9;45;3
2020-03-17;Viveros;2020;18;9;15;42;3
2020-03-17;Pista Silla;2020;12;10;17;45;5
2020-03-17;Avda. Francia;2020;10;7;11;47;4
2020-03-17;Moli del Sol;2020;10;9;12;40;5
2020-03-18;Viveros;2020;21;13;10;57;3
2020-03-18;Politecnico;2020;15;14;7;56;3
2020-03-18;Avda. Francia;2020;12;8;8;66;3
2020-03-18;Moli del Sol;2020;10;9;10;52;4
2020-03-18;Pista Silla;2020;14;12;11;55;4
2020-03-19;Pista Silla;2020;14;14;5;57;4
2020-03-19;Politecnico;2020;17;16;4;56;3
2020-03-19;Avda. Francia;2020;14;10;5;68;3
2020-03-19;Moli del Sol;2020;14;12;7;52;5
2020-03-19;Viveros;2020;18;12;5;57;3
2020-03-20;Avda. Francia;2020;9;7;5;80;3
2020-03-20;Politecnico;2020;12;12;6;67;3
2020-03-20;Moli del Sol;2020;6;6;8;64;5
2020-03-20;Pista Silla;2020;11;10;7;64;6
2020-03-20;Viveros;2020;15;12;6;66;3
2020-03-21;Avda. Francia;2020;10;7;3;84;3
2020-03-21;Moli del Sol;2020;9;8;8;58;6
2020-03-21;Pista Silla;2020;13;12;7;65;4
2020-03-21;Viveros;2020;16;12;7;64;3
2020-03-21;Politecnico;2020;16;15;3;67;3
2020-03-22;Avda. Francia;2020;7;6;2;76;4
2020-03-22;Viveros;2020;10;6;2;63;3
2020-03-22;Pista Silla;2020;7;7;3;64;4
2020-03-22;Moli del Sol;2020;4;4;4;58;4
2020-03-22;Politecnico;2020;9;9;2;67;4
2020-03-23;Viveros;2020;14;6;6;60;3
2020-03-23;Moli del Sol;2020;3;3;6;60;4
2020-03-23;Politecnico;2020;7;6;6;59;4
2020-03-23;Avda. Francia;2020;6;4;5;67;4
2020-03-23;Pista Silla;2020;7;6;7;58;4
2020-03-24;Pista Silla;2020;11;8;2;71;4
2020-03-24;Moli del Sol;2020;8;7;3;69;NA
2020-03-24;Viveros;2020;23;9;1;81;3
2020-03-24;Avda. Francia;2020;11;7;1;89;4
2020-03-24;Politecnico;2020;10;9;2;73;3
2020-03-25;Moli del Sol;2020;4;4;10;48;NA
2020-03-25;Politecnico;2020;8;7;6;54;3
2020-03-25;Avda. Francia;2020;6;5;6;66;4
2020-03-25;Pista Silla;2020;8;6;11;52;4
2020-03-25;Viveros;2020;13;9;13;60;3
2020-03-26;Avda. Francia;2020;14;9;8;60;4
2020-03-26;Moli del Sol;2020;6;6;10;45;6
2020-03-26;Viveros;2020;15;10;11;56;3
2020-03-26;Politecnico;2020;11;10;8;49;4
2020-03-26;Pista Silla;2020;12;10;12;48;5
2020-03-27;Moli del Sol;2020;7;6;12;43;4
2020-03-27;Pista Silla;2020;10;8;16;50;5
2020-03-27;Avda. Francia;2020;8;6;10;67;3
2020-03-27;Politecnico;2020;9;8;6;58;4
2020-03-27;Viveros;2020;11;7;12;63;3
2020-03-28;Moli del Sol;2020;7;6;6;49;5
2020-03-28;Politecnico;2020;14;13;5;57;3
2020-03-28;Viveros;2020;14;10;8;59;3
2020-03-28;Pista Silla;2020;12;10;9;51;4
2020-03-28;Avda. Francia;2020;11;8;4;73;4
2020-03-29;Pista Silla;2020;10;8;6;49;4
2020-03-29;Politecnico;2020;11;10;7;50;3
2020-03-29;Viveros;2020;16;10;6;61;3
2020-03-29;Avda. Francia;2020;10;7;4;64;3
2020-03-29;Moli del Sol;2020;4;3;5;52;5
2020-03-30;Moli del Sol;2020;11;11;11;45;5
2020-03-30;Viveros;2020;19;11;7;63;3
2020-03-30;Avda. Francia;2020;12;8;2;76;4
2020-03-30;Pista Silla;2020;12;9;8;56;4
2020-03-30;Politecnico;2020;14;12;7;53;3
2020-03-31;Avda. Francia;2020;5;4;5;57;4
2020-03-31;Moli del Sol;2020;4;4;6;50;4
2020-03-31;Pista Silla;2020;3;3;8;49;5
2020-03-31;Viveros;2020;7;3;7;58;3
2020-03-31;Politecnico;2020;5;4;5;51;3
2020-04-01;Avda. Francia;2020;3;2;7;72;3
2020-04-01;Viveros;2020;7;3;6;72;3
2020-04-01;Moli del Sol;2020;4;3;7;64;4
2020-04-01;Pista Silla;2020;2;1;9;NA;4
2020-04-01;Politecnico;2020;3;2;5;62;3
2020-04-02;Avda. Francia;2020;4;3;3;80;4
2020-04-02;Politecnico;2020;5;4;4;65;3
2020-04-02;Pista Silla;2020;4;3;7;NA;5
2020-04-02;Moli del Sol;2020;10;9;7;68;6
2020-04-02;Viveros;2020;11;5;4;73;3
2020-04-03;Pista Silla;2020;8;7;13;NA;5
2020-04-03;Avda. Francia;2020;7;5;7;65;3
2020-04-03;Politecnico;2020;8;8;6;55;3
2020-04-03;Moli del Sol;2020;16;15;9;58;5
2020-04-03;Viveros;2020;15;8;9;60;3
2020-04-04;Viveros;2020;17;9;6;69;3
2020-04-04;Moli del Sol;2020;19;17;6;67;5
2020-04-04;Pista Silla;2020;9;7;8;NA;6
2020-04-04;Politecnico;2020;9;9;4;61;3
2020-04-04;Avda. Francia;2020;7;6;7;71;3
2020-04-05;Viveros;2020;18;8;6;78;3
2020-04-05;Avda. Francia;2020;7;5;3;88;3
2020-04-05;Moli del Sol;2020;20;19;6;71;6
2020-04-05;Politecnico;2020;11;10;3;70;3
2020-04-05;Pista Silla;2020;9;8;7;NA;4
2020-04-06;Moli del Sol;2020;23;22;9;70;NA
2020-04-06;Politecnico;2020;15;15;5;65;3
2020-04-06;Pista Silla;2020;13;11;14;60;4
2020-04-06;Viveros;2020;18;11;9;74;3
2020-04-06;Avda. Francia;2020;9;7;6;80;4
2020-04-07;Politecnico;2020;15;15;4;77;3
2020-04-07;Viveros;2020;17;10;4;92;3
2020-04-07;Pista Silla;2020;12;11;8;83;4
2020-04-07;Avda. Francia;2020;8;6;3;96;4
2020-04-07;Moli del Sol;2020;22;21;7;84;NA
2020-04-08;Avda. Francia;2020;13;9;7;83;4
2020-04-08;Moli del Sol;2020;26;25;9;68;NA
2020-04-08;Pista Silla;2020;16;14;14;76;4
2020-04-08;Politecnico;2020;19;19;6;70;4
2020-04-08;Viveros;2020;18;12;10;75;3
2020-04-09;Moli del Sol;2020;25;24;9;74;NA
2020-04-09;Avda. Francia;2020;13;8;7;86;3
2020-04-09;Pista Silla;2020;15;13;13;78;5
2020-04-09;Politecnico;2020;18;18;5;74;4
2020-04-09;Viveros;2020;20;12;9;77;3
2020-04-10;Politecnico;2020;25;24;4;67;4
2020-04-10;Avda. Francia;2020;20;14;7;76;3
2020-04-10;Moli del Sol;2020;32;31;6;70;NA
2020-04-10;Pista Silla;2020;20;18;8;79;5
2020-04-10;Viveros;2020;23;15;5;78;3
2020-04-11;Viveros;2020;22;13;6;76;3
2020-04-11;Avda. Francia;2020;15;11;7;76;3
2020-04-11;Pista Silla;2020;15;13;9;76;4
2020-04-11;Politecnico;2020;21;20;5;65;4
2020-04-11;Moli del Sol;2020;26;25;7;72;NA
2020-04-12;Politecnico;2020;23;21;3;81;4
2020-04-12;Viveros;2020;21;12;3;89;3
2020-04-12;Moli del Sol;2020;28;27;3;85;NA
2020-04-12;Avda. Francia;2020;12;9;2;99;3
2020-04-12;Pista Silla;2020;14;13;3;95;4
2020-04-13;Pista Silla;2020;11;10;3;102;5
2020-04-13;Politecnico;2020;17;16;3;93;3
2020-04-13;Viveros;2020;18;9;NA;NA;NA
2020-04-13;Moli del Sol;2020;23;22;4;95;NA
2020-04-13;Avda. Francia;2020;12;9;2;102;4
2020-04-14;Pista Silla;2020;6;5;7;87;4
2020-04-14;Politecnico;2020;12;10;3;83;3
2020-04-14;Avda. Francia;2020;7;5;3;89;4
2020-04-14;Moli del Sol;2020;17;16;5;84;NA
2020-04-14;Viveros;2020;13;5;4;86;3
2020-04-15;Politecnico;2020;22;21;5;56;3
2020-04-15;Avda. Francia;2020;18;13;7;58;3
2020-04-15;Pista Silla;2020;13;12;8;66;4
2020-04-15;Moli del Sol;2020;28;26;9;56;NA
2020-04-15;Viveros;2020;16;11;8;60;3
2020-04-16;Moli del Sol;2020;29;27;9;62;NA
2020-04-16;Avda. Francia;2020;17;12;10;64;4
2020-04-16;Politecnico;2020;23;21;6;61;3
2020-04-16;Viveros;2020;19;11;8;64;3
2020-04-16;Pista Silla;2020;15;13;12;64;4
2020-04-17;Politecnico;2020;21;19;6;55;3
2020-04-17;Pista Silla;2020;14;12;16;60;6
2020-04-17;Avda. Francia;2020;17;13;12;60;4
2020-04-17;Moli del Sol;2020;33;30;12;53;NA
2020-04-17;Viveros;2020;20;11;12;57;3
2020-04-18;Viveros;2020;20;13;9;52;3
2020-04-18;Moli del Sol;2020;31;29;8;51;NA
2020-04-18;Pista Silla;2020;14;13;8;54;4
2020-04-18;Avda. Francia;2020;18;15;9;51;4
2020-04-18;Politecnico;2020;22;20;5;49;3
2020-04-19;Pista Silla;2020;5;4;4;65;4
2020-04-19;Viveros;2020;9;3;3;61;3
2020-04-19;Politecnico;2020;7;6;3;62;3
2020-04-19;Avda. Francia;2020;5;4;4;62;4
2020-04-19;Moli del Sol;2020;12;11;4;55;NA
2020-04-20;Viveros;2020;13;6;8;49;3
2020-04-20;Moli del Sol;2020;10;9;7;46;NA
2020-04-20;Avda. Francia;2020;6;5;9;50;4
2020-04-20;Politecnico;2020;9;7;5;48;3
2020-04-20;Pista Silla;2020;7;4;9;46;4
2020-04-21;Politecnico;2020;8;5;6;53;4
2020-04-21;Viveros;2020;14;4;12;55;4
2020-04-21;Pista Silla;2020;3;2;10;56;5
2020-04-21;Moli del Sol;2020;6;6;9;54;3
2020-04-21;Avda. Francia;2020;5;3;10;59;5
2020-04-22;Moli del Sol;2020;7;6;7;61;3
2020-04-22;Avda. Francia;2020;5;3;7;65;4
2020-04-22;Pista Silla;2020;4;2;10;63;6
2020-04-22;Viveros;2020;15;4;6;63;3
2020-04-22;Politecnico;2020;7;5;5;59;4
2020-04-23;Avda. Francia;2020;11;7;11;75;3
2020-04-23;Politecnico;2020;17;15;7;64;3
2020-04-23;Moli del Sol;2020;24;21;11;64;3
2020-04-23;Viveros;2020;24;10;12;70;3
2020-04-23;Pista Silla;2020;10;8;13;74;6
2020-04-24;Avda. Francia;2020;12;9;12;73;4
2020-04-24;Politecnico;2020;18;17;6;62;3
2020-04-24;Moli del Sol;2020;24;22;13;58;3
2020-04-24;Viveros;2020;23;11;11;67;3
2020-04-24;Pista Silla;2020;14;12;19;65;5
2020-04-25;Viveros;2020;19;9;9;66;3
2020-04-25;Avda. Francia;2020;10;8;8;78;4
2020-04-25;Politecnico;2020;16;15;5;67;3
2020-04-25;Moli del Sol;2020;20;19;6;67;4
2020-04-25;Pista Silla;2020;11;10;7;74;5
2020-04-26;Moli del Sol;2020;22;21;6;56;4
2020-04-26;Pista Silla;2020;12;11;7;64;4
2020-04-26;Viveros;2020;17;9;5;61;3
2020-04-26;Avda. Francia;2020;10;9;8;63;3
2020-04-26;Politecnico;2020;16;15;3;60;3
2020-04-27;Avda. Francia;2020;13;9;10;53;4
2020-04-27;Viveros;2020;18;9;9;54;3
2020-04-27;Politecnico;2020;17;14;8;47;3
2020-04-27;Pista Silla;2020;10;7;9;54;5
2020-04-27;Moli del Sol;2020;15;14;7;53;4
2020-04-28;Viveros;2020;12;6;4;67;3
2020-04-28;Politecnico;2020;7;5;4;61;3
2020-04-28;Pista Silla;2020;4;2;4;65;4
2020-04-28;Avda. Francia;2020;7;4;4;72;4
2020-04-28;Moli del Sol;2020;7;6;6;62;3
2020-04-29;Avda. Francia;2020;7;4;5;72;3
2020-04-29;Pista Silla;2020;5;2;7;65;4
2020-04-29;Moli del Sol;2020;7;5;7;62;4
2020-04-29;Viveros;2020;14;6;7;65;3
2020-04-29;Politecnico;2020;9;4;4;64;NA
2020-04-30;Viveros;2020;14;7;6;64;3
2020-04-30;Moli del Sol;2020;8;5;6;63;4
2020-04-30;Pista Silla;2020;5;1;3;67;4
2020-04-30;Politecnico;2020;6;3;3;61;NA
2020-04-30;Avda. Francia;2020;7;3;4;72;4
2020-05-01;Viveros;2020;12;6;1;56;3
2020-05-01;Avda. Francia;2020;5;3;1;61;4
2020-05-01;Politecnico;2020;4;3;2;52;NA
2020-05-01;Moli del Sol;2020;6;5;2;57;4
2020-05-01;Pista Silla;2020;4;1;1;57;4
2020-05-02;Pista Silla;2020;4;1;3;48;4
2020-05-02;Politecnico;2020;5;4;5;43;3
2020-05-02;Moli del Sol;2020;7;6;5;47;4
2020-05-02;Avda. Francia;2020;6;3;6;50;3
2020-05-02;Viveros;2020;16;8;4;48;3
2020-05-03;Viveros;2020;17;10;5;57;3
2020-05-03;Pista Silla;2020;4;2;10;54;4
2020-05-03;Moli del Sol;2020;10;9;6;53;4
2020-05-03;Politecnico;2020;7;6;8;51;3
2020-05-03;Avda. Francia;2020;8;5;12;55;3
2020-05-04;Pista Silla;2020;8;7;13;55;6
2020-05-04;Avda. Francia;2020;9;7;8;64;4
2020-05-04;Moli del Sol;2020;20;18;10;54;4
2020-05-04;Politecnico;2020;11;10;6;54;4
2020-05-04;Viveros;2020;18;11;6;61;3
2020-05-05;Avda. Francia;2020;14;9;15;49;4
2020-05-05;Politecnico;2020;11;10;10;43;3
2020-05-05;Moli del Sol;2020;19;17;12;47;4
2020-05-05;Pista Silla;2020;9;6;23;42;4
2020-05-05;Viveros;2020;NA;15;13;50;3
2020-05-06;Politecnico;2020;11;9;7;47;3
2020-05-06;Moli del Sol;2020;16;14;10;51;5
2020-05-06;Viveros;2020;23;14;9;56;3
2020-05-06;Pista Silla;2020;7;5;17;49;4
2020-05-06;Avda. Francia;2020;12;7;14;53;3
2020-05-07;Avda. Francia;2020;11;8;11;65;4
2020-05-07;Viveros;2020;20;12;8;63;3
2020-05-07;Politecnico;2020;16;12;8;55;3
2020-05-07;Moli del Sol;2020;16;14;8;59;4
2020-05-07;Pista Silla;2020;5;4;11;62;6
2020-05-08;Avda. Francia;2020;8;5;6;75;4
2020-05-08;Pista Silla;2020;5;4;7;72;4
2020-05-08;Politecnico;2020;16;12;5;67;3
2020-05-08;Viveros;2020;24;11;4;72;3
2020-05-08;Moli del Sol;2020;18;16;4;65;4
2020-05-09;Avda. Francia;2020;11;8;5;74;3
2020-05-09;Pista Silla;2020;7;6;8;NA;4
2020-05-09;Politecnico;2020;20;16;4;65;3
2020-05-09;Moli del Sol;2020;26;24;3;67;4
2020-05-09;Viveros;2020;25;11;4;70;3
2020-05-10;Politecnico;2020;10;8;3;58;3
2020-05-10;Moli del Sol;2020;11;10;1;59;3
2020-05-10;Viveros;2020;15;7;2;58;3
2020-05-10;Pista Silla;2020;4;3;4;NA;5
2020-05-10;Avda. Francia;2020;8;5;2;69;4
2020-05-11;Avda. Francia;2020;6;3;4;70;5
2020-05-11;Politecnico;2020;6;3;4;58;4
2020-05-11;Moli del Sol;2020;6;4;2;63;3
2020-05-11;Pista Silla;2020;2;1;6;59;4
2020-05-11;Viveros;2020;13;7;4;61;3
2020-05-12;Pista Silla;2020;3;1;12;70;5
2020-05-12;Viveros;2020;18;8;7;64;3
2020-05-12;Moli del Sol;2020;12;10;6;58;5
2020-05-12;Avda. Francia;2020;7;4;8;65;4
2020-05-12;Politecnico;2020;11;8;7;56;4
2020-05-13;Pista Silla;2020;2;1;9;81;4
2020-05-13;Viveros;2020;14;6;7;73;3
2020-05-13;Avda. Francia;2020;5;3;8;79;3
2020-05-13;Moli del Sol;2020;5;4;3;69;4
2020-05-13;Politecnico;2020;7;4;10;65;3
2020-05-14;Politecnico;2020;7;5;7;65;3
2020-05-14;Avda. Francia;2020;4;3;8;74;3
2020-05-14;Viveros;2020;14;6;10;66;3
2020-05-14;Pista Silla;2020;1;1;11;80;4
2020-05-14;Moli del Sol;2020;7;6;4;66;4
2020-05-15;Viveros;2020;13;6;11;55;3
2020-05-15;Politecnico;2020;6;4;8;54;3
2020-05-15;Moli del Sol;2020;8;7;7;52;3
2020-05-15;Avda. Francia;2020;5;3;10;60;4
2020-05-15;Pista Silla;2020;2;1;18;60;8
2020-05-16;Pista Silla;2020;4;2;11;66;4
2020-05-16;Moli del Sol;2020;9;8;3;49;4
2020-05-16;Politecnico;2020;8;6;5;54;3
2020-05-16;Viveros;2020;14;6;5;57;3
2020-05-16;Avda. Francia;2020;7;5;8;61;4
2020-05-17;Pista Silla;2020;2;2;6;77;4
2020-05-17;Viveros;2020;14;7;3;63;3
2020-05-17;Moli del Sol;2020;8;8;1;59;3
2020-05-17;Politecnico;2020;9;7;5;55;3
2020-05-17;Avda. Francia;2020;6;5;7;68;3
2020-05-18;Avda. Francia;2020;9;6;13;57;4
2020-05-18;Viveros;2020;19;10;10;55;3
2020-05-18;Pista Silla;2020;6;3;21;52;5
2020-05-18;Moli del Sol;2020;11;10;7;51;4
2020-05-18;Politecnico;2020;11;8;8;52;3
2020-05-19;Avda. Francia;2020;19;7;18;72;4
2020-05-19;Viveros;2020;29;14;17;70;3
2020-05-19;Moli del Sol;2020;16;14;10;69;4
2020-05-19;Pista Silla;2020;7;4;29;68;6
2020-05-19;Politecnico;2020;16;11;10;68;3
2020-05-20;Viveros;2020;25;15;12;72;3
2020-05-20;Avda. Francia;2020;13;8;15;76;3
2020-05-20;Pista Silla;2020;14;5;26;72;5
2020-05-20;Moli del Sol;2020;17;16;9;70;4
2020-05-20;Politecnico;2020;17;13;9;69;3
2020-05-21;Moli del Sol;2020;15;14;11;67;4
2020-05-21;Avda. Francia;2020;18;9;20;76;5
2020-05-21;Viveros;2020;24;14;18;71;3
2020-05-21;Politecnico;2020;18;14;12;69;4
2020-05-21;Pista Silla;2020;8;4;29;72;6
2020-05-22;Pista Silla;2020;NA;NA;29;75;6
2020-05-22;Moli del Sol;2020;17;15;10;71;5
2020-05-22;Politecnico;2020;16;11;9;74;3
2020-05-22;Avda. Francia;2020;15;7;17;80;5
2020-05-22;Viveros;2020;26;15;13;80;4
2020-05-23;Avda. Francia;2020;11;6;11;83;4
2020-05-23;Politecnico;2020;13;10;8;71;3
2020-05-23;Pista Silla;2020;NA;NA;15;83;4
2020-05-23;Moli del Sol;2020;12;11;5;75;4
2020-05-23;Viveros;2020;19;12;10;79;3
2020-05-24;Politecnico;2020;10;7;4;64;4
2020-05-24;Pista Silla;2020;NA;NA;7;77;4
2020-05-24;Viveros;2020;24;8;4;69;3
2020-05-24;Moli del Sol;2020;12;11;2;67;4
2020-05-24;Avda. Francia;2020;7;4;4;76;4
2020-05-25;Avda. Francia;2020;8;4;12;62;4
2020-05-25;Viveros;2020;19;9;11;64;3
2020-05-25;Moli del Sol;2020;11;9;7;53;5
2020-05-25;Politecnico;2020;19;15;8;54;4
2020-05-25;Pista Silla;2020;NA;NA;22;57;5
2020-05-26;Avda. Francia;2020;9;6;8;75;3
2020-05-26;Viveros;2020;17;11;12;67;3
2020-05-26;Politecnico;2020;13;10;7;72;3
2020-05-26;Pista Silla;2020;18;10;19;NA;5
2020-05-26;Moli del Sol;2020;13;12;7;59;5
2020-05-27;Moli del Sol;2020;16;14;6;77;4
2020-05-27;Politecnico;2020;17;12;9;82;3
2020-05-27;Avda. Francia;2020;14;7;8;89;4
2020-05-27;Pista Silla;2020;22;11;16;91;5
2020-05-27;Viveros;2020;23;14;13;81;3
2020-05-28;Politecnico;2020;12;9;5;85;3
2020-05-28;Pista Silla;2020;15;8;17;90;7
2020-05-28;Viveros;2020;17;11;10;81;3
2020-05-28;Moli del Sol;2020;12;11;5;74;4
2020-05-28;Avda. Francia;2020;8;5;6;89;4
2020-05-29;Politecnico;2020;16;9;12;79;3
2020-05-29;Avda. Francia;2020;16;6;12;84;5
2020-05-29;Viveros;2020;24;15;20;74;3
2020-05-29;Pista Silla;2020;24;10;24;81;4
2020-05-29;Moli del Sol;2020;12;10;7;75;5
2020-05-30;Moli del Sol;2020;9;8;4;76;4
2020-05-30;Politecnico;2020;10;7;5;84;3
2020-05-30;Avda. Francia;2020;7;4;6;88;4
2020-05-30;Pista Silla;2020;13;6;15;89;7
2020-05-30;Viveros;2020;17;10;10;80;3
2020-05-31;Moli del Sol;2020;8;7;1;79;3
2020-05-31;Pista Silla;2020;12;5;8;97;5
2020-05-31;Politecnico;2020;7;5;4;89;4
2020-05-31;Viveros;2020;21;11;7;82;4
2020-05-31;Avda. Francia;2020;6;4;4;91;4
2020-06-01;Moli del Sol;2020;11;10;8;73;3
2020-06-01;Pista Silla;2020;19;8;21;79;4
2020-06-01;Avda. Francia;2020;11;5;10;82;4
2020-06-01;Politecnico;2020;9;7;9;79;4
2020-06-01;Viveros;2020;26;12;16;75;3
2020-06-02;Politecnico;2020;11;7;9;76;3
2020-06-02;Moli del Sol;2020;11;10;8;68;4
2020-06-02;Pista Silla;2020;19;8;22;78;5
2020-06-02;Avda. Francia;2020;7;4;9;82;3
2020-06-02;Viveros;2020;26;11;14;73;3
2020-06-03;Pista Silla;2020;27;14;26;71;4
2020-06-03;Moli del Sol;2020;17;15;10;66;4
2020-06-03;Viveros;2020;35;18;19;69;3
2020-06-03;Avda. Francia;2020;15;8;15;79;4
2020-06-03;Politecnico;2020;16;12;8;78;3
2020-06-04;Moli del Sol;2020;12;10;7;55;5
2020-06-04;Pista Silla;2020;18;8;18;64;4
2020-06-04;Viveros;2020;24;12;20;56;3
2020-06-04;Avda. Francia;2020;16;7;14;62;3
2020-06-04;Politecnico;2020;13;8;9;62;4
2020-06-05;Avda. Francia;2020;8;4;12;75;3
2020-06-05;Viveros;2020;19;10;19;69;3
2020-06-05;Politecnico;2020;9;6;8;76;5
2020-06-05;Moli del Sol;2020;8;7;10;63;3
2020-06-05;Pista Silla;2020;12;4;21;77;4
2020-06-06;Viveros;2020;28;17;17;69;3
2020-06-06;Moli del Sol;2020;13;12;8;66;3
2020-06-06;Pista Silla;2020;20;11;20;73;5
2020-06-06;Politecnico;2020;13;9;8;75;4
2020-06-06;Avda. Francia;2020;13;7;12;78;4
2020-06-07;Politecnico;2020;10;7;4;70;4
2020-06-07;Moli del Sol;2020;12;11;3;64;4
2020-06-07;Avda. Francia;2020;7;5;4;72;4
2020-06-07;Viveros;2020;24;12;8;64;4
2020-06-07;Pista Silla;2020;15;9;8;73;5
2020-06-08;Moli del Sol;2020;6;6;8;41;4
2020-06-08;Viveros;2020;14;5;16;39;3
2020-06-08;Pista Silla;2020;6;3;17;48;6
2020-06-08;Avda. Francia;2020;4;3;9;44;3
2020-06-08;Politecnico;2020;5;4;7;46;3
2020-06-09;Avda. Francia;2020;7;4;9;63;3
2020-06-09;Moli del Sol;2020;8;8;7;55;4
2020-06-09;Politecnico;2020;8;5;6;65;3
2020-06-09;Pista Silla;2020;10;5;21;61;5
2020-06-09;Viveros;2020;18;8;14;58;3
2020-06-10;Avda. Francia;2020;9;5;9;69;5
2020-06-10;Politecnico;2020;9;6;8;65;3
2020-06-10;Viveros;2020;21;10;15;61;3
2020-06-10;Pista Silla;2020;14;7;18;70;4
2020-06-10;Moli del Sol;2020;10;9;6;64;4
2020-06-11;Pista Silla;2020;24;9;19;70;4
2020-06-11;Viveros;2020;29;16;18;61;3
2020-06-11;Avda. Francia;2020;27;6;12;70;4
2020-06-11;Moli del Sol;2020;14;11;6;62;3
2020-06-11;Politecnico;2020;14;7;10;67;3
2020-06-12;Moli del Sol;2020;8;5;2;63;4
2020-06-12;Politecnico;2020;8;3;4;67;3
2020-06-12;Pista Silla;2020;15;3;9;72;4
2020-06-12;Avda. Francia;2020;27;4;4;68;3
2020-06-12;Viveros;2020;23;8;10;60;4
2020-06-13;Avda. Francia;2020;12;4;3;79;3
2020-06-13;Pista Silla;2020;10;4;9;82;6
2020-06-13;Moli del Sol;2020;6;5;2;73;4
2020-06-13;Politecnico;2020;5;3;5;76;3
2020-06-13;Viveros;2020;21;9;9;70;3
2020-06-14;Moli del Sol;2020;9;8;4;72;4
2020-06-14;Avda. Francia;2020;11;5;9;76;3
2020-06-14;Politecnico;2020;6;4;7;76;3
2020-06-14;Pista Silla;2020;15;8;13;84;4
2020-06-14;Viveros;2020;22;11;11;71;4
2020-06-15;Viveros;2020;23;12;14;62;5
2020-06-15;Politecnico;2020;7;5;9;64;3
2020-06-15;Moli del Sol;2020;13;11;9;59;4
2020-06-15;Pista Silla;2020;23;10;24;60;5
2020-06-15;Avda. Francia;2020;12;5;10;70;3
2020-06-16;Moli del Sol;2020;13;11;6;61;4
2020-06-16;Avda. Francia;2020;9;5;8;68;3
2020-06-16;Pista Silla;2020;16;8;15;70;4
2020-06-16;Politecnico;2020;9;5;7;68;3
2020-06-16;Viveros;2020;23;13;9;64;4
2020-06-17;Viveros;2020;19;12;13;60;3
2020-06-17;Pista Silla;2020;15;7;20;64;5
2020-06-17;Politecnico;2020;6;5;8;68;4
2020-06-17;Avda. Francia;2020;7;4;9;68;3
2020-06-17;Moli del Sol;2020;11;10;7;59;3
2020-06-18;Avda. Francia;2020;7;4;6;71;3
2020-06-18;Moli del Sol;2020;11;10;6;64;4
2020-06-18;Viveros;2020;22;13;10;63;3
2020-06-18;Politecnico;2020;8;5;7;64;5
2020-06-18;Pista Silla;2020;14;8;17;68;4
2020-06-19;Pista Silla;2020;13;8;21;54;4
2020-06-19;Politecnico;2020;5;4;6;63;4
2020-06-19;Avda. Francia;2020;5;4;7;63;3
2020-06-19;Moli del Sol;2020;11;10;7;59;3
2020-06-19;Viveros;2020;20;11;12;57;3
2020-06-20;Viveros;2020;21;12;11;52;3
2020-06-20;Pista Silla;2020;14;9;12;59;4
2020-06-20;Avda. Francia;2020;6;5;6;56;3
2020-06-20;Moli del Sol;2020;14;13;7;52;3
2020-06-20;Politecnico;2020;8;7;5;58;3
2020-06-21;Avda. Francia;2020;6;5;6;NA;3
2020-06-21;Pista Silla;2020;14;10;13;54;5
2020-06-21;Politecnico;2020;8;7;5;57;3
2020-06-21;Viveros;2020;21;10;10;49;3
2020-06-21;Moli del Sol;2020;15;14;5;52;3
2020-06-22;Avda. Francia;2020;6;4;13;NA;4
2020-06-22;Viveros;2020;NA;12;16;47;3
2020-06-22;Politecnico;2020;9;7;7;54;4
2020-06-22;Moli del Sol;2020;13;12;11;45;4
2020-06-22;Pista Silla;2020;18;10;28;40;4
2020-06-23;Avda. Francia;2020;6;4;8;NA;3
2020-06-23;Pista Silla;2020;15;8;19;55;4
2020-06-23;Viveros;2020;21;11;10;53;3
2020-06-23;Politecnico;2020;7;5;4;61;4
2020-06-23;Moli del Sol;2020;10;9;7;55;3
2020-06-24;Avda. Francia;2020;5;4;8;NA;3
2020-06-24;Moli del Sol;2020;9;8;6;56;4
2020-06-24;Viveros;2020;NA;11;10;57;3
2020-06-24;Pista Silla;2020;12;6;14;63;3
2020-06-24;Politecnico;2020;10;7;6;61;3
2020-06-25;Moli del Sol;2020;9;8;11;61;4
2020-06-25;Viveros;2020;21;13;18;63;3
2020-06-25;Politecnico;2020;NA;NA;NA;NA;NA
2020-06-25;Avda. Francia;2020;9;4;12;50;3
2020-06-25;Pista Silla;2020;15;6;30;61;4
2020-06-26;Moli del Sol;2020;9;8;11;69;3
2020-06-26;Avda. Francia;2020;6;3;10;61;4
2020-06-26;Politecnico;2020;9;7;6;91;3
2020-06-26;Pista Silla;2020;14;6;29;71;3
2020-06-26;Viveros;2020;NA;12;15;72;3
2020-06-27;Pista Silla;2020;18;10;18;73;3
2020-06-27;Viveros;2020;21;13;12;68;3
2020-06-27;Moli del Sol;2020;14;13;7;68;3
2020-06-27;Avda. Francia;2020;7;4;8;61;4
2020-06-27;Politecnico;2020;14;10;6;75;3
2020-06-28;Pista Silla;2020;21;14;14;56;3
2020-06-28;Avda. Francia;2020;7;5;6;NA;5
2020-06-28;Viveros;2020;NA;12;7;56;3
2020-06-28;Moli del Sol;2020;20;19;4;56;3
2020-06-28;Politecnico;2020;20;16;6;57;3
2020-06-29;Moli del Sol;2020;20;19;7;53;4
2020-06-29;Avda. Francia;2020;12;7;7;NA;4
2020-06-29;Pista Silla;2020;25;15;23;48;6
2020-06-29;Viveros;2020;29;14;9;53;3
2020-06-29;Politecnico;2020;23;17;6;58;3
2020-06-30;Viveros;2020;22;11;10;NA;3
2020-06-30;Politecnico;2020;20;15;6;52;3
2020-06-30;Pista Silla;2020;23;13;20;45;5
2020-06-30;Moli del Sol;2020;19;18;7;47;4
2020-06-30;Avda. Francia;2020;11;6;6;NA;4
2020-07-01;Pista Silla;2020;25;14;21;55;5
2020-07-01;Moli del Sol;2020;21;19;11;54;4
2020-07-01;Politecnico;2020;23;16;7;61;3
2020-07-01;Avda. Francia;2020;15;6;9;NA;4
2020-07-01;Viveros;2020;28;16;15;51;3
2020-07-02;Politecnico;2020;22;17;8;58;3
2020-07-02;Viveros;2020;24;14;11;62;3
2020-07-02;Avda. Francia;2020;NA;NA;12;NA;4
2020-07-02;Pista Silla;2020;21;13;21;52;3
2020-07-02;Moli del Sol;2020;19;18;7;57;3
2020-07-03;Politecnico;2020;14;9;5;60;3
2020-07-03;Avda. Francia;2020;NA;NA;9;61;3
2020-07-03;Moli del Sol;2020;10;9;6;54;3
2020-07-03;Viveros;2020;21;NA;8;52;3
2020-07-03;Pista Silla;2020;16;8;18;54;4
2020-07-04;Avda. Francia;2020;NA;NA;6;59;3
2020-07-04;Moli del Sol;2020;12;11;5;51;3
2020-07-04;Pista Silla;2020;15;9;13;55;3
2020-07-04;Viveros;2020;21;8;7;48;3
2020-07-04;Politecnico;2020;16;11;5;53;3
2020-07-05;Moli del Sol;2020;11;10;5;50;4
2020-07-05;Pista Silla;2020;13;8;11;59;4
2020-07-05;Viveros;2020;21;9;9;49;3
2020-07-05;Politecnico;2020;14;10;5;59;3
2020-07-05;Avda. Francia;2020;NA;NA;7;63;3
2020-07-06;Viveros;2020;24;14;21;49;3
2020-07-06;Politecnico;2020;15;10;12;58;3
2020-07-06;Pista Silla;2020;20;8;32;49;5
2020-07-06;Avda. Francia;2020;6;3;16;58;4
2020-07-06;Moli del Sol;2020;15;11;13;47;3
2020-07-07;Pista Silla;2020;15;7;18;59;3
2020-07-07;Politecnico;2020;13;8;8;60;3
2020-07-07;Viveros;2020;25;12;12;57;3
2020-07-07;Avda. Francia;2020;8;2;11;59;4
2020-07-07;Moli del Sol;2020;10;9;9;53;3
2020-07-08;Moli del Sol;2020;11;10;9;52;4
2020-07-08;Pista Silla;2020;13;7;24;49;3
2020-07-08;Avda. Francia;2020;4;3;11;58;4
2020-07-08;Politecnico;2020;12;9;7;57;3
2020-07-08;Viveros;2020;23;11;14;52;3
2020-07-09;Pista Silla;2020;18;9;28;51;3
2020-07-09;Viveros;2020;28;14;15;58;3
2020-07-09;Moli del Sol;2020;12;11;11;53;3
2020-07-09;Politecnico;2020;15;10;9;61;3
2020-07-09;Avda. Francia;2020;8;6;13;62;3
2020-07-10;Moli del Sol;2020;16;15;10;65;4
2020-07-10;Avda. Francia;2020;14;9;11;80;4
2020-07-10;Viveros;2020;25;14;12;75;3
2020-07-10;Pista Silla;2020;NA;NA;NA;NA;NA
2020-07-10;Politecnico;2020;15;11;7;77;3
2020-07-11;Moli del Sol;2020;19;17;4;61;3
2020-07-11;Avda. Francia;2020;17;11;6;71;3
2020-07-11;Viveros;2020;NA;14;7;62;3
2020-07-11;Pista Silla;2020;NA;NA;NA;NA;NA
2020-07-11;Politecnico;2020;18;14;4;68;3
2020-07-12;Moli del Sol;2020;16;15;5;54;3
2020-07-12;Avda. Francia;2020;14;10;8;62;3
2020-07-12;Politecnico;2020;16;12;5;62;3
2020-07-12;Pista Silla;2020;NA;NA;NA;NA;NA
2020-07-12;Viveros;2020;23;11;10;52;3
2020-07-13;Avda. Francia;2020;14;9;13;59;3
2020-07-13;Moli del Sol;2020;16;15;8;53;3
2020-07-13;Pista Silla;2020;NA;NA;NA;NA;NA
2020-07-13;Viveros;2020;21;12;11;54;4
2020-07-13;Politecnico;2020;15;11;6;63;3
2020-07-14;Viveros;2020;20;NA;14;62;3
2020-07-14;Moli del Sol;2020;16;16;12;52;4
2020-07-14;Pista Silla;2020;17;11;NA;62;5
2020-07-14;Politecnico;2020;16;13;8;65;3
2020-07-14;Avda. Francia;2020;13;9;15;68;NA
2020-07-15;Moli del Sol;2020;13;12;12;60;4
2020-07-15;Viveros;2020;22;12;18;63;3
2020-07-15;Pista Silla;2020;17;11;NA;66;6
2020-07-15;Politecnico;2020;15;11;7;77;3
2020-07-15;Avda. Francia;2020;12;8;16;72;NA
2020-07-16;Pista Silla;2020;13;8;35;77;6
2020-07-16;Politecnico;2020;14;10;7;79;3
2020-07-16;Avda. Francia;2020;10;7;10;85;3
2020-07-16;Moli del Sol;2020;11;11;13;64;3
2020-07-16;Viveros;2020;21;10;16;72;3
2020-07-17;Avda. Francia;2020;10;7;9;67;3
2020-07-17;Moli del Sol;2020;13;12;10;52;3
2020-07-17;Pista Silla;2020;15;10;34;56;6
2020-07-17;Politecnico;2020;13;10;5;65;3
2020-07-17;Viveros;2020;21;8;13;56;3
2020-07-18;Avda. Francia;2020;12;8;8;56;3
2020-07-18;Pista Silla;2020;13;9;20;60;6
2020-07-18;Viveros;2020;20;9;10;49;3
2020-07-18;Politecnico;2020;14;11;4;58;3
2020-07-18;Moli del Sol;2020;12;11;6;52;3
2020-07-19;Moli del Sol;2020;12;11;3;60;3
2020-07-19;Avda. Francia;2020;13;9;8;66;4
2020-07-19;Politecnico;2020;14;11;3;67;3
2020-07-19;Viveros;2020;20;9;7;63;3
2020-07-19;Pista Silla;2020;14;10;18;68;6
2020-07-20;Moli del Sol;2020;12;11;7;58;3
2020-07-20;Politecnico;2020;13;9;4;66;3
2020-07-20;Avda. Francia;2020;12;8;8;67;3
2020-07-20;Viveros;2020;18;9;10;62;3
2020-07-20;Pista Silla;2020;15;10;28;60;6
2020-07-21;Avda. Francia;2020;11;7;7;59;3
2020-07-21;Viveros;2020;15;9;8;51;3
2020-07-21;Moli del Sol;2020;12;11;7;47;4
2020-07-21;Pista Silla;2020;12;9;30;49;7
2020-07-21;Politecnico;2020;12;10;5;55;3
2020-07-22;Moli del Sol;2020;12;11;13;44;4
2020-07-22;Pista Silla;2020;NA;NA;NA;NA;NA
2020-07-22;Avda. Francia;2020;11;7;15;53;3
2020-07-22;Politecnico;2020;15;11;11;51;3
2020-07-22;Viveros;2020;20;11;22;42;3
2020-07-23;Avda. Francia;2020;11;7;21;60;4
2020-07-23;Moli del Sol;2020;9;9;12;60;5
2020-07-23;Viveros;2020;19;14;30;47;3
2020-07-23;Politecnico;2020;14;9;13;61;3
2020-07-23;Pista Silla;2020;18;9;35;60;7
2020-07-24;Viveros;2020;17;14;15;71;3
2020-07-24;Politecnico;2020;14;9;10;68;3
2020-07-24;Pista Silla;2020;15;9;26;68;6
2020-07-24;Moli del Sol;2020;14;12;11;64;5
2020-07-24;Avda. Francia;2020;11;7;14;73;3
2020-07-25;Moli del Sol;2020;9;8;7;62;4
2020-07-25;Viveros;2020;14;10;9;68;4
2020-07-25;Pista Silla;2020;11;7;19;70;6
2020-07-25;Politecnico;2020;10;8;6;72;3
2020-07-25;Avda. Francia;2020;10;6;8;77;4
2020-07-26;Avda. Francia;2020;11;7;7;75;5
2020-07-26;Viveros;2020;18;10;7;67;3
2020-07-26;Moli del Sol;2020;12;11;5;63;3
2020-07-26;Pista Silla;2020;13;9;13;69;6
2020-07-26;Politecnico;2020;13;10;6;68;3
2020-07-27;Viveros;2020;23;13;19;63;3
2020-07-27;Politecnico;2020;16;12;8;73;3
2020-07-27;Avda. Francia;2020;12;8;13;NA;4
2020-07-27;Pista Silla;2020;17;11;27;70;6
2020-07-27;Moli del Sol;2020;12;12;11;59;3
2020-07-28;Moli del Sol;2020;15;14;11;59;3
2020-07-28;Avda. Francia;2020;13;6;17;71;3
2020-07-28;Pista Silla;2020;19;11;24;61;7
2020-07-28;Politecnico;2020;18;13;9;64;3
2020-07-28;Viveros;2020;23;13;12;NA;3
2020-07-29;Moli del Sol;2020;16;15;8;56;3
2020-07-29;Avda. Francia;2020;17;7;11;65;3
2020-07-29;Viveros;2020;24;13;9;64;3
2020-07-29;Politecnico;2020;20;14;6;61;3
2020-07-29;Pista Silla;2020;19;12;14;56;6
2020-07-30;Viveros;2020;NA;13;14;NA;3
2020-07-30;Politecnico;2020;17;12;7;57;3
2020-07-30;Avda. Francia;2020;12;6;16;59;3
2020-07-30;Moli del Sol;2020;16;15;11;55;3
2020-07-30;Pista Silla;2020;NA;NA;NA;NA;NA
2020-07-31;Avda. Francia;2020;13;6;21;62;3
2020-07-31;Politecnico;2020;20;14;9;63;3
2020-07-31;Viveros;2020;22;16;20;62;3
2020-07-31;Moli del Sol;2020;18;16;14;55;3
2020-07-31;Pista Silla;2020;20;13;36;NA;6
2020-08-01;Pista Silla;2020;21;16;19;NA;6
2020-08-01;Viveros;2020;NA;17;13;NA;3
2020-08-01;Moli del Sol;2020;25;24;10;52;3
2020-08-01;Avda. Francia;2020;14;8;17;69;3
2020-08-01;Politecnico;2020;22;18;6;62;3
2020-08-02;Politecnico;2020;20;16;7;49;3
2020-08-02;Moli del Sol;2020;20;19;6;50;3
2020-08-02;Avda. Francia;2020;13;7;12;64;3
2020-08-02;Pista Silla;2020;18;14;14;NA;8
2020-08-02;Viveros;2020;22;13;9;NA;3
2020-08-03;Avda. Francia;2020;12;4;7;57;3
2020-08-03;Pista Silla;2020;13;7;20;NA;6
2020-08-03;Politecnico;2020;12;8;6;46;3
2020-08-03;Moli del Sol;2020;8;8;7;47;3
2020-08-03;Viveros;2020;NA;8;8;NA;3
2020-08-04;Moli del Sol;2020;7;6;8;47;3
2020-08-04;Avda. Francia;2020;9;3;11;52;4
2020-08-04;Viveros;2020;17;6;12;47;3
2020-08-04;Pista Silla;2020;12;7;23;NA;7
2020-08-04;Politecnico;2020;12;7;6;47;3
2020-08-05;Avda. Francia;2020;7;3;7;60;3
2020-08-05;Moli del Sol;2020;7;7;7;51;3
2020-08-05;Pista Silla;2020;12;8;20;NA;7
2020-08-05;Viveros;2020;NA;8;10;56;3
2020-08-05;Politecnico;2020;15;9;7;51;3
2020-08-06;Avda. Francia;2020;5;2;7;63;3
2020-08-06;Politecnico;2020;11;7;8;50;3
2020-08-06;Viveros;2020;16;6;13;53;3
2020-08-06;Moli del Sol;2020;6;6;10;48;3
2020-08-06;Pista Silla;2020;11;7;26;NA;7
2020-08-07;Pista Silla;2020;18;7;31;NA;6
2020-08-07;Avda. Francia;2020;9;3;14;66;3
2020-08-07;Viveros;2020;NA;9;22;56;3
2020-08-07;Politecnico;2020;15;8;12;60;3
2020-08-07;Moli del Sol;2020;6;5;12;54;3
2020-08-08;Politecnico;2020;10;6;9;70;3
2020-08-08;Avda. Francia;2020;6;2;10;76;3
2020-08-08;Moli del Sol;2020;5;4;9;64;3
2020-08-08;Pista Silla;2020;12;6;23;NA;6
2020-08-08;Viveros;2020;NA;10;18;66;3
2020-08-09;Avda. Francia;2020;6;3;9;74;3
2020-08-09;Pista Silla;2020;9;6;14;NA;6
2020-08-09;Moli del Sol;2020;6;6;6;66;3
2020-08-09;Viveros;2020;NA;10;10;71;3
2020-08-09;Politecnico;2020;12;8;8;68;3
2020-08-10;Pista Silla;2020;14;8;26;NA;9
2020-08-10;Politecnico;2020;15;10;11;66;3
2020-08-10;Viveros;2020;20;10;14;77;3
2020-08-10;Avda. Francia;2020;8;4;13;72;3
2020-08-10;Moli del Sol;2020;8;7;12;60;3
2020-08-11;Avda. Francia;2020;11;4;10;72;3
2020-08-11;Moli del Sol;2020;9;9;10;57;3
2020-08-11;Politecnico;2020;15;10;8;62;3
2020-08-11;Pista Silla;2020;13;8;18;NA;8
2020-08-11;Viveros;2020;23;12;11;65;3
2020-08-12;Avda. Francia;2020;13;5;14;80;3
2020-08-12;Moli del Sol;2020;8;7;10;74;3
2020-08-12;Pista Silla;2020;15;10;22;NA;7
2020-08-12;Politecnico;2020;18;12;11;74;3
2020-08-12;Viveros;2020;25;13;18;76;3
2020-08-13;Viveros;2020;31;15;20;65;3
2020-08-13;Avda. Francia;2020;17;6;16;68;3
2020-08-13;Pista Silla;2020;21;13;26;NA;5
2020-08-13;Politecnico;2020;20;14;12;67;3
2020-08-13;Moli del Sol;2020;10;9;13;63;4
2020-08-14;Avda. Francia;2020;13;7;10;72;3
2020-08-14;Politecnico;2020;23;16;7;65;3
2020-08-14;Pista Silla;2020;18;13;20;NA;6
2020-08-14;Viveros;2020;28;13;9;74;3
2020-08-14;Moli del Sol;2020;13;12;11;58;3
2020-08-15;Politecnico;2020;21;16;6;63;3
2020-08-15;Viveros;2020;26;12;11;64;3
2020-08-15;Moli del Sol;2020;11;10;7;61;3
2020-08-15;Avda. Francia;2020;12;6;9;68;3
2020-08-15;Pista Silla;2020;16;12;17;NA;5
2020-08-16;Politecnico;2020;17;10;10;66;3
2020-08-16;Avda. Francia;2020;11;4;14;64;3
2020-08-16;Pista Silla;2020;12;7;17;NA;6
2020-08-16;Viveros;2020;24;13;15;64;4
2020-08-16;Moli del Sol;2020;8;7;6;63;3
2020-08-17;Viveros;2020;24;14;17;76;4
2020-08-17;Pista Silla;2020;13;8;27;NA;9
2020-08-17;Avda. Francia;2020;11;4;13;72;4
2020-08-17;Moli del Sol;2020;8;7;11;61;4
2020-08-17;Politecnico;2020;15;9;8;71;3
2020-08-18;Avda. Francia;2020;10;4;12;62;3
2020-08-18;Pista Silla;2020;12;8;25;NA;7
2020-08-18;Politecnico;2020;14;9;11;56;3
2020-08-18;Viveros;2020;19;13;16;73;3
2020-08-18;Moli del Sol;2020;9;8;10;53;3
2020-08-19;Moli del Sol;2020;7;6;11;57;3
2020-08-19;Pista Silla;2020;13;8;28;NA;5
2020-08-19;Politecnico;2020;16;9;9;66;4
2020-08-19;Avda. Francia;2020;12;4;15;62;3
2020-08-19;Viveros;2020;19;12;19;77;3
2020-08-20;Pista Silla;2020;12;6;22;NA;5
2020-08-20;Avda. Francia;2020;9;3;11;76;4
2020-08-20;Moli del Sol;2020;6;5;9;61;3
2020-08-20;Viveros;2020;18;10;15;84;3
2020-08-20;Politecnico;2020;12;8;11;63;3
2020-08-21;Politecnico;2020;16;10;8;61;3
2020-08-21;Moli del Sol;2020;8;8;11;56;3
2020-08-21;Avda. Francia;2020;10;4;10;74;3
2020-08-21;Viveros;2020;20;11;18;77;3
2020-08-21;Pista Silla;2020;14;8;21;72;6
2020-08-22;Viveros;2020;19;13;10;70;3
2020-08-22;Pista Silla;2020;15;11;14;59;5
2020-08-22;Moli del Sol;2020;14;14;7;45;3
2020-08-22;Politecnico;2020;18;13;6;52;3
2020-08-22;Avda. Francia;2020;11;6;9;60;3
2020-08-23;Viveros;2020;20;10;10;70;3
2020-08-23;Avda. Francia;2020;11;5;9;57;3
2020-08-23;Politecnico;2020;16;12;7;48;3
2020-08-23;Moli del Sol;2020;11;10;6;46;3
2020-08-23;Pista Silla;2020;13;9;13;59;5
2020-08-24;Moli del Sol;2020;7;7;11;51;3
2020-08-24;Viveros;2020;16;7;12;73;3
2020-08-24;Avda. Francia;2020;8;4;10;60;3
2020-08-24;Politecnico;2020;14;10;8;49;3
2020-08-24;Pista Silla;2020;11;7;18;62;6
2020-08-25;Viveros;2020;23;9;NA;NA;NA
2020-08-25;Politecnico;2020;16;11;7;53;3
2020-08-25;Avda. Francia;2020;9;4;9;63;3
2020-08-25;Moli del Sol;2020;8;8;12;56;4
2020-08-25;Pista Silla;2020;11;8;17;64;5
2020-08-26;Moli del Sol;2020;9;9;13;54;4
2020-08-26;Politecnico;2020;15;12;7;51;3
2020-08-26;Pista Silla;2020;10;8;19;58;6
2020-08-26;Avda. Francia;2020;8;4;10;59;3
2020-08-26;Viveros;2020;22;10;NA;NA;3
2020-08-27;Politecnico;2020;14;10;9;54;3
2020-08-27;Moli del Sol;2020;9;8;14;57;3
2020-08-27;Pista Silla;2020;11;7;22;62;4
2020-08-27;Avda. Francia;2020;10;4;13;62;4
2020-08-27;Viveros;2020;23;11;NA;NA;3
2020-08-28;Moli del Sol;2020;13;13;15;59;3
2020-08-28;Avda. Francia;2020;9;5;10;67;4
2020-08-28;Pista Silla;2020;12;10;21;NA;3
2020-08-28;Viveros;2020;27;13;16;81;3
2020-08-28;Politecnico;2020;17;13;8;57;3
2020-08-29;Viveros;2020;24;11;12;61;4
2020-08-29;Politecnico;2020;13;8;7;43;3
2020-08-29;Moli del Sol;2020;6;5;10;51;3
2020-08-29;Pista Silla;2020;10;5;11;NA;4
2020-08-29;Avda. Francia;2020;11;3;6;51;4
2020-08-30;Pista Silla;2020;3;2;14;NA;3
2020-08-30;Politecnico;2020;5;3;6;58;3
2020-08-30;Avda. Francia;2020;2;1;3;65;4
2020-08-30;Viveros;2020;13;6;10;70;3
2020-08-30;Moli del Sol;2020;2;2;8;57;4
2020-08-31;Moli del Sol;2020;3;3;12;60;3
2020-08-31;Pista Silla;2020;7;3;23;70;4
2020-08-31;Politecnico;2020;10;4;8;58;3
2020-08-31;Viveros;2020;19;8;20;64;3
2020-08-31;Avda. Francia;2020;6;1;10;57;4
2020-09-01;Politecnico;2020;8;5;10;60;3
2020-09-01;Avda. Francia;2020;8;2;13;57;4
2020-09-01;Moli del Sol;2020;3;3;19;56;3
2020-09-01;Pista Silla;2020;10;4;28;58;3
2020-09-01;Viveros;2020;18;7;22;65;4
2020-09-02;Politecnico;2020;8;5;7;67;3
2020-09-02;Pista Silla;2020;8;5;23;73;3
2020-09-02;Moli del Sol;2020;4;3;17;60;3
2020-09-02;Avda. Francia;2020;7;2;10;66;4
2020-09-02;Viveros;2020;16;7;13;77;4
2020-09-03;Avda. Francia;2020;10;2;13;65;4
2020-09-03;Politecnico;2020;9;6;9;67;3
2020-09-03;Viveros;2020;18;9;23;69;3
2020-09-03;Moli del Sol;2020;4;4;19;59;3
2020-09-03;Pista Silla;2020;8;5;28;69;3
2020-09-04;Avda. Francia;2020;8;2;14;71;3
2020-09-04;Pista Silla;2020;9;5;29;76;3
2020-09-04;Viveros;2020;24;10;26;73;3
2020-09-04;Politecnico;2020;10;6;13;67;4
2020-09-04;Moli del Sol;2020;5;5;18;64;3
2020-09-05;Avda. Francia;2020;5;3;8;76;3
2020-09-05;Politecnico;2020;10;7;8;73;3
2020-09-05;Viveros;2020;20;9;14;81;3
2020-09-05;Pista Silla;2020;8;6;19;85;3
2020-09-05;Moli del Sol;2020;7;7;11;72;3
2020-09-06;Avda. Francia;2020;4;3;8;72;3
2020-09-06;Viveros;2020;20;10;13;80;3
2020-09-06;Moli del Sol;2020;7;7;9;72;3
2020-09-06;Politecnico;2020;10;7;6;71;3
2020-09-06;Pista Silla;2020;8;6;14;NA;3
2020-09-07;Politecnico;2020;14;9;6;59;3
2020-09-07;Avda. Francia;2020;13;3;7;65;3
2020-09-07;Moli del Sol;2020;6;5;12;59;3
2020-09-07;Viveros;2020;26;10;10;71;3
2020-09-07;Pista Silla;2020;11;6;17;NA;3
2020-09-08;Avda. Francia;2020;6;2;10;60;3
2020-09-08;Moli del Sol;2020;4;4;17;60;4
2020-09-08;Viveros;2020;16;8;19;69;3
2020-09-08;Pista Silla;2020;8;5;24;NA;3
2020-09-08;Politecnico;2020;10;6;10;61;4
2020-09-09;Pista Silla;2020;10;6;24;NA;3
2020-09-09;Politecnico;2020;11;8;12;71;3
2020-09-09;Moli del Sol;2020;7;7;18;70;4
2020-09-09;Avda. Francia;2020;8;3;13;74;4
2020-09-09;Viveros;2020;16;8;20;79;4
2020-09-10;Pista Silla;2020;12;9;27;77;3
2020-09-10;Viveros;2020;17;10;29;69;4
2020-09-10;Politecnico;2020;13;10;12;70;3
2020-09-10;Avda. Francia;2020;7;4;17;68;4
2020-09-10;Moli del Sol;2020;9;9;24;58;3
2020-09-11;Moli del Sol;2020;9;8;25;69;3
2020-09-11;Politecnico;2020;15;11;16;71;3
2020-09-11;Avda. Francia;2020;11;5;19;72;4
2020-09-11;Pista Silla;2020;15;9;27;79;5
2020-09-11;Viveros;2020;21;13;30;77;4
2020-09-12;Politecnico;2020;14;11;8;82;3
2020-09-12;Viveros;2020;22;12;18;88;4
2020-09-12;Avda. Francia;2020;8;4;13;83;3
2020-09-12;Moli del Sol;2020;9;9;14;81;3
2020-09-12;Pista Silla;2020;12;8;17;92;3
2020-09-13;Moli del Sol;2020;8;8;13;73;3
2020-09-13;Avda. Francia;2020;8;4;11;77;3
2020-09-13;Politecnico;2020;14;9;10;74;3
2020-09-13;Pista Silla;2020;11;7;16;85;3
2020-09-13;Viveros;2020;26;12;16;82;3
2020-09-14;Politecnico;2020;16;10;13;71;3
2020-09-14;Pista Silla;2020;15;8;32;71;3
2020-09-14;Moli del Sol;2020;5;5;22;73;4
2020-09-14;Avda. Francia;2020;13;4;20;70;4
2020-09-14;Viveros;2020;25;13;25;78;4
2020-09-15;Moli del Sol;2020;NA;NA;19;66;4
2020-09-15;Viveros;2020;24;13;27;70;3
2020-09-15;Pista Silla;2020;16;11;26;67;3
2020-09-15;Avda. Francia;2020;11;6;18;66;5
2020-09-15;Politecnico;2020;19;14;14;61;3
2020-09-16;Avda. Francia;2020;15;10;17;65;4
2020-09-16;Pista Silla;2020;22;16;27;59;3
2020-09-16;Moli del Sol;2020;NA;NA;21;60;3
2020-09-16;Politecnico;2020;24;19;14;56;4
2020-09-16;Viveros;2020;29;18;24;67;3
2020-09-17;Moli del Sol;2020;NA;NA;22;58;3
2020-09-17;Pista Silla;2020;20;16;28;56;4
2020-09-17;Avda. Francia;2020;17;10;19;63;3
2020-09-17;Politecnico;2020;26;19;12;53;4
2020-09-17;Viveros;2020;29;18;24;68;3
2020-09-18;Moli del Sol;2020;NA;NA;17;48;3
2020-09-18;Politecnico;2020;13;10;11;40;3
2020-09-18;Avda. Francia;2020;7;5;15;48;3
2020-09-18;Pista Silla;2020;10;8;17;51;3
2020-09-18;Viveros;2020;17;7;23;55;3
2020-09-19;Pista Silla;2020;6;4;8;53;3
2020-09-19;Moli del Sol;2020;NA;NA;8;47;3
2020-09-19;Viveros;2020;16;6;15;53;3
2020-09-19;Avda. Francia;2020;4;2;10;45;4
2020-09-19;Politecnico;2020;7;5;8;NA;3
2020-09-20;Moli del Sol;2020;NA;NA;6;59;3
2020-09-20;Pista Silla;2020;5;4;6;70;3
2020-09-20;Viveros;2020;16;6;14;62;3
2020-09-20;Politecnico;2020;8;5;8;NA;3
2020-09-20;Avda. Francia;2020;3;2;8;57;4
2020-09-21;Pista Silla;2020;9;5;23;63;3
2020-09-21;Viveros;2020;18;9;22;65;3
2020-09-21;Avda. Francia;2020;7;3;17;59;3
2020-09-21;Politecnico;2020;10;7;11;64;3
2020-09-21;Moli del Sol;2020;NA;NA;19;56;4
2020-09-22;Moli del Sol;2020;5;5;17;58;5
2020-09-22;Pista Silla;2020;9;7;20;65;3
2020-09-22;Viveros;2020;23;12;25;63;3
2020-09-22;Avda. Francia;2020;9;4;17;60;4
2020-09-22;Politecnico;2020;14;9;16;61;3
2020-09-23;Politecnico;2020;17;10;21;55;3
2020-09-23;Moli del Sol;2020;6;5;22;51;4
2020-09-23;Avda. Francia;2020;13;6;24;50;3
2020-09-23;Pista Silla;2020;11;8;31;48;4
2020-09-23;Viveros;2020;26;14;31;57;3
2020-09-24;Avda. Francia;2020;13;3;14;40;3
2020-09-24;Moli del Sol;2020;7;4;14;43;3
2020-09-24;Politecnico;2020;16;7;12;43;3
2020-09-24;Viveros;2020;24;16;24;44;3
2020-09-24;Pista Silla;2020;13;5;12;47;3
2020-09-25;Politecnico;2020;10;4;6;70;3
2020-09-25;Pista Silla;2020;7;3;12;74;3
2020-09-25;Avda. Francia;2020;7;2;7;62;4
2020-09-25;Viveros;2020;15;10;14;63;3
2020-09-25;Moli del Sol;2020;3;2;6;64;3
2020-09-26;Avda. Francia;2020;3;1;4;60;3
2020-09-26;Moli del Sol;2020;1;1;4;62;3
2020-09-26;Pista Silla;2020;4;2;7;76;4
2020-09-26;Politecnico;2020;6;2;6;66;3
2020-09-26;Viveros;2020;14;8;10;60;3
2020-09-27;Pista Silla;2020;6;3;11;76;3
2020-09-27;Politecnico;2020;10;4;7;72;3
2020-09-27;Avda. Francia;2020;5;2;6;63;4
2020-09-27;Moli del Sol;2020;2;2;9;63;3
2020-09-27;Viveros;2020;20;11;13;63;3
2020-09-28;Politecnico;2020;14;7;13;67;3
2020-09-28;Avda. Francia;2020;8;3;14;57;6
2020-09-28;Pista Silla;2020;9;5;27;60;3
2020-09-28;Moli del Sol;2020;3;2;20;55;3
2020-09-28;Viveros;2020;21;12;23;58;3
2020-09-29;Moli del Sol;2020;2;2;23;59;4
2020-09-29;Avda. Francia;2020;7;2;14;62;5
2020-09-29;Politecnico;2020;11;6;15;66;4
2020-09-29;Pista Silla;2020;8;4;27;63;3
2020-09-29;Viveros;2020;20;10;19;66;4
2020-09-30;Pista Silla;2020;8;6;24;44;4
2020-09-30;Avda. Francia;2020;6;3;18;55;6
2020-09-30;Viveros;2020;20;9;25;58;4
2020-09-30;Politecnico;2020;11;7;15;66;5
2020-09-30;Moli del Sol;2020;4;4;20;56;3
2020-10-01;Pista Silla;2020;19;8;21;49;4
2020-10-01;Politecnico;2020;24;11;16;63;5
2020-10-01;Avda. Francia;2020;21;6;16;56;3
2020-10-01;Moli del Sol;2020;8;5;16;56;4
2020-10-01;Viveros;2020;30;20;29;55;3
2020-10-02;Politecnico;2020;31;7;8;61;4
2020-10-02;Viveros;2020;39;24;15;55;3
2020-10-02;Moli del Sol;2020;12;3;8;58;3
2020-10-02;Pista Silla;2020;29;7;9;64;3
2020-10-02;Avda. Francia;2020;34;4;8;54;4
2020-10-03;Viveros;2020;11;6;14;56;4
2020-10-03;Pista Silla;2020;5;3;6;69;4
2020-10-03;Avda. Francia;2020;3;1;5;57;4
2020-10-03;Politecnico;2020;5;3;6;66;3
2020-10-03;Moli del Sol;2020;2;1;8;58;3
2020-10-04;Politecnico;2020;7;4;5;63;3
2020-10-04;Avda. Francia;2020;3;2;4;56;5
2020-10-04;Viveros;2020;12;6;10;56;4
2020-10-04;Moli del Sol;2020;2;2;5;57;3
2020-10-04;Pista Silla;2020;7;3;3;69;3
2020-10-05;Pista Silla;2020;7;4;26;41;6
2020-10-05;Viveros;2020;17;9;27;43;4
2020-10-05;Politecnico;2020;8;4;11;54;3
2020-10-05;Avda. Francia;2020;5;2;14;43;5
2020-10-05;Moli del Sol;2020;2;2;22;41;3
2020-10-06;Avda. Francia;2020;10;3;24;42;4
2020-10-06;Pista Silla;2020;12;5;32;41;4
2020-10-06;Politecnico;2020;15;7;21;51;3
2020-10-06;Viveros;2020;25;14;36;45;4
2020-10-06;Moli del Sol;2020;3;3;29;42;3
2020-10-07;Viveros;2020;20;13;31;44;4
2020-10-07;Politecnico;2020;13;7;19;42;3
2020-10-07;Avda. Francia;2020;9;3;23;38;5
2020-10-07;Moli del Sol;2020;3;3;26;38;3
2020-10-07;Pista Silla;2020;9;5;34;33;4
2020-10-08;Avda. Francia;2020;8;3;23;38;4
2020-10-08;Politecnico;2020;15;9;16;48;3
2020-10-08;Moli del Sol;2020;7;7;22;41;4
2020-10-08;Pista Silla;2020;8;6;28;34;3
2020-10-08;Viveros;2020;24;13;31;42;4
2020-10-09;Moli del Sol;2020;8;8;12;46;3
2020-10-09;Viveros;2020;20;9;14;50;3
2020-10-09;Politecnico;2020;11;9;8;56;3
2020-10-09;Pista Silla;2020;7;6;10;50;3
2020-10-09;Avda. Francia;2020;4;3;9;48;3
2020-10-10;Pista Silla;2020;7;6;12;54;3
2020-10-10;Politecnico;2020;13;10;7;57;4
2020-10-10;Moli del Sol;2020;10;10;11;50;3
2020-10-10;Viveros;2020;20;9;14;54;3
2020-10-10;Avda. Francia;2020;5;4;11;48;3
2020-10-11;Avda. Francia;2020;2;1;3;64;4
2020-10-11;Viveros;2020;15;9;6;66;3
2020-10-11;Pista Silla;2020;4;2;6;78;3
2020-10-11;Moli del Sol;2020;2;2;4;67;3
2020-10-11;Politecnico;2020;6;3;3;74;4
2020-10-12;Pista Silla;2020;5;2;12;75;4
2020-10-12;Politecnico;2020;8;4;11;67;3
2020-10-12;Avda. Francia;2020;5;2;7;65;5
2020-10-12;Viveros;2020;16;10;14;64;3
2020-10-12;Moli del Sol;2020;3;2;10;64;3
2020-10-13;Politecnico;2020;13;5;18;47;3
2020-10-13;Avda. Francia;2020;10;2;17;42;5
2020-10-13;Moli del Sol;2020;5;4;20;45;3
2020-10-13;Pista Silla;2020;8;4;22;46;4
2020-10-13;Viveros;2020;21;10;24;50;3
2020-10-14;Avda. Francia;2020;12;5;25;29;5
2020-10-14;Viveros;2020;NA;12;41;33;4
2020-10-14;Pista Silla;2020;11;7;35;22;4
2020-10-14;Moli del Sol;2020;9;9;33;25;4
2020-10-14;Politecnico;2020;15;8;20;36;4
2020-10-15;Moli del Sol;2020;2;2;9;53;4
2020-10-15;Pista Silla;2020;4;2;10;62;3
2020-10-15;Politecnico;2020;7;3;6;62;5
2020-10-15;Avda. Francia;2020;4;1;7;52;4
2020-10-15;Viveros;2020;10;4;13;57;4
2020-10-16;Moli del Sol;2020;9;9;23;54;3
2020-10-16;Pista Silla;2020;9;6;27;57;5
2020-10-16;Politecnico;2020;13;7;11;75;5
2020-10-16;Avda. Francia;2020;7;3;13;61;5
2020-10-16;Viveros;2020;NA;11;29;59;3
2020-10-17;Moli del Sol;2020;10;9;15;68;3
2020-10-17;Pista Silla;2020;10;8;20;67;3
2020-10-17;Viveros;2020;NA;12;20;68;3
2020-10-17;Avda. Francia;2020;7;4;11;70;6
2020-10-17;Politecnico;2020;14;10;9;80;6
2020-10-18;Moli del Sol;2020;7;7;12;67;3
2020-10-18;Pista Silla;2020;8;6;15;70;3
2020-10-18;Avda. Francia;2020;6;3;11;70;4
2020-10-18;Politecnico;2020;13;9;9;78;5
2020-10-18;Viveros;2020;NA;10;16;67;3
2020-10-19;Pista Silla;2020;8;6;31;47;3
2020-10-19;Politecnico;2020;13;9;14;72;4
2020-10-19;Avda. Francia;2020;7;3;21;55;5
2020-10-19;Viveros;2020;NA;10;29;59;3
2020-10-19;Moli del Sol;2020;8;8;27;49;5
2020-10-20;Politecnico;2020;18;13;15;71;4
2020-10-20;Viveros;2020;NA;12;25;65;4
2020-10-20;Pista Silla;2020;10;9;27;53;5
2020-10-20;Avda. Francia;2020;9;6;19;52;5
2020-10-20;Moli del Sol;2020;13;13;24;56;6
2020-10-21;Politecnico;2020;34;22;29;43;4
2020-10-21;Avda. Francia;2020;18;8;38;32;3
2020-10-21;Moli del Sol;2020;19;18;31;40;6
2020-10-21;Viveros;2020;49;19;50;41;3
2020-10-21;Pista Silla;2020;20;12;43;30;5
2020-10-22;Pista Silla;2020;21;16;43;8;6
2020-10-22;Avda. Francia;2020;21;11;40;15;3
2020-10-22;Moli del Sol;2020;17;17;40;16;5
2020-10-22;Viveros;2020;NA;19;49;25;4
2020-10-22;Politecnico;2020;34;25;30;16;4
2020-10-23;Moli del Sol;2020;5;5;17;40;4
2020-10-23;Pista Silla;2020;6;4;14;40;3
2020-10-23;Viveros;2020;13;8;25;45;3
2020-10-23;Avda. Francia;2020;4;2;16;41;3
2020-10-23;Politecnico;2020;8;5;11;49;3
2020-10-24;Moli del Sol;2020;4;4;11;51;3
2020-10-24;Politecnico;2020;6;4;7;61;NA
2020-10-24;Avda. Francia;2020;3;2;9;52;5
2020-10-24;Pista Silla;2020;6;4;7;54;3
2020-10-24;Viveros;2020;NA;7;18;54;4
2020-10-25;Avda. Francia;2020;4;2;4;64;3
2020-10-25;Viveros;2020;12;10;8;65;4
2020-10-25;Politecnico;2020;8;5;4;73;NA
2020-10-25;Moli del Sol;2020;5;5;4;65;3
2020-10-25;Pista Silla;2020;13;5;2;74;3
2020-10-26;Viveros;2020;NA;7;17;57;3
2020-10-26;Moli del Sol;2020;3;2;9;58;3
2020-10-26;Pista Silla;2020;7;3;9;60;3
2020-10-26;Avda. Francia;2020;3;1;8;56;3
2020-10-26;Politecnico;2020;6;3;8;64;6
2020-10-27;Pista Silla;2020;10;4;15;46;5
2020-10-27;Politecnico;2020;9;4;12;53;5
2020-10-27;Avda. Francia;2020;6;2;12;45;5
2020-10-27;Viveros;2020;15;10;24;49;4
2020-10-27;Moli del Sol;2020;5;5;16;47;3
2020-10-28;Pista Silla;2020;10;6;32;27;4
2020-10-28;Politecnico;2020;13;8;17;46;4
2020-10-28;Moli del Sol;2020;8;7;31;33;4
2020-10-28;Avda. Francia;2020;14;4;21;38;8
2020-10-28;Viveros;2020;NA;13;35;43;4
2020-10-29;Politecnico;2020;16;12;21;36;4
2020-10-29;Pista Silla;2020;13;9;37;19;4
2020-10-29;Moli del Sol;2020;13;12;30;31;5
2020-10-29;Viveros;2020;26;16;38;37;3
2020-10-29;Avda. Francia;2020;12;5;28;31;5
2020-10-30;Politecnico;2020;25;20;20;42;5
2020-10-30;Avda. Francia;2020;13;9;26;38;4
2020-10-30;Viveros;2020;NA;21;37;42;3
2020-10-30;Moli del Sol;2020;21;20;32;34;4
2020-10-30;Pista Silla;2020;16;14;36;25;4
2020-10-31;Avda. Francia;2020;12;10;21;34;4
2020-10-31;Politecnico;2020;23;20;16;44;6
2020-10-31;Moli del Sol;2020;24;24;24;37;4
2020-10-31;Pista Silla;2020;17;15;24;29;3
2020-10-31;Viveros;2020;26;19;28;45;3
2020-11-01;Politecnico;2020;NA;NA;NA;NA;NA
2020-11-01;Moli del Sol;2020;20;19;18;37;4
2020-11-01;Viveros;2020;NA;20;26;42;3
2020-11-01;Avda. Francia;2020;11;8;20;34;5
2020-11-01;Pista Silla;2020;13;12;20;32;3
2020-11-02;Moli del Sol;2020;25;25;32;31;4
2020-11-02;Avda. Francia;2020;16;10;26;31;5
2020-11-02;Pista Silla;2020;18;15;32;27;5
2020-11-02;Politecnico;2020;NA;NA;NA;NA;NA
2020-11-02;Viveros;2020;36;22;36;41;4
2020-11-03;Politecnico;2020;25;21;15;53;3
2020-11-03;Moli del Sol;2020;25;24;27;36;4
2020-11-03;Pista Silla;2020;17;15;25;36;3
2020-11-03;Viveros;2020;31;20;29;47;4
2020-11-03;Avda. Francia;2020;16;11;18;46;6
2020-11-04;Pista Silla;2020;3;2;9;52;3
2020-11-04;Moli del Sol;2020;2;2;11;47;3
2020-11-04;Avda. Francia;2020;3;2;11;43;4
2020-11-04;Politecnico;2020;6;4;8;54;3
2020-11-04;Viveros;2020;NA;NA;15;49;3
2020-11-05;Pista Silla;2020;5;5;8;55;3
2020-11-05;Viveros;2020;17;NA;15;49;4
2020-11-05;Moli del Sol;2020;NA;NA;NA;NA;NA
2020-11-05;Avda. Francia;2020;4;3;7;41;4
2020-11-05;Politecnico;2020;15;12;6;61;NA
2020-11-06;Viveros;2020;27;9;12;58;4
2020-11-06;Pista Silla;2020;9;8;7;61;3
2020-11-06;Politecnico;2020;22;17;5;70;NA
2020-11-06;Avda. Francia;2020;8;6;11;41;3
2020-11-06;Moli del Sol;2020;NA;NA;NA;NA;NA
2020-11-07;Moli del Sol;2020;9;6;16;40;3
2020-11-07;Avda. Francia;2020;4;3;12;40;4
2020-11-07;Pista Silla;2020;5;5;18;43;3
2020-11-07;Viveros;2020;18;7;26;42;3
2020-11-07;Politecnico;2020;11;8;12;51;3
2020-11-08;Politecnico;2020;10;7;16;30;3
2020-11-08;Pista Silla;2020;6;6;27;18;4
2020-11-08;Moli del Sol;2020;5;3;23;24;3
2020-11-08;Viveros;2020;15;10;31;29;3
2020-11-08;Avda. Francia;2020;5;3;22;20;4
2020-11-09;Viveros;2020;14;11;33;30;3
2020-11-09;Pista Silla;2020;8;7;31;18;3
2020-11-09;Moli del Sol;2020;10;5;29;26;3
2020-11-09;Avda. Francia;2020;8;4;22;24;5
2020-11-09;Politecnico;2020;NA;NA;23;21;3
2020-11-10;Pista Silla;2020;8;7;32;19;3
2020-11-10;Viveros;2020;12;10;29;36;4
2020-11-10;Avda. Francia;2020;7;4;23;25;5
2020-11-10;Moli del Sol;2020;14;11;27;28;3
2020-11-10;Politecnico;2020;NA;NA;16;36;4
2020-11-11;Pista Silla;2020;12;11;35;19;4
2020-11-11;Avda. Francia;2020;12;8;28;26;6
2020-11-11;Politecnico;2020;NA;NA;22;30;5
2020-11-11;Viveros;2020;18;13;37;33;4
2020-11-11;Moli del Sol;2020;25;23;25;29;3
2020-11-12;Pista Silla;2020;12;11;36;14;3
2020-11-12;Politecnico;2020;NA;NA;20;28;4
2020-11-12;Viveros;2020;20;14;37;30;4
2020-11-12;Avda. Francia;2020;12;8;27;21;4
2020-11-12;Moli del Sol;2020;25;23;30;24;5
2020-11-13;Viveros;2020;25;17;39;33;3
2020-11-13;Moli del Sol;2020;29;28;32;25;5
2020-11-13;Pista Silla;2020;12;11;37;16;3
2020-11-13;Avda. Francia;2020;13;8;27;27;3
2020-11-13;Politecnico;2020;NA;NA;20;34;5
2020-11-14;Viveros;2020;30;21;37;27;3
2020-11-14;Politecnico;2020;NA;NA;20;24;6
2020-11-14;Avda. Francia;2020;18;14;22;24;5
2020-11-14;Moli del Sol;2020;44;42;26;22;5
2020-11-14;Pista Silla;2020;20;18;26;13;3
2020-11-15;Politecnico;2020;NA;NA;8;32;4
2020-11-15;Avda. Francia;2020;6;4;11;30;5
2020-11-15;Moli del Sol;2020;15;15;9;30;3
2020-11-15;Viveros;2020;10;10;17;33;3
2020-11-15;Pista Silla;2020;7;6;6;30;3
2020-11-16;Avda. Francia;2020;6;3;19;24;3
2020-11-16;Viveros;2020;12;7;27;32;3
2020-11-16;Moli del Sol;2020;13;11;23;24;4
2020-11-16;Pista Silla;2020;5;4;24;21;4
2020-11-16;Politecnico;2020;NA;NA;14;31;4
2020-11-17;Viveros;2020;16;11;29;32;3
2020-11-17;Moli del Sol;2020;24;23;23;25;5
2020-11-17;Pista Silla;2020;7;7;26;18;3
2020-11-17;Politecnico;2020;NA;NA;16;31;4
2020-11-17;Avda. Francia;2020;10;6;22;22;5
2020-11-18;Avda. Francia;2020;18;13;23;29;4
2020-11-18;Viveros;2020;22;17;35;34;4
2020-11-18;Moli del Sol;2020;37;35;31;23;4
2020-11-18;Politecnico;2020;33;27;16;38;4
2020-11-18;Pista Silla;2020;16;15;33;19;3
2020-11-19;Avda. Francia;2020;20;15;27;NA;3
2020-11-19;Moli del Sol;2020;35;33;28;30;4
2020-11-19;Politecnico;2020;NA;NA;24;35;4
2020-11-19;Viveros;2020;26;21;42;35;4
2020-11-19;Pista Silla;2020;17;15;32;25;3
2020-11-20;Politecnico;2020;NA;NA;24;27;5
2020-11-20;Viveros;2020;21;12;48;23;3
2020-11-20;Avda. Francia;2020;9;5;28;24;3
2020-11-20;Moli del Sol;2020;18;17;31;22;5
2020-11-20;Pista Silla;2020;8;6;38;14;3
2020-11-21;Politecnico;2020;NA;NA;15;38;4
2020-11-21;Avda. Francia;2020;6;4;16;34;NA
2020-11-21;Pista Silla;2020;7;5;24;26;3
2020-11-21;Viveros;2020;NA;11;25;30;3
2020-11-21;Moli del Sol;2020;16;15;21;31;4
2020-11-22;Pista Silla;2020;7;7;19;36;3
2020-11-22;Viveros;2020;17;12;23;35;3
2020-11-22;Avda. Francia;2020;6;5;13;42;NA
2020-11-22;Politecnico;2020;NA;NA;12;50;3
2020-11-22;Moli del Sol;2020;19;18;17;38;3
2020-11-23;Pista Silla;2020;10;8;34;26;4
2020-11-23;Politecnico;2020;NA;NA;21;40;3
2020-11-23;Avda. Francia;2020;8;6;22;35;NA
2020-11-23;Moli del Sol;2020;21;20;25;36;3
2020-11-23;Viveros;2020;NA;15;43;26;4
2020-11-24;Avda. Francia;2020;12;9;26;24;NA
2020-11-24;Pista Silla;2020;15;14;37;18;3
2020-11-24;Politecnico;2020;NA;NA;26;29;4
2020-11-24;Viveros;2020;27;19;42;26;4
2020-11-24;Moli del Sol;2020;35;33;35;26;3
2020-11-25;Avda. Francia;2020;15;11;26;27;NA
2020-11-25;Pista Silla;2020;17;16;41;15;4
2020-11-25;Viveros;2020;NA;20;41;27;3
2020-11-25;Moli del Sol;2020;39;37;37;25;3
2020-11-25;Politecnico;2020;NA;NA;20;38;4
2020-11-26;Politecnico;2020;16;11;12;67;3
2020-11-26;Avda. Francia;2020;6;5;18;48;3
2020-11-26;Viveros;2020;20;10;21;48;3
2020-11-26;Moli del Sol;2020;24;23;22;54;3
2020-11-26;Pista Silla;2020;7;7;17;55;3
2020-11-27;Politecnico;2020;12;8;7;83;4
2020-11-27;Viveros;2020;NA;NA;13;55;3
2020-11-27;Moli del Sol;2020;NA;NA;NA;NA;NA
2020-11-27;Pista Silla;2020;3;3;18;63;3
2020-11-27;Avda. Francia;2020;NA;NA;NA;NA;NA
2020-11-28;Politecnico;2020;9;6;17;38;5
2020-11-28;Pista Silla;2020;5;4;24;27;3
2020-11-28;Avda. Francia;2020;NA;NA;NA;NA;NA
2020-11-28;Viveros;2020;14;9;30;26;4
2020-11-28;Moli del Sol;2020;NA;NA;NA;NA;NA
2020-11-29;Politecnico;2020;15;9;12;37;5
2020-11-29;Viveros;2020;NA;NA;23;27;4
2020-11-29;Avda. Francia;2020;NA;NA;NA;NA;NA
2020-11-29;Pista Silla;2020;6;6;21;25;3
2020-11-29;Moli del Sol;2020;NA;NA;NA;NA;NA
2020-11-30;Avda. Francia;2020;NA;NA;NA;NA;NA
2020-11-30;Pista Silla;2020;9;8;38;12;5
2020-11-30;Viveros;2020;20;NA;39;20;4
2020-11-30;Politecnico;2020;18;11;21;25;4
2020-11-30;Moli del Sol;2020;12;10;39;26;3
2020-12-01;Viveros;2020;16;NA;39;18;3
2020-12-01;Avda. Francia;2020;15;9;37;13;3
2020-12-01;Moli del Sol;2020;17;15;31;24;4
2020-12-01;Politecnico;2020;19;12;24;18;4
2020-12-01;Pista Silla;2020;11;10;36;9;3
2020-12-02;Moli del Sol;2020;9;7;20;NA;3
2020-12-02;Pista Silla;2020;5;4;22;36;3
2020-12-02;Politecnico;2020;8;4;10;58;3
2020-12-02;Viveros;2020;8;6;24;38;3
2020-12-02;Avda. Francia;2020;5;2;19;40;4
2020-12-03;Politecnico;2020;11;5;14;44;3
2020-12-03;Viveros;2020;10;NA;30;31;6
2020-12-03;Moli del Sol;2020;12;10;22;NA;3
2020-12-03;Avda. Francia;2020;8;3;15;36;5
2020-12-03;Pista Silla;2020;6;5;16;38;3
2020-12-04;Politecnico;2020;6;4;11;58;3
2020-12-04;Moli del Sol;2020;6;6;13;NA;3
2020-12-04;Avda. Francia;2020;4;2;13;48;5
2020-12-04;Viveros;2020;7;NA;22;42;4
2020-12-04;Pista Silla;2020;3;3;12;54;3
2020-12-05;Pista Silla;2020;3;3;6;52;3
2020-12-05;Politecnico;2020;5;3;6;57;3
2020-12-05;Moli del Sol;2020;5;5;7;NA;3
2020-12-05;Viveros;2020;5;NA;13;43;5
2020-12-05;Avda. Francia;2020;3;2;7;45;6
2020-12-06;Avda. Francia;2020;3;2;3;52;3
2020-12-06;Politecnico;2020;5;3;4;63;3
2020-12-06;Viveros;2020;8;NA;6;49;3
2020-12-06;Moli del Sol;2020;6;5;3;NA;4
2020-12-06;Pista Silla;2020;3;3;2;59;3
2020-12-07;Viveros;2020;8;NA;9;52;3
2020-12-07;Politecnico;2020;5;3;5;69;3
2020-12-07;Moli del Sol;2020;5;4;5;NA;3
2020-12-07;Pista Silla;2020;3;2;4;66;3
2020-12-07;Avda. Francia;2020;3;1;7;57;3
2020-12-08;Moli del Sol;2020;2;2;3;NA;3
2020-12-08;Pista Silla;2020;1;1;4;69;3
2020-12-08;Avda. Francia;2020;1;1;5;59;4
2020-12-08;Politecnico;2020;3;2;5;72;3
2020-12-08;Viveros;2020;1;NA;8;55;3
2020-12-09;Moli del Sol;2020;5;4;13;NA;3
2020-12-09;Pista Silla;2020;3;2;15;45;3
2020-12-09;Viveros;2020;NA;NA;18;43;3
2020-12-09;Avda. Francia;2020;4;2;13;41;3
2020-12-09;Politecnico;2020;6;3;12;51;3
2020-12-10;Politecnico;2020;6;3;14;45;4
2020-12-10;Moli del Sol;2020;5;4;14;NA;3
2020-12-10;Viveros;2020;NA;5;25;35;3
2020-12-10;Pista Silla;2020;NA;NA;NA;NA;NA
2020-12-10;Avda. Francia;2020;4;2;14;41;3
2020-12-11;Politecnico;2020;4;2;9;47;4
2020-12-11;Viveros;2020;NA;4;17;35;3
2020-12-11;Moli del Sol;2020;3;3;9;NA;4
2020-12-11;Pista Silla;2020;3;2;8;45;3
2020-12-11;Avda. Francia;2020;2;1;15;38;3
2020-12-12;Avda. Francia;2020;4;2;14;54;3
2020-12-12;Pista Silla;2020;NA;NA;NA;NA;NA
2020-12-12;Viveros;2020;10;NA;18;48;4
2020-12-12;Politecnico;2020;6;4;7;69;4
2020-12-12;Moli del Sol;2020;9;7;9;63;3
2020-12-13;Moli del Sol;2020;16;15;16;41;3
2020-12-13;Politecnico;2020;10;7;11;48;4
2020-12-13;Viveros;2020;NA;NA;20;38;4
2020-12-13;Avda. Francia;2020;5;4;16;39;4
2020-12-13;Pista Silla;2020;5;5;15;41;3
2020-12-14;Pista Silla;2020;14;12;41;5;10
2020-12-14;Viveros;2020;31;NA;43;14;3
2020-12-14;Avda. Francia;2020;16;11;38;7;5
2020-12-14;Moli del Sol;2020;37;34;35;10;5
2020-12-14;Politecnico;2020;27;19;26;9;5
2020-12-15;Viveros;2020;NA;NA;35;26;4
2020-12-15;Avda. Francia;2020;7;4;27;27;5
2020-12-15;Politecnico;2020;11;7;20;32;4
2020-12-15;Moli del Sol;2020;19;17;23;29;4
2020-12-15;Pista Silla;2020;7;6;24;27;3
2020-12-16;Politecnico;2020;18;11;29;22;4
2020-12-16;Moli del Sol;2020;19;17;38;20;4
2020-12-16;Pista Silla;2020;9;7;45;14;8
2020-12-16;Viveros;2020;NA;NA;49;20;3
2020-12-16;Avda. Francia;2020;14;7;43;14;6
2020-12-17;Viveros;2020;NA;NA;43;22;3
2020-12-17;Politecnico;2020;18;11;25;22;4
2020-12-17;Pista Silla;2020;9;7;40;14;4
2020-12-17;Avda. Francia;2020;11;7;39;17;3
2020-12-17;Moli del Sol;2020;20;19;34;21;4
2020-12-18;Viveros;2020;NA;NA;43;21;3
2020-12-18;Avda. Francia;2020;16;9;42;13;4
2020-12-18;Pista Silla;2020;13;11;46;9;4
2020-12-18;Politecnico;2020;20;14;26;20;4
2020-12-18;Moli del Sol;2020;25;24;38;19;4
2020-12-19;Avda. Francia;2020;12;9;27;25;3
2020-12-19;Politecnico;2020;14;11;16;33;4
2020-12-19;Viveros;2020;NA;NA;29;28;3
2020-12-19;Moli del Sol;2020;20;19;18;34;3
2020-12-19;Pista Silla;2020;12;11;20;26;3
2020-12-20;Moli del Sol;2020;13;12;18;35;4
2020-12-20;Pista Silla;2020;6;6;23;32;3
2020-12-20;Avda. Francia;2020;4;3;21;35;3
2020-12-20;Politecnico;2020;8;6;12;43;4
2020-12-20;Viveros;2020;NA;NA;25;33;3
2020-12-21;Politecnico;2020;19;13;22;19;3
2020-12-21;Moli del Sol;2020;22;21;31;17;4
2020-12-21;Viveros;2020;NA;NA;39;19;4
2020-12-21;Avda. Francia;2020;13;8;34;14;5
2020-12-21;Pista Silla;2020;11;10;35;10;3
2020-12-22;Viveros;2020;NA;NA;39;16;3
2020-12-22;Pista Silla;2020;14;13;34;8;3
2020-12-22;Moli del Sol;2020;28;27;29;15;5
2020-12-22;Politecnico;2020;20;15;23;12;4
2020-12-22;Avda. Francia;2020;13;10;34;12;3
2020-12-23;Avda. Francia;2020;18;12;33;13;5
2020-12-23;Politecnico;2020;26;20;24;10;4
2020-12-23;Pista Silla;2020;17;16;31;10;4
2020-12-23;Viveros;2020;NA;NA;39;16;3
2020-12-23;Moli del Sol;2020;33;32;28;15;4
2020-12-24;Politecnico;2020;13;10;15;32;4
2020-12-24;Moli del Sol;2020;15;14;23;32;4
2020-12-24;Avda. Francia;2020;8;5;26;26;3
2020-12-24;Viveros;2020;NA;NA;26;29;3
2020-12-24;Pista Silla;2020;8;8;26;26;4
2020-12-25;Moli del Sol;2020;5;4;3;56;3
2020-12-25;Pista Silla;2020;3;3;4;59;3
2020-12-25;Viveros;2020;NA;NA;8;49;3
2020-12-25;Politecnico;2020;4;2;3;65;4
2020-12-25;Avda. Francia;2020;2;1;6;54;3
2020-12-26;Pista Silla;2020;5;4;18;51;4
2020-12-26;Viveros;2020;NA;NA;28;45;5
2020-12-26;Politecnico;2020;6;4;13;57;4
2020-12-26;Avda. Francia;2020;5;3;15;46;3
2020-12-26;Moli del Sol;2020;10;10;17;50;3
2020-12-27;Pista Silla;2020;10;6;5;58;3
2020-12-27;Politecnico;2020;8;5;5;61;4
2020-12-27;Moli del Sol;2020;12;10;9;50;3
2020-12-27;Viveros;2020;NA;NA;11;50;4
2020-12-27;Avda. Francia;2020;7;3;6;51;3
2020-12-28;Pista Silla;2020;7;3;9;67;3
2020-12-28;Politecnico;2020;6;3;8;67;3
2020-12-28;Viveros;2020;NA;NA;16;53;3
2020-12-28;Avda. Francia;2020;5;2;10;57;3
2020-12-28;Moli del Sol;2020;10;6;9;65;3
2020-12-29;Moli del Sol;2020;7;6;11;55;3
2020-12-29;Pista Silla;2020;5;3;10;55;3
2020-12-29;Avda. Francia;2020;4;2;10;47;4
2020-12-29;Viveros;2020;NA;NA;16;49;4
2020-12-29;Politecnico;2020;6;3;7;59;4
2020-12-30;Politecnico;2020;6;3;13;49;3
2020-12-30;Viveros;2020;NA;NA;25;43;4
2020-12-30;Avda. Francia;2020;4;2;16;41;4
2020-12-30;Moli del Sol;2020;6;5;19;46;3
2020-12-30;Pista Silla;2020;4;3;17;46;3
2020-12-31;Moli del Sol;2020;9;8;15;49;4
2020-12-31;Pista Silla;2020;5;4;8;56;3
2020-12-31;Viveros;2020;NA;NA;23;43;3
2020-12-31;Politecnico;2020;7;5;9;54;3
2020-12-31;Avda. Francia;2020;5;3;10;48;4
2021-01-01;Avda. Francia;2021;2;2;7;56;3
2021-01-01;Moli del Sol;2021;4;4;7;61;3
2021-01-01;Pista Silla;2021;2;2;7;64;3
2021-01-01;Viveros;2021;2;3;11;54;4
2021-01-01;Politecnico;2021;3;2;6;67;3
2021-01-02;Pista Silla;2021;2;2;8;60;3
2021-01-02;Politecnico;2021;3;2;4;68;3
2021-01-02;Viveros;2021;3;NA;11;58;5
2021-01-02;Moli del Sol;2021;4;4;8;58;3
2021-01-02;Avda. Francia;2021;2;1;6;53;3
2021-01-03;Avda. Francia;2021;2;1;6;49;3
2021-01-03;Politecnico;2021;3;2;5;62;3
2021-01-03;Pista Silla;2021;3;2;7;57;3
2021-01-03;Viveros;2021;3;NA;12;54;3
2021-01-03;Moli del Sol;2021;4;4;7;56;3
2021-01-04;Moli del Sol;2021;11;11;14;47;3
2021-01-04;Politecnico;2021;8;6;8;50;3
2021-01-04;Avda. Francia;2021;6;4;11;39;3
2021-01-04;Pista Silla;2021;6;5;11;45;3
2021-01-04;Viveros;2021;9;NA;18;45;3
2021-01-05;Avda. Francia;2021;11;8;21;26;3
2021-01-05;Viveros;2021;16;NA;32;31;3
2021-01-05;Pista Silla;2021;9;9;24;26;4
2021-01-05;Politecnico;2021;13;10;16;32;3
2021-01-05;Moli del Sol;2021;20;20;26;29;4
2021-01-06;Pista Silla;2021;7;6;23;28;4
2021-01-06;Moli del Sol;2021;17;17;20;36;3
2021-01-06;Politecnico;2021;9;8;10;42;3
2021-01-06;Avda. Francia;2021;6;4;14;33;4
2021-01-06;Viveros;2021;10;9;20;41;3
2021-01-07;Politecnico;2021;8;6;9;51;3
2021-01-07;Avda. Francia;2021;6;5;16;32;5
2021-01-07;Pista Silla;2021;6;6;18;36;3
2021-01-07;Viveros;2021;11;7;20;43;3
2021-01-07;Moli del Sol;2021;12;12;19;39;4
2021-01-08;Moli del Sol;2021;10;10;15;48;4
2021-01-08;Avda. Francia;2021;6;5;13;36;4
2021-01-08;Politecnico;2021;8;7;9;54;4
2021-01-08;Pista Silla;2021;6;5;17;41;3
2021-01-08;Viveros;2021;10;5;19;49;3
2021-01-09;Moli del Sol;2021;7;7;10;53;3
2021-01-09;Politecnico;2021;5;5;11;50;5
2021-01-09;Viveros;2021;8;4;19;49;4
2021-01-09;Avda. Francia;2021;4;3;15;34;4
2021-01-09;Pista Silla;2021;3;3;13;45;3
2021-01-10;Moli del Sol;2021;14;14;17;34;4
2021-01-10;Avda. Francia;2021;6;5;17;25;3
2021-01-10;Viveros;2021;12;10;24;36;4
2021-01-10;Pista Silla;2021;6;5;18;28;3
2021-01-10;Politecnico;2021;10;8;12;36;3
2021-01-11;Pista Silla;2021;8;7;36;21;3
2021-01-11;Viveros;2021;15;10;34;35;3
2021-01-11;Moli del Sol;2021;16;16;31;29;3
2021-01-11;Politecnico;2021;12;9;18;34;3
2021-01-11;Avda. Francia;2021;9;5;23;27;3
2021-01-12;Avda. Francia;2021;11;7;20;37;3
2021-01-12;Viveros;2021;17;NA;39;38;4
2021-01-12;Moli del Sol;2021;18;17;33;36;3
2021-01-12;Pista Silla;2021;9;9;24;40;3
2021-01-12;Politecnico;2021;13;9;21;40;3
2021-01-13;Pista Silla;2021;11;10;38;28;5
2021-01-13;Politecnico;2021;19;12;28;30;4
2021-01-13;Moli del Sol;2021;21;20;37;30;4
2021-01-13;Viveros;2021;24;NA;50;31;3
2021-01-13;Avda. Francia;2021;18;9;29;32;4
2021-01-14;Politecnico;2021;24;17;29;29;3
2021-01-14;Moli del Sol;2021;31;30;46;20;4
2021-01-14;Avda. Francia;2021;20;11;34;28;4
2021-01-14;Pista Silla;2021;15;14;44;22;4
2021-01-14;Viveros;2021;33;NA;59;27;3
2021-01-15;Moli del Sol;2021;10;8;23;48;3
2021-01-15;Pista Silla;2021;6;5;19;51;3
2021-01-15;Viveros;2021;15;NA;31;48;3
2021-01-15;Politecnico;2021;9;5;14;54;3
2021-01-15;Avda. Francia;2021;6;3;20;46;3
2021-01-16;Pista Silla;2021;7;6;21;45;3
2021-01-16;Viveros;2021;19;NA;35;42;3
2021-01-16;Politecnico;2021;11;7;18;47;3
2021-01-16;Moli del Sol;2021;12;11;22;46;4
2021-01-16;Avda. Francia;2021;8;5;20;40;4
2021-01-17;Pista Silla;2021;6;6;11;58;3
2021-01-17;Politecnico;2021;8;7;9;63;4
2021-01-17;Moli del Sol;2021;12;12;16;54;4
2021-01-17;Viveros;2021;13;NA;22;55;3
2021-01-17;Avda. Francia;2021;7;5;15;52;4
2021-01-18;Moli del Sol;2021;15;14;30;35;4
2021-01-18;Politecnico;2021;13;8;23;34;3
2021-01-18;Avda. Francia;2021;10;6;39;26;4
2021-01-18;Viveros;2021;19;NA;39;35;3
2021-01-18;Pista Silla;2021;8;7;38;26;5
2021-01-19;Politecnico;2021;18;13;21;29;5
2021-01-19;Moli del Sol;2021;26;25;39;22;5
2021-01-19;Pista Silla;2021;12;11;39;16;3
2021-01-19;Avda. Francia;2021;12;8;33;22;3
2021-01-19;Viveros;2021;26;NA;41;30;3
2021-01-20;Moli del Sol;2021;31;30;37;21;4
2021-01-20;Pista Silla;2021;18;17;43;13;3
2021-01-20;Avda. Francia;2021;26;17;43;12;4
2021-01-20;Politecnico;2021;25;18;29;17;4
2021-01-20;Viveros;2021;35;NA;52;22;3
2021-01-21;Politecnico;2021;6;3;7;66;3
2021-01-21;Avda. Francia;2021;4;2;15;56;3
2021-01-21;Pista Silla;2021;4;3;8;64;3
2021-01-21;Moli del Sol;2021;6;5;8;66;4
2021-01-21;Viveros;2021;NA;6;14;58;3
2021-01-22;Avda. Francia;2021;5;1;9;63;4
2021-01-22;Moli del Sol;2021;11;5;6;72;4
2021-01-22;Politecnico;2021;6;2;4;76;3
2021-01-22;Pista Silla;2021;7;3;4;73;3
2021-01-22;Viveros;2021;10;5;8;68;3
2021-01-23;Viveros;2021;NA;NA;7;70;4
2021-01-23;Politecnico;2021;4;3;3;79;3
2021-01-23;Pista Silla;2021;3;2;5;74;3
2021-01-23;Moli del Sol;2021;5;4;3;76;3
2021-01-23;Avda. Francia;2021;2;1;5;66;5
2021-01-24;Avda. Francia;2021;3;1;5;67;3
2021-01-24;Pista Silla;2021;9;6;3;77;3
2021-01-24;Politecnico;2021;5;2;3;80;3
2021-01-24;Viveros;2021;8;NA;5;72;3
2021-01-24;Moli del Sol;2021;5;4;2;75;3
2021-01-25;Avda. Francia;2021;4;2;13;46;3
2021-01-25;Moli del Sol;2021;8;6;12;54;3
2021-01-25;Politecnico;2021;7;4;8;57;3
2021-01-25;Pista Silla;2021;NA;NA;13;50;3
2021-01-25;Viveros;2021;NA;NA;16;52;4
2021-01-26;Moli del Sol;2021;19;18;31;29;4
2021-01-26;Politecnico;2021;14;10;20;31;6
2021-01-26;Avda. Francia;2021;8;5;28;25;5
2021-01-26;Pista Silla;2021;NA;NA;34;21;4
2021-01-26;Viveros;2021;21;NA;36;34;5
2021-01-27;Avda. Francia;2021;7;3;29;18;3
2021-01-27;Viveros;2021;NA;9;35;22;3
2021-01-27;Moli del Sol;2021;15;14;27;20;4
2021-01-27;Pista Silla;2021;NA;NA;31;16;8
2021-01-27;Politecnico;2021;8;4;17;23;5
2021-01-28;Pista Silla;2021;NA;NA;16;22;3
2021-01-28;Avda. Francia;2021;7;3;21;23;3
2021-01-28;Viveros;2021;14;9;27;24;3
2021-01-28;Moli del Sol;2021;10;9;20;23;3
2021-01-28;Politecnico;2021;9;4;13;25;4
2021-01-29;Moli del Sol;2021;9;7;14;40;NA
2021-01-29;Viveros;2021;NA;NA;21;37;3
2021-01-29;Avda. Francia;2021;7;3;17;32;5
2021-01-29;Pista Silla;2021;14;6;15;34;4
2021-01-29;Politecnico;2021;10;6;9;56;4
2021-01-30;Avda. Francia;2021;8;2;7;54;5
2021-01-30;Politecnico;2021;13;6;3;69;4
2021-01-30;Pista Silla;2021;17;6;2;62;3
2021-01-30;Viveros;2021;22;NA;5;61;3
2021-01-30;Moli del Sol;2021;13;8;2;61;NA
2021-01-31;Avda. Francia;2021;2;1;3;64;5
2021-01-31;Viveros;2021;NA;NA;5;71;3
2021-01-31;Politecnico;2021;5;3;3;72;4
2021-01-31;Pista Silla;2021;6;3;2;73;3
2021-01-31;Moli del Sol;2021;5;4;2;72;5
2021-02-01;Avda. Francia;2021;5;2;7;59;3
2021-02-01;Pista Silla;2021;7;3;4;68;3
2021-02-01;Politecnico;2021;NA;NA;NA;NA;NA
2021-02-01;Viveros;2021;14;NA;9;68;3
2021-02-01;Moli del Sol;2021;8;6;4;69;7
2021-02-02;Politecnico;2021;NA;NA;NA;NA;NA
2021-02-02;Avda. Francia;2021;4;2;11;45;3
2021-02-02;Pista Silla;2021;5;3;8;50;3
2021-02-02;Moli del Sol;2021;8;6;11;49;6
2021-02-02;Viveros;2021;8;NA;15;50;3
2021-02-03;Pista Silla;2021;10;8;20;31;4
2021-02-03;Politecnico;2021;16;12;13;52;4
2021-02-03;Moli del Sol;2021;14;12;21;37;3
2021-02-03;Avda. Francia;2021;10;5;19;32;3
2021-02-03;Viveros;2021;13;11;27;38;3
2021-02-04;Moli del Sol;2021;31;29;23;33;5
2021-02-04;Avda. Francia;2021;19;14;21;30;5
2021-02-04;Politecnico;2021;30;26;14;NA;5
2021-02-04;Viveros;2021;23;20;27;39;4
2021-02-04;Pista Silla;2021;20;18;21;30;5
2021-02-05;Avda. Francia;2021;17;12;13;50;3
2021-02-05;Pista Silla;2021;18;16;13;57;3
2021-02-05;Moli del Sol;2021;32;31;18;55;6
2021-02-05;Viveros;2021;25;17;18;61;3
2021-02-05;Politecnico;2021;NA;NA;9;NA;5
2021-02-06;Politecnico;2021;NA;NA;8;NA;4
2021-02-06;Viveros;2021;46;NA;15;50;3
2021-02-06;Moli del Sol;2021;28;22;10;46;3
2021-02-06;Pista Silla;2021;30;15;7;47;3
2021-02-06;Avda. Francia;2021;27;9;10;44;3
2021-02-07;Moli del Sol;2021;7;4;2;62;3
2021-02-07;Pista Silla;2021;8;3;3;65;3
2021-02-07;Avda. Francia;2021;5;1;4;58;3
2021-02-07;Politecnico;2021;NA;NA;3;65;4
2021-02-07;Viveros;2021;12;7;5;67;3
2021-02-08;Avda. Francia;2021;10;2;9;60;4
2021-02-08;Moli del Sol;2021;10;6;4;72;4
2021-02-08;Viveros;2021;21;14;12;70;3
2021-02-08;Politecnico;2021;NA;NA;7;68;4
2021-02-08;Pista Silla;2021;17;5;6;70;3
2021-02-09;Avda. Francia;2021;6;2;9;62;3
2021-02-09;Politecnico;2021;NA;NA;7;70;4
2021-02-09;Pista Silla;2021;5;3;9;69;3
2021-02-09;Moli del Sol;2021;7;6;10;68;3
2021-02-09;Viveros;2021;13;9;16;69;4
2021-02-10;Pista Silla;2021;8;3;7;80;3
2021-02-10;Politecnico;2021;5;3;6;78;4
2021-02-10;Moli del Sol;2021;9;6;7;78;3
2021-02-10;Avda. Francia;2021;5;2;8;70;3
2021-02-10;Viveros;2021;19;13;13;82;3
2021-02-11;Viveros;2021;15;10;23;48;3
2021-02-11;Politecnico;2021;6;4;12;51;3
2021-02-11;Moli del Sol;2021;10;8;20;41;3
2021-02-11;Pista Silla;2021;6;4;14;42;4
2021-02-11;Avda. Francia;2021;6;2;16;39;5
2021-02-12;Moli del Sol;2021;8;6;7;59;3
2021-02-12;Viveros;2021;15;12;14;62;4
2021-02-12;Avda. Francia;2021;8;2;11;51;4
2021-02-12;Pista Silla;2021;7;4;7;58;3
2021-02-12;Politecnico;2021;4;3;6;63;3
2021-02-13;Moli del Sol;2021;10;8;10;68;3
2021-02-13;Viveros;2021;13;9;12;79;4
2021-02-13;Pista Silla;2021;6;5;8;71;3
2021-02-13;Politecnico;2021;6;5;6;79;3
2021-02-13;Avda. Francia;2021;5;3;11;61;5
2021-02-14;Pista Silla;2021;7;7;6;60;3
2021-02-14;Avda. Francia;2021;7;5;10;49;5
2021-02-14;Viveros;2021;16;9;11;70;4
2021-02-14;Politecnico;2021;10;9;8;72;4
2021-02-14;Moli del Sol;2021;15;14;8;57;3
2021-02-15;Viveros;2021;12;6;23;61;3
2021-02-15;Politecnico;2021;7;6;12;68;3
2021-02-15;Avda. Francia;2021;5;3;16;41;3
2021-02-15;Moli del Sol;2021;12;11;18;58;3
2021-02-15;Pista Silla;2021;7;6;23;47;3
2021-02-16;Pista Silla;2021;13;11;36;31;5
2021-02-16;Politecnico;2021;10;9;16;NA;5
2021-02-16;Viveros;2021;17;12;36;51;4
2021-02-16;Avda. Francia;2021;9;6;25;37;4
2021-02-16;Moli del Sol;2021;21;20;29;38;3
2021-02-17;Pista Silla;2021;22;22;24;48;3
2021-02-17;Avda. Francia;2021;19;15;21;44;3
2021-02-17;Moli del Sol;2021;39;38;23;51;4
2021-02-17;Viveros;2021;26;21;27;NA;3
2021-02-17;Politecnico;2021;23;22;14;NA;4
2021-02-18;Viveros;2021;46;35;27;NA;3
2021-02-18;Moli del Sol;2021;58;57;27;57;4
2021-02-18;Avda. Francia;2021;29;24;17;58;3
2021-02-18;Pista Silla;2021;29;29;26;58;3
2021-02-18;Politecnico;2021;39;38;13;66;3
2021-02-19;Viveros;2021;49;34;26;NA;4
2021-02-19;Moli del Sol;2021;54;52;23;67;3
2021-02-19;Avda. Francia;2021;29;23;16;61;3
2021-02-19;Pista Silla;2021;29;28;22;63;3
2021-02-19;Politecnico;2021;39;38;10;77;4
2021-02-20;Pista Silla;2021;21;21;9;87;3
2021-02-20;Moli del Sol;2021;41;39;12;83;NA
2021-02-20;Politecnico;2021;29;27;5;80;3
2021-02-20;Avda. Francia;2021;23;16;10;78;3
2021-02-20;Viveros;2021;37;23;13;NA;3
2021-02-21;Viveros;2021;49;NA;11;NA;3
2021-02-21;Moli del Sol;2021;36;32;7;88;4
2021-02-21;Pista Silla;2021;13;12;3;95;3
2021-02-21;Politecnico;2021;26;23;4;80;3
2021-02-21;Avda. Francia;2021;13;9;6;82;4
2021-02-22;Pista Silla;2021;3;3;10;53;3
2021-02-22;Politecnico;2021;4;3;7;49;4
2021-02-22;Viveros;2021;NA;4;15;NA;3
2021-02-22;Moli del Sol;2021;5;5;11;54;6
2021-02-22;Avda. Francia;2021;3;2;11;49;5
2021-02-23;Avda. Francia;2021;8;4;12;51;3
2021-02-23;Moli del Sol;2021;13;11;NA;51;6
2021-02-23;Pista Silla;2021;7;6;19;51;3
2021-02-23;Viveros;2021;15;7;16;NA;3
2021-02-23;Politecnico;2021;8;7;8;53;5
2021-02-24;Avda. Francia;2021;12;8;14;41;3
2021-02-24;Politecnico;2021;17;15;10;48;4
2021-02-24;Viveros;2021;NA;13;17;NA;3
2021-02-24;Pista Silla;2021;12;11;25;34;3
2021-02-24;Moli del Sol;2021;28;25;NA;40;4
2021-02-25;Avda. Francia;2021;18;13;27;28;4
2021-02-25;Viveros;2021;31;16;37;31;4
2021-02-25;Pista Silla;2021;18;17;37;22;4
2021-02-25;Politecnico;2021;23;21;19;44;4
2021-02-25;Moli del Sol;2021;34;32;NA;27;3
2021-02-26;Viveros;2021;NA;15;26;40;4
2021-02-26;Moli del Sol;2021;32;30;NA;33;3
2021-02-26;Pista Silla;2021;17;17;31;29;3
2021-02-26;Avda. Francia;2021;17;13;18;40;4
2021-02-26;Politecnico;2021;22;21;12;51;3
2021-02-27;Avda. Francia;2021;22;15;12;52;3
2021-02-27;Viveros;2021;39;22;16;52;3
2021-02-27;Pista Silla;2021;21;19;12;52;3
2021-02-27;Politecnico;2021;27;25;8;61;3
2021-02-27;Moli del Sol;2021;42;39;NA;48;3
2021-02-28;Avda. Francia;2021;17;12;8;62;3
2021-02-28;Pista Silla;2021;16;15;5;69;3
2021-02-28;Moli del Sol;2021;38;35;NA;57;4
2021-02-28;Viveros;2021;NA;18;10;61;3
2021-02-28;Politecnico;2021;24;21;5;65;3
2021-03-01;Politecnico;2021;21;18;6;70;3
2021-03-01;Viveros;2021;41;16;13;68;3
2021-03-01;Pista Silla;2021;14;12;10;72;3
2021-03-01;Moli del Sol;2021;34;29;NA;71;5
2021-03-01;Avda. Francia;2021;15;9;10;67;4
2021-03-02;Viveros;2021;42;19;18;63;3
2021-03-02;Avda. Francia;2021;15;11;11;64;4
2021-03-02;Pista Silla;2021;17;16;12;69;3
2021-03-02;Politecnico;2021;24;22;7;70;4
2021-03-02;Moli del Sol;2021;41;37;NA;63;6
2021-03-03;Pista Silla;2021;20;19;14;66;3
2021-03-03;Viveros;2021;NA;20;17;64;3
2021-03-03;Avda. Francia;2021;20;15;12;59;3
2021-03-03;Moli del Sol;2021;45;41;15;57;3
2021-03-03;Politecnico;2021;29;28;7;68;4
2021-03-04;Moli del Sol;2021;46;43;16;49;3
2021-03-04;Avda. Francia;2021;28;18;14;61;5
2021-03-04;Pista Silla;2021;22;20;24;57;3
2021-03-04;Viveros;2021;NA;22;18;62;4
2021-03-04;Politecnico;2021;31;30;11;56;4
2021-03-05;Moli del Sol;2021;43;40;27;38;3
2021-03-05;Politecnico;2021;30;28;14;35;4
2021-03-05;Viveros;2021;NA;22;32;46;3
2021-03-05;Avda. Francia;2021;25;18;22;47;5
2021-03-05;Pista Silla;2021;22;20;33;38;4
2021-03-06;Moli del Sol;2021;41;38;8;55;3
2021-03-06;Viveros;2021;NA;19;14;58;3
2021-03-06;Politecnico;2021;26;25;7;46;4
2021-03-06;Pista Silla;2021;19;18;12;59;3
2021-03-06;Avda. Francia;2021;20;17;11;62;4
2021-03-07;Avda. Francia;2021;14;12;9;58;4
2021-03-07;Pista Silla;2021;13;13;6;65;3
2021-03-07;Politecnico;2021;19;18;5;52;4
2021-03-07;Moli del Sol;2021;30;28;2;55;3
2021-03-07;Viveros;2021;NA;12;11;60;3
2021-03-08;Politecnico;2021;12;10;8;46;3
2021-03-08;Viveros;2021;17;11;14;51;4
2021-03-08;Moli del Sol;2021;18;17;11;47;3
2021-03-08;Pista Silla;2021;8;8;15;59;3
2021-03-08;Avda. Francia;2021;8;6;15;44;4
2021-03-09;Moli del Sol;2021;16;14;12;44;3
2021-03-09;Politecnico;2021;10;8;11;50;6
2021-03-09;Viveros;2021;17;10;26;42;3
2021-03-09;Avda. Francia;2021;7;5;15;44;4
2021-03-09;Pista Silla;2021;9;7;29;43;3
2021-03-10;Viveros;2021;19;15;28;37;4
2021-03-10;Politecnico;2021;16;15;14;50;4
2021-03-10;Avda. Francia;2021;14;11;21;39;NA
2021-03-10;Moli del Sol;2021;26;25;16;38;3
2021-03-10;Pista Silla;2021;15;13;34;36;3
2021-03-11;Avda. Francia;2021;19;12;26;37;NA
2021-03-11;Politecnico;2021;20;17;18;57;3
2021-03-11;Pista Silla;2021;19;15;37;39;4
2021-03-11;Viveros;2021;31;24;38;34;4
2021-03-11;Moli del Sol;2021;28;25;23;38;3
2021-03-12;Politecnico;2021;13;10;8;56;3
2021-03-12;Moli del Sol;2021;23;20;13;42;3
2021-03-12;Avda. Francia;2021;10;6;16;48;NA
2021-03-12;Pista Silla;2021;9;8;16;55;3
2021-03-12;Viveros;2021;22;17;17;45;3
2021-03-13;Moli del Sol;2021;22;20;9;49;4
2021-03-13;Viveros;2021;23;16;18;50;3
2021-03-13;Politecnico;2021;13;11;9;62;4
2021-03-13;Avda. Francia;2021;11;9;18;46;NA
2021-03-13;Pista Silla;2021;11;10;20;53;3
2021-03-14;Pista Silla;2021;5;3;15;73;3
2021-03-14;Avda. Francia;2021;4;2;16;57;NA
2021-03-14;Politecnico;2021;5;3;7;71;3
2021-03-14;Viveros;2021;14;10;17;59;3
2021-03-14;Moli del Sol;2021;7;6;8;63;5
2021-03-15;Moli del Sol;2021;15;13;17;52;3
2021-03-15;Politecnico;2021;7;5;12;63;3
2021-03-15;Viveros;2021;21;13;31;52;3
2021-03-15;Pista Silla;2021;6;5;36;60;4
2021-03-15;Avda. Francia;2021;7;3;17;59;NA
2021-03-16;Avda. Francia;2021;13;7;28;41;NA
2021-03-16;Pista Silla;2021;11;10;40;45;3
2021-03-16;Moli del Sol;2021;21;19;23;45;5
2021-03-16;Politecnico;2021;12;10;15;60;4
2021-03-16;Viveros;2021;27;18;34;45;4
2021-03-17;Moli del Sol;2021;22;19;25;50;6
2021-03-17;Politecnico;2021;12;9;16;62;4
2021-03-17;Viveros;2021;32;22;31;52;3
2021-03-17;Pista Silla;2021;13;10;39;50;3
2021-03-17;Avda. Francia;2021;16;7;31;44;NA
2021-03-18;Avda. Francia;2021;6;4;19;40;NA
2021-03-18;Viveros;2021;14;9;24;48;5
2021-03-18;Politecnico;2021;7;5;11;53;3
2021-03-18;Moli del Sol;2021;10;9;12;48;3
2021-03-18;Pista Silla;2021;6;5;23;51;3
2021-03-19;Moli del Sol;2021;10;9;3;59;3
2021-03-19;Viveros;2021;10;6;8;64;4
2021-03-19;Pista Silla;2021;5;4;10;69;3
2021-03-19;Avda. Francia;2021;3;2;6;60;NA
2021-03-19;Politecnico;2021;5;4;4;73;3
2021-03-20;Politecnico;2021;6;4;4;88;3
2021-03-20;Avda. Francia;2021;6;3;5;71;4
2021-03-20;Moli del Sol;2021;10;9;4;65;3
2021-03-20;Viveros;2021;17;7;8;74;4
2021-03-20;Pista Silla;2021;5;5;12;77;3
2021-03-21;Pista Silla;2021;6;5;12;81;3
2021-03-21;Viveros;2021;14;9;11;75;3
2021-03-21;Avda. Francia;2021;6;4;8;68;NA
2021-03-21;Politecnico;2021;6;5;8;83;3
2021-03-21;Moli del Sol;2021;9;9;4;72;3
2021-03-22;Pista Silla;2021;7;5;30;54;3
2021-03-22;Viveros;2021;17;11;26;53;3
2021-03-22;Politecnico;2021;6;4;13;62;4
2021-03-22;Moli del Sol;2021;11;10;17;54;3
2021-03-22;Avda. Francia;2021;9;3;24;40;3
2021-03-23;Pista Silla;2021;13;12;37;44;4
2021-03-23;Avda. Francia;2021;12;8;24;41;4
2021-03-23;Politecnico;2021;13;12;13;NA;5
2021-03-23;Moli del Sol;2021;22;20;19;47;5
2021-03-23;Viveros;2021;26;18;26;51;3
2021-03-24;Moli del Sol;2021;31;29;22;57;3
2021-03-24;Pista Silla;2021;19;19;44;53;3
2021-03-24;Avda. Francia;2021;17;13;26;57;3
2021-03-24;Viveros;2021;29;21;28;64;3
2021-03-24;Politecnico;2021;19;18;13;NA;4
2021-03-25;Politecnico;2021;NA;NA;10;NA;4
2021-03-25;Moli del Sol;2021;39;37;22;54;4
2021-03-25;Pista Silla;2021;24;23;36;NA;4
2021-03-25;Viveros;2021;31;24;22;69;3
2021-03-25;Avda. Francia;2021;23;20;19;63;3
2021-03-26;Avda. Francia;2021;27;24;19;62;3
2021-03-26;Politecnico;2021;NA;NA;10;69;3
2021-03-26;Viveros;2021;38;29;26;67;3
2021-03-26;Moli del Sol;2021;51;50;23;56;4
2021-03-26;Pista Silla;2021;NA;NA;NA;NA;NA
2021-03-27;Moli del Sol;2021;35;33;12;65;3
2021-03-27;Avda. Francia;2021;15;12;11;74;3
2021-03-27;Viveros;2021;31;24;13;76;3
2021-03-27;Pista Silla;2021;NA;NA;NA;NA;NA
2021-03-27;Politecnico;2021;NA;NA;5;68;3
2021-03-28;Politecnico;2021;NA;NA;5;55;3
2021-03-28;Avda. Francia;2021;5;4;8;67;3
2021-03-28;Moli del Sol;2021;16;14;5;64;3
2021-03-28;Pista Silla;2021;NA;NA;NA;NA;NA
2021-03-28;Viveros;2021;17;11;11;70;4
2021-03-29;Viveros;2021;NA;11;19;72;3
2021-03-29;Politecnico;2021;NA;NA;9;56;3
2021-03-29;Pista Silla;2021;7;6;25;84;4
2021-03-29;Avda. Francia;2021;8;5;16;68;3
2021-03-29;Moli del Sol;2021;18;15;16;62;3
2021-03-30;Politecnico;2021;6;5;10;57;3
2021-03-30;Avda. Francia;2021;11;8;17;63;3
2021-03-30;Pista Silla;2021;NA;NA;NA;NA;NA
2021-03-30;Moli del Sol;2021;26;24;21;54;3
2021-03-30;Viveros;2021;NA;16;22;67;3
2021-03-31;Politecnico;2021;9;8;11;60;3
2021-03-31;Viveros;2021;NA;22;27;58;3
2021-03-31;Moli del Sol;2021;30;27;22;48;3
2021-03-31;Avda. Francia;2021;18;14;19;50;3
2021-03-31;Pista Silla;2021;17;15;48;52;4
2021-04-01;Pista Silla;2021;14;12;37;65;4
2021-04-01;Politecnico;2021;5;5;13;66;4
2021-04-01;Viveros;2021;35;18;25;61;3
2021-04-01;Moli del Sol;2021;26;23;23;54;3
2021-04-01;Avda. Francia;2021;12;9;18;60;3
2021-04-02;Politecnico;2021;5;4;7;81;4
2021-04-02;Moli del Sol;2021;23;20;9;72;3
2021-04-02;Pista Silla;2021;13;11;21;83;3
2021-04-02;Viveros;2021;27;18;16;63;3
2021-04-02;Avda. Francia;2021;11;8;13;68;3
2021-04-03;Politecnico;2021;8;7;11;78;5
2021-04-03;Avda. Francia;2021;12;9;22;63;3
2021-04-03;Moli del Sol;2021;24;22;14;60;3
2021-04-03;Pista Silla;2021;14;13;32;73;3
2021-04-03;Viveros;2021;27;20;29;50;3
2021-04-04;Politecnico;2021;8;7;5;85;4
2021-04-04;Moli del Sol;2021;24;22;5;78;3
2021-04-04;Avda. Francia;2021;9;7;8;78;3
2021-04-04;Pista Silla;2021;11;10;14;94;3
2021-04-04;Viveros;2021;25;13;9;62;3
2021-04-05;Pista Silla;2021;13;12;18;70;3
2021-04-05;Politecnico;2021;9;8;8;60;4
2021-04-05;Viveros;2021;29;17;17;49;4
2021-04-05;Avda. Francia;2021;11;8;16;52;3
2021-04-05;Moli del Sol;2021;24;21;6;61;3
2021-04-06;Moli del Sol;2021;29;24;19;62;3
2021-04-06;Politecnico;2021;9;7;10;72;3
2021-04-06;Avda. Francia;2021;15;8;19;62;3
2021-04-06;Viveros;2021;36;21;19;62;3
2021-04-06;Pista Silla;2021;15;12;33;75;3
2021-04-07;Pista Silla;2021;7;6;29;74;4
2021-04-07;Viveros;2021;24;11;13;56;4
2021-04-07;Avda. Francia;2021;8;4;10;71;3
2021-04-07;Politecnico;2021;5;4;5;76;4
2021-04-07;Moli del Sol;2021;18;16;16;54;3
2021-04-08;Avda. Francia;2021;4;3;12;67;3
2021-04-08;Pista Silla;2021;6;5;38;67;3
2021-04-08;Moli del Sol;2021;15;13;19;55;3
2021-04-08;Viveros;2021;15;8;19;57;5
2021-04-08;Politecnico;2021;4;3;6;71;5
2021-04-09;Viveros;2021;15;10;25;47;4
2021-04-09;Pista Silla;2021;9;9;32;59;3
2021-04-09;Politecnico;2021;5;4;9;61;5
2021-04-09;Avda. Francia;2021;6;5;18;56;3
2021-04-09;Moli del Sol;2021;21;20;18;49;3
2021-04-10;Pista Silla;2021;9;9;30;54;3
2021-04-10;Moli del Sol;2021;23;22;16;52;3
2021-04-10;Viveros;2021;14;9;24;48;3
2021-04-10;Avda. Francia;2021;6;5;16;59;3
2021-04-10;Politecnico;2021;6;5;7;68;3
2021-04-11;Viveros;2021;16;10;13;47;3
2021-04-11;Politecnico;2021;6;5;5;59;3
2021-04-11;Avda. Francia;2021;7;6;11;51;3
2021-04-11;Moli del Sol;2021;16;15;6;52;3
2021-04-11;Pista Silla;2021;9;8;10;57;3
2021-04-12;Avda. Francia;2021;3;2;8;64;3
2021-04-12;Moli del Sol;2021;9;8;5;66;3
2021-04-12;Pista Silla;2021;4;4;17;63;3
2021-04-12;Viveros;2021;14;7;9;56;3
2021-04-12;Politecnico;2021;3;2;4;67;5
2021-04-13;Pista Silla;2021;6;5;35;56;3
2021-04-13;Viveros;2021;19;1;25;NA;4
2021-04-13;Moli del Sol;2021;14;13;17;59;3
2021-04-13;Avda. Francia;2021;4;3;17;60;3
2021-04-13;Politecnico;2021;3;2;7;70;4
2021-04-14;Viveros;2021;12;6;19;65;4
2021-04-14;Politecnico;2021;NA;NA;4;94;3
2021-04-14;Pista Silla;2021;5;4;48;54;3
2021-04-14;Moli del Sol;2021;13;11;17;65;3
2021-04-14;Avda. Francia;2021;2;2;13;71;3
2021-04-15;Politecnico;2021;NA;NA;6;88;5
2021-04-15;Moli del Sol;2021;17;16;11;75;3
2021-04-15;Avda. Francia;2021;4;3;10;79;3
2021-04-15;Pista Silla;2021;7;6;25;76;3
2021-04-15;Viveros;2021;16;9;13;70;4
2021-04-16;Moli del Sol;2021;20;19;14;63;4
2021-04-16;Avda. Francia;2021;7;5;13;68;NA
2021-04-16;Pista Silla;2021;11;10;35;57;3
2021-04-16;Politecnico;2021;NA;NA;6;85;4
2021-04-16;Viveros;2021;17;12;15;60;4
2021-04-17;Moli del Sol;2021;16;15;7;74;3
2021-04-17;Pista Silla;2021;8;7;17;73;3
2021-04-17;Politecnico;2021;NA;NA;4;93;3
2021-04-17;Viveros;2021;16;11;12;69;3
2021-04-17;Avda. Francia;2021;5;4;7;76;NA
2021-04-18;Moli del Sol;2021;18;17;8;72;3
2021-04-18;Avda. Francia;2021;5;4;9;74;NA
2021-04-18;Politecnico;2021;NA;NA;4;96;3
2021-04-18;Viveros;2021;18;12;15;61;4
2021-04-18;Pista Silla;2021;8;8;18;67;3
2021-04-19;Pista Silla;2021;13;11;27;66;4
2021-04-19;Avda. Francia;2021;11;7;17;73;5
2021-04-19;Moli del Sol;2021;26;24;18;73;3
2021-04-19;Viveros;2021;32;21;24;65;3
2021-04-19;Politecnico;2021;NA;NA;9;NA;4
2021-04-20;Politecnico;2021;NA;NA;7;NA;3
2021-04-20;Viveros;2021;25;17;19;77;3
2021-04-20;Avda. Francia;2021;12;11;15;81;3
2021-04-20;Pista Silla;2021;13;12;29;76;3
2021-04-20;Moli del Sol;2021;21;19;16;79;3
2021-04-21;Moli del Sol;2021;16;15;12;78;3
2021-04-21;Pista Silla;2021;11;11;25;76;3
2021-04-21;Politecnico;2021;21;17;5;89;5
2021-04-21;Viveros;2021;17;13;12;81;4
2021-04-21;Avda. Francia;2021;10;9;10;83;3
2021-04-22;Moli del Sol;2021;16;16;11;86;3
2021-04-22;Viveros;2021;9;6;10;91;3
2021-04-22;Avda. Francia;2021;5;5;9;81;3
2021-04-22;Politecnico;2021;13;9;5;92;4
2021-04-22;Pista Silla;2021;6;6;26;78;3
2021-04-23;Viveros;2021;13;8;10;88;3
2021-04-23;Moli del Sol;2021;17;15;12;78;4
2021-04-23;Avda. Francia;2021;7;6;10;79;3
2021-04-23;Pista Silla;2021;9;8;31;72;3
2021-04-23;Politecnico;2021;15;11;6;84;4
2021-04-24;Avda. Francia;2021;7;6;7;88;3
2021-04-24;Moli del Sol;2021;21;20;7;83;3
2021-04-24;Viveros;2021;16;11;10;86;3
2021-04-24;Politecnico;2021;16;11;4;98;3
2021-04-24;Pista Silla;2021;9;9;14;90;3
2021-04-25;Politecnico;2021;17;13;4;94;5
2021-04-25;Viveros;2021;18;12;7;80;3
2021-04-25;Pista Silla;2021;11;10;7;88;3
2021-04-25;Avda. Francia;2021;10;9;6;80;3
2021-04-25;Moli del Sol;2021;21;20;4;80;3
2021-04-26;Pista Silla;2021;8;8;31;82;3
2021-04-26;Viveros;2021;NA;NA;NA;NA;NA
2021-04-26;Moli del Sol;2021;20;19;15;86;3
2021-04-26;Avda. Francia;2021;7;7;8;83;4
2021-04-26;Politecnico;2021;15;11;4;102;3
2021-04-27;Moli del Sol;2021;27;26;12;79;3
2021-04-27;Viveros;2021;NA;NA;NA;NA;NA
2021-04-27;Politecnico;2021;19;15;5;96;4
2021-04-27;Avda. Francia;2021;15;12;10;77;5
2021-04-27;Pista Silla;2021;12;11;29;74;3
2021-04-28;Avda. Francia;2021;19;14;15;59;6
2021-04-28;Moli del Sol;2021;25;24;14;62;3
2021-04-28;Politecnico;2021;20;16;5;77;4
2021-04-28;Pista Silla;2021;13;12;30;59;3
2021-04-28;Viveros;2021;22;13;NA;58;3
2021-04-29;Viveros;2021;20;10;NA;48;3
2021-04-29;Politecnico;2021;18;12;NA;54;4
2021-04-29;Moli del Sol;2021;17;15;14;55;3
2021-04-29;Pista Silla;2021;12;8;31;48;3
2021-04-29;Avda. Francia;2021;10;7;18;47;6
2021-04-30;Avda. Francia;2021;9;7;14;57;6
2021-04-30;Moli del Sol;2021;21;19;16;59;3
2021-04-30;Pista Silla;2021;15;12;34;52;3
2021-04-30;Politecnico;2021;15;11;NA;68;4
2021-04-30;Viveros;2021;21;13;NA;60;3
2021-05-01;Avda. Francia;2021;5;4;8;58;6
2021-05-01;Viveros;2021;19;9;NA;61;3
2021-05-01;Moli del Sol;2021;14;13;5;60;3
2021-05-01;Politecnico;2021;NA;NA;NA;67;3
2021-05-01;Pista Silla;2021;10;8;13;60;3
2021-05-02;Viveros;2021;18;7;NA;77;3
2021-05-02;Pista Silla;2021;8;7;9;74;3
2021-05-02;Politecnico;2021;NA;NA;NA;81;4
2021-05-02;Avda. Francia;2021;4;3;4;73;6
2021-05-02;Moli del Sol;2021;12;11;3;71;3
2021-05-03;Politecnico;2021;NA;NA;NA;97;4
2021-05-03;Viveros;2021;16;8;NA;95;4
2021-05-03;Avda. Francia;2021;4;3;8;82;6
2021-05-03;Moli del Sol;2021;13;12;8;84;3
2021-05-03;Pista Silla;2021;8;7;14;86;3
2021-05-04;Politecnico;2021;NA;NA;NA;78;3
2021-05-04;Moli del Sol;2021;20;19;17;56;3
2021-05-04;Viveros;2021;21;12;NA;64;3
2021-05-04;Avda. Francia;2021;8;6;15;63;6
2021-05-04;Pista Silla;2021;15;12;35;52;3
2021-05-05;Avda. Francia;2021;9;6;14;62;6
2021-05-05;Pista Silla;2021;15;12;31;53;4
2021-05-05;Politecnico;2021;NA;NA;NA;82;5
2021-05-05;Moli del Sol;2021;21;19;13;68;3
2021-05-05;Viveros;2021;21;12;16;71;3
2021-05-06;Moli del Sol;2021;26;23;17;61;3
2021-05-06;Avda. Francia;2021;11;8;15;59;6
2021-05-06;Viveros;2021;26;16;17;65;3
2021-05-06;Pista Silla;2021;17;13;33;51;3
2021-05-06;Politecnico;2021;NA;NA;10;79;5
2021-05-07;Avda. Francia;2021;13;9;23;51;6
2021-05-07;Pista Silla;2021;19;13;46;36;4
2021-05-07;Politecnico;2021;NA;NA;14;73;4
2021-05-07;Moli del Sol;2021;25;22;24;49;3
2021-05-07;Viveros;2021;29;20;24;56;3
2021-05-08;Moli del Sol;2021;30;28;6;83;3
2021-05-08;Viveros;2021;24;15;5;94;3
2021-05-08;Politecnico;2021;NA;NA;4;106;4
2021-05-08;Avda. Francia;2021;13;11;5;83;6
2021-05-08;Pista Silla;2021;16;15;14;71;3
2021-05-09;Pista Silla;2021;19;18;13;58;3
2021-05-09;Avda. Francia;2021;15;13;7;70;6
2021-05-09;Politecnico;2021;NA;NA;6;93;4
2021-05-09;Moli del Sol;2021;35;34;7;69;3
2021-05-09;Viveros;2021;26;16;10;77;3
2021-05-10;Pista Silla;2021;9;5;20;43;3
2021-05-10;Politecnico;2021;NA;NA;10;61;6
2021-05-10;Viveros;2021;18;9;16;56;3
2021-05-10;Moli del Sol;2021;8;6;9;58;3
2021-05-10;Avda. Francia;2021;5;2;9;52;6
2021-05-11;Moli del Sol;2021;5;3;4;78;3
2021-05-11;Pista Silla;2021;7;3;10;66;3
2021-05-11;Viveros;2021;8;NA;6;83;3
2021-05-11;Avda. Francia;2021;3;1;6;71;6
2021-05-11;Politecnico;2021;NA;NA;5;83;4
2021-05-12;Moli del Sol;2021;9;7;7;68;3
2021-05-12;Politecnico;2021;NA;NA;6;79;5
2021-05-12;Viveros;2021;15;10;12;71;3
2021-05-12;Pista Silla;2021;11;4;12;58;3
2021-05-12;Avda. Francia;2021;7;2;7;65;5
2021-05-13;Pista Silla;2021;10;4;20;NA;3
2021-05-13;Avda. Francia;2021;6;2;11;58;5
2021-05-13;Viveros;2021;18;10;17;63;3
2021-05-13;Moli del Sol;2021;9;7;10;64;3
2021-05-13;Politecnico;2021;NA;NA;10;68;4
2021-05-14;Avda. Francia;2021;6;2;9;61;6
2021-05-14;Viveros;2021;17;9;13;68;3
2021-05-14;Politecnico;2021;NA;NA;8;71;3
2021-05-14;Moli del Sol;2021;9;8;11;64;3
2021-05-14;Pista Silla;2021;6;4;31;NA;4
2021-05-15;Pista Silla;2021;14;5;24;NA;3
2021-05-15;Viveros;2021;27;14;24;48;3
2021-05-15;Avda. Francia;2021;10;3;13;49;5
2021-05-15;Politecnico;2021;8;4;12;59;3
2021-05-15;Moli del Sol;2021;13;10;12;47;3
2021-05-16;Moli del Sol;2021;7;5;4;40;4
2021-05-16;Viveros;2021;16;10;6;38;3
2021-05-16;Politecnico;2021;5;3;5;45;5
2021-05-16;Avda. Francia;2021;5;2;7;39;5
2021-05-16;Pista Silla;2021;9;4;10;NA;3
2021-05-17;Viveros;2021;23;8;3;77;3
2021-05-17;Moli del Sol;2021;14;11;6;68;3
2021-05-17;Avda. Francia;2021;3;2;6;64;7
2021-05-17;Pista Silla;2021;4;4;24;NA;3
2021-05-17;Politecnico;2021;6;4;5;78;4
2021-05-18;Moli del Sol;2021;20;17;12;60;3
2021-05-18;Viveros;2021;28;10;11;72;3
2021-05-18;Pista Silla;2021;6;5;24;62;3
2021-05-18;Politecnico;2021;7;5;7;73;3
2021-05-18;Avda. Francia;2021;4;3;9;61;6
2021-05-19;Pista Silla;2021;5;4;27;60;3
2021-05-19;Avda. Francia;2021;3;2;7;57;NA
2021-05-19;Moli del Sol;2021;16;13;9;57;NA
2021-05-19;Politecnico;2021;6;5;7;72;3
2021-05-19;Viveros;2021;22;8;11;66;3
2021-05-20;Avda. Francia;2021;3;2;11;55;NA
2021-05-20;Moli del Sol;2021;15;13;11;54;NA
2021-05-20;Politecnico;2021;7;5;8;66;3
2021-05-20;Pista Silla;2021;6;4;28;58;3
2021-05-20;Viveros;2021;25;9;14;61;3
2021-05-21;Moli del Sol;2021;18;15;12;61;3
2021-05-21;Avda. Francia;2021;3;3;7;64;NA
2021-05-21;Viveros;2021;28;10;15;69;3
2021-05-21;Pista Silla;2021;6;5;26;65;3
2021-05-21;Politecnico;2021;7;5;7;75;3
2021-05-22;Avda. Francia;2021;6;5;4;66;NA
2021-05-22;Viveros;2021;26;11;5;82;3
2021-05-22;Moli del Sol;2021;19;17;3;71;3
2021-05-22;Pista Silla;2021;7;6;13;82;3
2021-05-22;Politecnico;2021;10;9;5;83;3
2021-05-23;Moli del Sol;2021;10;9;3;73;3
2021-05-23;Viveros;2021;14;3;4;83;3
2021-05-23;Avda. Francia;2021;2;2;2;70;NA
2021-05-23;Pista Silla;2021;3;3;8;93;3
2021-05-23;Politecnico;2021;5;4;4;89;NA
2021-05-24;Moli del Sol;2021;9;8;6;60;3
2021-05-24;Politecnico;2021;5;4;7;76;NA
2021-05-24;Viveros;2021;13;8;13;72;3
2021-05-24;Pista Silla;2021;5;4;16;73;3
2021-05-24;Avda. Francia;2021;3;2;9;54;NA
2021-05-25;Moli del Sol;2021;16;14;9;62;3
2021-05-25;Viveros;2021;20;9;8;76;3
2021-05-25;Avda. Francia;2021;5;3;6;63;NA
2021-05-25;Pista Silla;2021;5;3;18;77;3
2021-05-25;Politecnico;2021;6;5;7;81;NA
2021-05-26;Politecnico;2021;5;4;5;90;3
2021-05-26;Viveros;2021;19;6;11;82;3
2021-05-26;Moli del Sol;2021;15;13;11;67;4
2021-05-26;Pista Silla;2021;4;3;30;69;3
2021-05-26;Avda. Francia;2021;3;2;5;67;NA
2021-05-27;Viveros;2021;18;11;19;62;3
2021-05-27;Avda. Francia;2021;6;5;13;56;NA
2021-05-27;Moli del Sol;2021;18;16;15;56;3
2021-05-27;Politecnico;2021;8;6;8;NA;3
2021-05-27;Pista Silla;2021;7;6;35;57;3
2021-05-28;Politecnico;2021;9;8;12;NA;6
2021-05-28;Moli del Sol;2021;19;17;21;48;4
2021-05-28;Avda. Francia;2021;6;5;17;53;5
2021-05-28;Pista Silla;2021;7;6;39;57;3
2021-05-28;Viveros;2021;20;10;27;52;4
2021-05-29;Avda. Francia;2021;6;5;15;50;4
2021-05-29;Moli del Sol;2021;12;11;9;55;3
2021-05-29;Viveros;2021;19;11;20;53;3
2021-05-29;Pista Silla;2021;6;5;23;63;3
2021-05-29;Politecnico;2021;7;6;10;NA;4
2021-05-30;Viveros;2021;19;12;12;68;4
2021-05-30;Avda. Francia;2021;3;2;8;67;4
2021-05-30;Moli del Sol;2021;10;9;5;67;4
2021-05-30;Politecnico;2021;5;4;7;NA;3
2021-05-30;Pista Silla;2021;4;3;17;74;3
2021-05-31;Viveros;2021;NA;11;16;64;4
2021-05-31;Moli del Sol;2021;11;9;13;60;3
2021-05-31;Avda. Francia;2021;4;3;11;63;5
2021-05-31;Pista Silla;2021;9;4;29;63;3
2021-05-31;Politecnico;2021;6;5;7;NA;4
2021-06-01;Viveros;2021;16;10;16;60;3
2021-06-01;Moli del Sol;2021;18;17;17;53;3
2021-06-01;Pista Silla;2021;7;6;32;57;3
2021-06-01;Politecnico;2021;8;7;9;NA;3
2021-06-01;Avda. Francia;2021;6;5;12;60;5
2021-06-02;Politecnico;2021;8;7;8;71;5
2021-06-02;Viveros;2021;15;10;17;68;3
2021-06-02;Avda. Francia;2021;5;4;15;63;4
2021-06-02;Moli del Sol;2021;14;13;15;64;4
2021-06-02;Pista Silla;2021;6;5;37;69;3
2021-06-03;Politecnico;2021;9;8;6;68;4
2021-06-03;Avda. Francia;2021;7;6;7;67;4
2021-06-03;Pista Silla;2021;NA;NA;NA;NA;NA
2021-06-03;Viveros;2021;16;10;7;72;3
2021-06-03;Moli del Sol;2021;19;17;9;64;3
2021-06-04;Moli del Sol;2021;25;23;9;63;3
2021-06-04;Politecnico;2021;11;10;6;66;3
2021-06-04;Avda. Francia;2021;9;8;9;63;5
2021-06-04;Pista Silla;2021;8;7;32;61;4
2021-06-04;Viveros;2021;21;12;9;68;3
2021-06-05;Politecnico;2021;7;6;4;74;3
2021-06-05;Viveros;2021;17;6;5;74;3
2021-06-05;Moli del Sol;2021;17;16;4;70;3
2021-06-05;Pista Silla;2021;5;4;11;81;3
2021-06-05;Avda. Francia;2021;6;5;5;69;5
2021-06-06;Moli del Sol;2021;12;11;4;64;3
2021-06-06;Avda. Francia;2021;4;3;7;64;5
2021-06-06;Viveros;2021;12;7;6;67;3
2021-06-06;Pista Silla;2021;5;4;16;69;3
2021-06-06;Politecnico;2021;6;5;4;75;3
2021-06-07;Politecnico;2021;7;6;7;61;4
2021-06-07;Viveros;2021;19;11;14;56;3
2021-06-07;Avda. Francia;2021;6;5;12;54;5
2021-06-07;Pista Silla;2021;NA;NA;NA;NA;NA
2021-06-07;Moli del Sol;2021;15;14;12;52;3
2021-06-08;Viveros;2021;18;11;10;59;3
2021-06-08;Politecnico;2021;13;12;6;59;3
2021-06-08;Avda. Francia;2021;10;9;11;56;5
2021-06-08;Moli del Sol;2021;26;25;8;53;3
2021-06-08;Pista Silla;2021;7;6;NA;43;3
2021-06-09;Avda. Francia;2021;9;7;11;59;5
2021-06-09;Moli del Sol;2021;22;21;8;54;3
2021-06-09;Viveros;2021;13;10;9;59;3
2021-06-09;Politecnico;2021;13;11;6;60;3
2021-06-09;Pista Silla;2021;6;5;17;NA;3
2021-06-10;Avda. Francia;2021;5;5;10;65;5
2021-06-10;Politecnico;2021;8;7;5;66;3
2021-06-10;Viveros;2021;12;9;11;70;3
2021-06-10;Pista Silla;2021;5;4;22;NA;3
2021-06-10;Moli del Sol;2021;14;13;9;59;3
2021-06-11;Pista Silla;2021;6;3;NA;NA;3
2021-06-11;Viveros;2021;16;10;15;77;3
2021-06-11;Avda. Francia;2021;5;4;12;71;4
2021-06-11;Moli del Sol;2021;13;12;14;67;3
2021-06-11;Politecnico;2021;7;5;6;77;3
2021-06-12;Viveros;2021;17;10;10;100;3
2021-06-12;Politecnico;2021;6;5;5;102;3
2021-06-12;Moli del Sol;2021;13;12;8;86;3
2021-06-12;Avda. Francia;2021;6;4;10;85;3
2021-06-12;Pista Silla;2021;7;4;NA;NA;3
2021-06-13;Avda. Francia;2021;10;7;19;82;3
2021-06-13;Viveros;2021;24;15;17;94;3
2021-06-13;Moli del Sol;2021;17;16;10;86;3
2021-06-13;Pista Silla;2021;9;7;NA;NA;3
2021-06-13;Politecnico;2021;10;8;6;110;3
2021-06-14;Politecnico;2021;10;8;9;96;3
2021-06-14;Avda. Francia;2021;14;7;21;72;4
2021-06-14;Pista Silla;2021;10;7;NA;NA;3
2021-06-14;Viveros;2021;26;16;25;82;3
2021-06-14;Moli del Sol;2021;19;17;20;69;3
2021-06-15;Avda. Francia;2021;12;5;27;57;3
2021-06-15;Politecnico;2021;9;7;15;74;4
2021-06-15;Moli del Sol;2021;17;15;24;53;3
2021-06-15;Pista Silla;2021;9;5;NA;NA;4
2021-06-15;Viveros;2021;25;15;32;62;3
2021-06-16;Viveros;2021;25;16;14;95;3
2021-06-16;Avda. Francia;2021;10;7;15;NA;3
2021-06-16;Politecnico;2021;9;8;9;102;3
2021-06-16;Pista Silla;2021;8;6;NA;NA;3
2021-06-16;Moli del Sol;2021;20;18;17;75;3
2021-06-17;Viveros;2021;21;12;24;70;3
2021-06-17;Politecnico;2021;8;7;13;76;3
2021-06-17;Avda. Francia;2021;13;5;27;45;5
2021-06-17;Moli del Sol;2021;15;14;12;68;3
2021-06-17;Pista Silla;2021;6;5;38;NA;3
2021-06-18;Viveros;2021;21;11;9;77;3
2021-06-18;Moli del Sol;2021;23;21;11;61;3
2021-06-18;Avda. Francia;2021;8;7;15;64;4
2021-06-18;Pista Silla;2021;6;4;27;60;3
2021-06-18;Politecnico;2021;9;8;7;74;3
2021-06-19;Pista Silla;2021;6;4;15;52;3
2021-06-19;Avda. Francia;2021;8;7;10;55;4
2021-06-19;Politecnico;2021;9;7;5;66;3
2021-06-19;Moli del Sol;2021;24;22;6;55;3
2021-06-19;Viveros;2021;19;9;9;63;3
2021-06-20;Avda. Francia;2021;7;4;10;36;4
2021-06-20;Moli del Sol;2021;13;11;5;47;3
2021-06-20;Pista Silla;2021;6;3;8;46;3
2021-06-20;Politecnico;2021;7;5;7;51;3
2021-06-20;Viveros;2021;14;NA;12;47;3
2021-06-21;Viveros;2021;18;8;15;51;3
2021-06-21;Avda. Francia;2021;6;2;13;47;4
2021-06-21;Pista Silla;2021;17;5;15;48;3
2021-06-21;Politecnico;2021;6;4;11;48;3
2021-06-21;Moli del Sol;2021;8;6;5;54;3
2021-06-22;Politecnico;2021;5;3;9;59;6
2021-06-22;Moli del Sol;2021;7;5;13;51;3
2021-06-22;Viveros;2021;17;8;14;59;3
2021-06-22;Pista Silla;2021;16;4;28;44;4
2021-06-22;Avda. Francia;2021;4;1;12;59;5
2021-06-23;Avda. Francia;2021;2;1;9;68;5
2021-06-23;Viveros;2021;13;5;8;67;3
2021-06-23;Politecnico;2021;4;3;6;67;4
2021-06-23;Pista Silla;2021;10;4;23;51;3
2021-06-23;Moli del Sol;2021;7;6;9;58;3
2021-06-24;Avda. Francia;2021;2;1;7;67;4
2021-06-24;Moli del Sol;2021;6;5;6;57;3
2021-06-24;Viveros;2021;10;5;8;66;3
2021-06-24;Pista Silla;2021;9;3;13;58;3
2021-06-24;Politecnico;2021;4;3;6;64;3
2021-06-25;Avda. Francia;2021;3;2;12;63;4
2021-06-25;Politecnico;2021;5;3;8;65;4
2021-06-25;Pista Silla;2021;12;5;29;41;4
2021-06-25;Moli del Sol;2021;8;7;NA;56;3
2021-06-25;Viveros;2021;15;9;16;59;3
2021-06-26;Viveros;2021;19;10;9;71;3
2021-06-26;Moli del Sol;2021;13;12;NA;65;3
2021-06-26;Avda. Francia;2021;4;3;8;72;5
2021-06-26;Politecnico;2021;6;5;6;71;4
2021-06-26;Pista Silla;2021;12;6;10;62;3
2021-06-27;Pista Silla;2021;12;6;7;64;3
2021-06-27;Moli del Sol;2021;13;11;NA;74;3
2021-06-27;Avda. Francia;2021;3;2;7;80;5
2021-06-27;Politecnico;2021;5;4;5;81;5
2021-06-27;Viveros;2021;20;10;6;79;3
2021-06-28;Politecnico;2021;6;5;6;66;4
2021-06-28;Viveros;2021;NA;9;7;63;3
2021-06-28;Pista Silla;2021;17;8;29;NA;4
2021-06-28;Moli del Sol;2021;18;16;NA;53;3
2021-06-28;Avda. Francia;2021;5;3;8;67;5
2021-06-29;Avda. Francia;2021;5;3;9;63;5
2021-06-29;Moli del Sol;2021;15;14;NA;59;3
2021-06-29;Politecnico;2021;6;5;7;67;3
2021-06-29;Pista Silla;2021;17;8;24;NA;3
2021-06-29;Viveros;2021;NA;9;8;66;3
2021-06-30;Moli del Sol;2021;18;16;NA;55;3
2021-06-30;Pista Silla;2021;19;9;22;NA;3
2021-06-30;Viveros;2021;NA;12;11;60;3
2021-06-30;Avda. Francia;2021;7;4;10;62;4
2021-06-30;Politecnico;2021;7;6;7;63;3
2021-07-01;Politecnico;2021;5;4;5;70;3
2021-07-01;Avda. Francia;2021;4;3;5;72;6
2021-07-01;Viveros;2021;18;7;5;71;3
2021-07-01;Moli del Sol;2021;15;13;NA;61;3
2021-07-01;Pista Silla;2021;15;7;18;38;3
2021-07-02;Moli del Sol;2021;21;18;NA;61;3
2021-07-02;Viveros;2021;NA;9;8;71;3
2021-07-02;Politecnico;2021;7;6;6;75;3
2021-07-02;Avda. Francia;2021;6;5;5;NA;5
2021-07-02;Pista Silla;2021;19;10;23;32;3
2021-07-03;Pista Silla;2021;20;14;12;32;3
2021-07-03;Viveros;2021;21;12;7;72;3
2021-07-03;Politecnico;2021;11;10;5;81;3
2021-07-03;Moli del Sol;2021;27;25;NA;64;3
2021-07-03;Avda. Francia;2021;12;10;6;NA;5
2021-07-04;Politecnico;2021;13;11;4;NA;3
2021-07-04;Pista Silla;2021;30;13;3;28;3
2021-07-04;Moli del Sol;2021;30;27;NA;62;3
2021-07-04;Avda. Francia;2021;15;9;NA;NA;4
2021-07-04;Viveros;2021;NA;17;5;NA;3
2021-07-05;Viveros;2021;25;14;10;NA;5
2021-07-05;Avda. Francia;2021;9;7;11;NA;NA
2021-07-05;Pista Silla;2021;22;12;24;45;5
2021-07-05;Moli del Sol;2021;27;25;NA;60;3
2021-07-05;Politecnico;2021;11;10;6;68;3
2021-07-06;Moli del Sol;2021;21;17;9;48;3
2021-07-06;Pista Silla;2021;31;9;15;51;5
2021-07-06;Viveros;2021;29;13;16;NA;3
2021-07-06;Politecnico;2021;9;6;10;46;4
2021-07-06;Avda. Francia;2021;13;5;NA;55;NA
2021-07-07;Pista Silla;2021;15;5;18;70;3
2021-07-07;Viveros;2021;15;7;11;59;4
2021-07-07;Avda. Francia;2021;4;2;7;67;NA
2021-07-07;Moli del Sol;2021;7;6;11;57;NA
2021-07-07;Politecnico;2021;5;4;6;52;3
2021-07-08;Avda. Francia;2021;5;3;8;57;4
2021-07-08;Moli del Sol;2021;10;9;12;51;4
2021-07-08;Pista Silla;2021;15;6;26;58;3
2021-07-08;Politecnico;2021;5;4;6;40;3
2021-07-08;Viveros;2021;18;9;14;49;3
2021-07-09;Pista Silla;2021;15;6;24;61;3
2021-07-09;Moli del Sol;2021;12;11;10;55;5
2021-07-09;Politecnico;2021;6;4;6;42;3
2021-07-09;Viveros;2021;NA;9;15;51;3
2021-07-09;Avda. Francia;2021;5;3;9;53;4
2021-07-10;Pista Silla;2021;14;6;11;68;3
2021-07-10;Politecnico;2021;5;4;7;45;3
2021-07-10;Moli del Sol;2021;11;10;7;60;6
2021-07-10;Avda. Francia;2021;5;3;9;53;4
2021-07-10;Viveros;2021;NA;9;13;54;3
2021-07-11;Politecnico;2021;5;4;5;50;3
2021-07-11;Viveros;2021;16;9;12;59;3
2021-07-11;Avda. Francia;2021;4;3;7;NA;3
2021-07-11;Pista Silla;2021;10;5;10;66;3
2021-07-11;Moli del Sol;2021;10;9;7;61;4
2021-07-12;Avda. Francia;2021;16;5;13;NA;NA
2021-07-12;Moli del Sol;2021;21;15;11;51;5
2021-07-12;Viveros;2021;38;22;16;52;3
2021-07-12;Politecnico;2021;9;6;10;37;3
2021-07-12;Pista Silla;2021;36;10;17;51;3
2021-07-13;Moli del Sol;2021;8;5;8;51;4
2021-07-13;Avda. Francia;2021;8;2;8;44;NA
2021-07-13;Pista Silla;2021;17;4;19;45;3
2021-07-13;Viveros;2021;20;14;14;44;3
2021-07-13;Politecnico;2021;6;4;8;30;4
2021-07-14;Moli del Sol;2021;8;6;10;52;5
2021-07-14;Viveros;2021;16;12;12;49;3
2021-07-14;Pista Silla;2021;15;5;24;40;3
2021-07-14;Politecnico;2021;6;4;6;41;3
2021-07-14;Avda. Francia;2021;6;2;6;49;NA
2021-07-15;Moli del Sol;2021;10;9;13;51;5
2021-07-15;Avda. Francia;2021;5;3;8;51;NA
2021-07-15;Politecnico;2021;5;4;7;48;3
2021-07-15;Pista Silla;2021;14;6;22;38;3
2021-07-15;Viveros;2021;17;11;17;50;3
2021-07-16;Pista Silla;2021;17;7;22;NA;3
2021-07-16;Politecnico;2021;6;5;9;41;3
2021-07-16;Avda. Francia;2021;6;4;9;51;NA
2021-07-16;Viveros;2021;21;10;17;45;3
2021-07-16;Moli del Sol;2021;13;12;11;51;5
2021-07-17;Viveros;2021;18;7;8;55;3
2021-07-17;Avda. Francia;2021;4;3;6;55;NA
2021-07-17;Moli del Sol;2021;13;12;5;57;4
2021-07-17;Pista Silla;2021;11;6;7;NA;3
2021-07-17;Politecnico;2021;5;4;4;46;3
2021-07-18;Moli del Sol;2021;13;12;4;68;3
2021-07-18;Viveros;2021;NA;9;6;72;3
2021-07-18;Avda. Francia;2021;5;3;5;NA;NA
2021-07-18;Politecnico;2021;6;5;4;67;3
2021-07-18;Pista Silla;2021;12;7;7;NA;3
2021-07-19;Pista Silla;2021;14;7;22;NA;3
2021-07-19;Moli del Sol;2021;13;12;10;71;3
2021-07-19;Politecnico;2021;6;5;6;72;3
2021-07-19;Avda. Francia;2021;5;4;11;NA;NA
2021-07-19;Viveros;2021;18;13;13;73;3
2021-07-20;Politecnico;2021;7;6;7;70;3
2021-07-20;Viveros;2021;38;8;15;71;3
2021-07-20;Pista Silla;2021;17;8;22;56;3
2021-07-20;Moli del Sol;2021;14;13;13;65;3
2021-07-20;Avda. Francia;2021;5;4;8;78;NA
2021-07-21;Moli del Sol;2021;19;17;10;65;3
2021-07-21;Politecnico;2021;9;8;6;66;4
2021-07-21;Viveros;2021;23;9;11;70;3
2021-07-21;Pista Silla;2021;15;9;18;NA;3
2021-07-21;Avda. Francia;2021;7;5;7;NA;4
2021-07-22;Viveros;2021;22;11;21;57;3
2021-07-22;Politecnico;2021;9;7;11;54;4
2021-07-22;Pista Silla;2021;18;8;37;NA;3
2021-07-22;Avda. Francia;2021;7;4;13;61;4
2021-07-22;Moli del Sol;2021;14;12;15;59;3
2021-07-23;Politecnico;2021;9;7;10;59;4
2021-07-23;Pista Silla;2021;22;9;28;NA;3
2021-07-23;Viveros;2021;25;16;20;56;3
2021-07-23;Moli del Sol;2021;18;16;15;59;3
2021-07-23;Avda. Francia;2021;9;5;13;NA;3
2021-07-24;Avda. Francia;2021;8;6;7;NA;5
2021-07-24;Pista Silla;2021;17;11;10;NA;3
2021-07-24;Moli del Sol;2021;18;17;9;57;3
2021-07-24;Viveros;2021;24;18;9;72;3
2021-07-24;Politecnico;2021;9;8;5;66;3
2021-07-25;Pista Silla;2021;17;10;5;NA;3
2021-07-25;Viveros;2021;25;15;5;69;3
2021-07-25;Moli del Sol;2021;24;22;5;65;3
2021-07-25;Politecnico;2021;9;8;4;62;3
2021-07-25;Avda. Francia;2021;8;6;3;70;4
2021-07-26;Avda. Francia;2021;4;3;8;77;4
2021-07-26;Viveros;2021;14;15;13;58;4
2021-07-26;Moli del Sol;2021;10;9;12;61;3
2021-07-26;Politecnico;2021;7;6;7;54;3
2021-07-26;Pista Silla;2021;11;6;19;56;3
2021-07-27;Avda. Francia;2021;6;4;13;73;4
2021-07-27;Pista Silla;2021;14;8;25;71;3
2021-07-27;Moli del Sol;2021;13;12;14;57;3
2021-07-27;Politecnico;2021;8;7;9;56;3
2021-07-27;Viveros;2021;15;13;19;56;3
2021-07-28;Pista Silla;2021;15;8;19;73;4
2021-07-28;Viveros;2021;NA;9;8;64;3
2021-07-28;Moli del Sol;2021;14;13;11;59;3
2021-07-28;Politecnico;2021;9;8;7;58;3
2021-07-28;Avda. Francia;2021;5;4;9;79;4
2021-07-29;Viveros;2021;17;10;11;64;3
2021-07-29;Pista Silla;2021;14;9;26;75;3
2021-07-29;Politecnico;2021;9;8;6;62;3
2021-07-29;Avda. Francia;2021;6;5;8;83;3
2021-07-29;Moli del Sol;2021;17;16;14;58;3
2021-07-30;Moli del Sol;2021;24;22;12;62;3
2021-07-30;Politecnico;2021;12;11;7;69;3
2021-07-30;Avda. Francia;2021;9;7;11;82;6
2021-07-30;Viveros;2021;NA;13;14;75;3
2021-07-30;Pista Silla;2021;21;13;23;NA;3
2021-07-31;Moli del Sol;2021;21;19;7;66;3
2021-07-31;Viveros;2021;25;14;10;81;3
2021-07-31;Avda. Francia;2021;10;7;8;88;7
2021-07-31;Pista Silla;2021;20;12;10;NA;3
2021-07-31;Politecnico;2021;13;12;5;NA;3
2021-08-01;Pista Silla;2021;7;3;7;82;3
2021-08-01;Avda. Francia;2021;2;1;3;75;3
2021-08-01;Politecnico;2021;4;3;4;NA;3
2021-08-01;Viveros;2021;11;7;6;73;3
2021-08-01;Moli del Sol;2021;4;4;3;61;3
2021-08-02;Moli del Sol;2021;5;5;6;67;3
2021-08-02;Viveros;2021;12;8;8;81;4
2021-08-02;Politecnico;2021;5;4;5;57;3
2021-08-02;Avda. Francia;2021;3;2;6;78;4
2021-08-02;Pista Silla;2021;10;4;15;84;3
2021-08-03;Politecnico;2021;6;5;7;59;4
2021-08-03;Moli del Sol;2021;8;7;9;67;3
2021-08-03;Avda. Francia;2021;4;2;9;80;3
2021-08-03;Pista Silla;2021;12;5;20;88;3
2021-08-03;Viveros;2021;NA;10;15;79;4
2021-08-04;Politecnico;2021;8;6;9;63;3
2021-08-04;Viveros;2021;29;17;19;81;3
2021-08-04;Moli del Sol;2021;12;10;15;62;3
2021-08-04;Avda. Francia;2021;7;3;12;80;4
2021-08-04;Pista Silla;2021;23;7;NA;88;4
2021-08-05;Politecnico;2021;13;10;6;73;4
2021-08-05;Pista Silla;2021;18;9;21;83;4
2021-08-05;Viveros;2021;NA;12;16;79;3
2021-08-05;Moli del Sol;2021;14;12;12;64;3
2021-08-05;Avda. Francia;2021;5;4;9;87;4
2021-08-06;Viveros;2021;24;12;10;95;3
2021-08-06;Politecnico;2021;16;12;6;75;5
2021-08-06;Pista Silla;2021;18;12;15;89;3
2021-08-06;Avda. Francia;2021;7;6;8;88;4
2021-08-06;Moli del Sol;2021;19;18;9;66;3
2021-08-07;Pista Silla;2021;25;10;8;89;5
2021-08-07;Moli del Sol;2021;18;16;6;65;3
2021-08-07;Viveros;2021;NA;16;9;NA;3
2021-08-07;Avda. Francia;2021;12;6;8;90;4
2021-08-07;Politecnico;2021;20;10;5;67;4
2021-08-08;Politecnico;2021;12;8;4;45;4
2021-08-08;Avda. Francia;2021;4;3;4;76;3
2021-08-08;Moli del Sol;2021;12;11;5;54;3
2021-08-08;Viveros;2021;17;7;7;70;3
2021-08-08;Pista Silla;2021;12;7;6;74;3
2021-08-09;Politecnico;2021;11;6;5;45;4
2021-08-09;Avda. Francia;2021;3;2;6;70;5
2021-08-09;Pista Silla;2021;11;6;14;67;3
2021-08-09;Moli del Sol;2021;8;7;6;59;3
2021-08-09;Viveros;2021;NA;6;7;73;5
2021-08-10;Moli del Sol;2021;12;11;15;43;3
2021-08-10;Viveros;2021;19;12;20;59;4
2021-08-10;Politecnico;2021;14;7;9;41;3
2021-08-10;Avda. Francia;2021;5;3;14;58;4
2021-08-10;Pista Silla;2021;18;8;29;45;3
2021-08-11;Viveros;2021;NA;17;16;83;3
2021-08-11;Politecnico;2021;15;9;10;65;3
2021-08-11;Avda. Francia;2021;6;4;12;80;5
2021-08-11;Moli del Sol;2021;14;12;15;58;3
2021-08-11;Pista Silla;2021;22;8;25;74;3
2021-08-12;Avda. Francia;2021;14;6;21;61;4
2021-08-12;Pista Silla;2021;43;15;37;65;3
2021-08-12;Moli del Sol;2021;23;19;19;61;3
2021-08-12;Viveros;2021;53;29;24;NA;3
2021-08-12;Politecnico;2021;32;14;13;73;3
2021-08-13;Politecnico;2021;22;14;8;62;3
2021-08-13;Pista Silla;2021;30;15;22;59;3
2021-08-13;Viveros;2021;NA;15;12;NA;4
2021-08-13;Moli del Sol;2021;24;22;12;49;3
2021-08-13;Avda. Francia;2021;10;7;12;57;4
2021-08-14;Politecnico;2021;28;17;10;NA;3
2021-08-14;Viveros;2021;NA;22;19;NA;4
2021-08-14;Avda. Francia;2021;15;9;13;46;6
2021-08-14;Moli del Sol;2021;45;42;13;42;3
2021-08-14;Pista Silla;2021;38;18;19;NA;3
2021-08-15;Moli del Sol;2021;31;28;9;56;3
2021-08-15;Politecnico;2021;30;18;6;NA;3
2021-08-15;Pista Silla;2021;29;18;9;NA;3
2021-08-15;Viveros;2021;NA;NA;10;NA;3
2021-08-15;Avda. Francia;2021;14;9;7;67;3
2021-08-16;Pista Silla;2021;23;12;11;70;3
2021-08-16;Politecnico;2021;21;13;5;73;3
2021-08-16;Viveros;2021;35;NA;7;78;3
2021-08-16;Avda. Francia;2021;NA;NA;6;57;3
2021-08-16;Moli del Sol;2021;23;20;8;56;3
2021-08-17;Moli del Sol;2021;12;11;8;55;3
2021-08-17;Viveros;2021;NA;8;9;68;3
2021-08-17;Politecnico;2021;14;8;5;70;6
2021-08-17;Avda. Francia;2021;NA;NA;7;57;5
2021-08-17;Pista Silla;2021;15;7;16;64;3
2021-08-18;Politecnico;2021;13;8;4;67;3
2021-08-18;Pista Silla;2021;16;8;11;69;4
2021-08-18;Avda. Francia;2021;NA;NA;7;55;4
2021-08-18;Moli del Sol;2021;13;12;6;57;3
2021-08-18;Viveros;2021;23;7;7;71;3
2021-08-19;Pista Silla;2021;14;8;19;54;3
2021-08-19;Politecnico;2021;12;8;5;61;4
2021-08-19;Avda. Francia;2021;NA;NA;8;53;4
2021-08-19;Viveros;2021;NA;7;9;68;3
2021-08-19;Moli del Sol;2021;14;13;7;58;3
2021-08-20;Moli del Sol;2021;11;10;10;54;3
2021-08-20;Pista Silla;2021;14;7;20;52;3
2021-08-20;Viveros;2021;18;9;11;63;4
2021-08-20;Avda. Francia;2021;NA;NA;7;58;5
2021-08-20;Politecnico;2021;11;7;6;56;4
2021-08-21;Moli del Sol;2021;13;12;6;56;3
2021-08-21;Avda. Francia;2021;NA;NA;5;71;4
2021-08-21;Pista Silla;2021;10;7;11;61;4
2021-08-21;Politecnico;2021;10;7;4;60;3
2021-08-21;Viveros;2021;NA;7;8;67;3
2021-08-22;Pista Silla;2021;11;6;10;62;3
2021-08-22;Viveros;2021;19;9;8;67;3
2021-08-22;Moli del Sol;2021;13;12;6;56;3
2021-08-22;Avda. Francia;2021;NA;NA;5;69;3
2021-08-22;Politecnico;2021;11;7;5;56;3
2021-08-23;Moli del Sol;2021;15;14;8;56;3
2021-08-23;Politecnico;2021;13;9;5;57;3
2021-08-23;Viveros;2021;NA;9;7;68;3
2021-08-23;Avda. Francia;2021;NA;NA;7;68;4
2021-08-23;Pista Silla;2021;13;8;14;61;3
2021-08-24;Politecnico;2021;13;8;5;55;3
2021-08-24;Viveros;2021;22;NA;8;65;5
2021-08-24;Avda. Francia;2021;NA;NA;7;64;5
2021-08-24;Pista Silla;2021;14;7;13;61;5
2021-08-24;Moli del Sol;2021;14;13;7;56;3
2021-08-25;Viveros;2021;NA;7;13;82;5
2021-08-25;Moli del Sol;2021;10;9;11;70;3
2021-08-25;Avda. Francia;2021;NA;NA;10;82;4
2021-08-25;Pista Silla;2021;10;6;22;72;3
2021-08-25;Politecnico;2021;9;6;6;74;3
2021-08-26;Avda. Francia;2021;NA;NA;11;67;4
2021-08-26;Viveros;2021;NA;7;16;65;3
2021-08-26;Pista Silla;2021;12;7;21;59;3
2021-08-26;Moli del Sol;2021;16;14;14;52;3
2021-08-26;Politecnico;2021;11;8;8;57;3
2021-08-27;Pista Silla;2021;19;10;30;52;3
2021-08-27;Avda. Francia;2021;NA;NA;19;66;3
2021-08-27;Moli del Sol;2021;18;16;21;55;3
2021-08-27;Politecnico;2021;15;10;12;63;3
2021-08-27;Viveros;2021;NA;15;27;68;3
2021-08-28;Pista Silla;2021;17;10;13;69;3
2021-08-28;Viveros;2021;22;11;12;75;3
2021-08-28;Moli del Sol;2021;20;19;11;63;3
2021-08-28;Politecnico;2021;18;12;8;60;3
2021-08-28;Avda. Francia;2021;NA;NA;11;75;4
2021-08-29;Moli del Sol;2021;20;18;6;67;3
2021-08-29;Politecnico;2021;15;10;3;72;3
2021-08-29;Viveros;2021;NA;9;8;82;3
2021-08-29;Pista Silla;2021;15;9;11;75;3
2021-08-29;Avda. Francia;2021;NA;NA;7;78;5
2021-08-30;Moli del Sol;2021;13;12;8;58;NA
2021-08-30;Politecnico;2021;9;6;5;67;5
2021-08-30;Viveros;2021;NA;NA;11;73;4
2021-08-30;Avda. Francia;2021;NA;NA;8;71;3
2021-08-30;Pista Silla;2021;12;8;16;60;3
2021-08-31;Politecnico;2021;10;7;6;58;3
2021-08-31;Pista Silla;2021;13;7;21;53;4
2021-08-31;Viveros;2021;NA;NA;11;68;3
2021-08-31;Moli del Sol;2021;14;13;10;51;NA
2021-08-31;Avda. Francia;2021;NA;NA;10;65;3
2021-09-01;Avda. Francia;2021;NA;NA;8;82;4
2021-09-01;Moli del Sol;2021;14;13;10;60;NA
2021-09-01;Pista Silla;2021;12;6;14;73;3
2021-09-01;Politecnico;2021;11;7;5;72;3
2021-09-01;Viveros;2021;16;NA;8;85;3
2021-09-02;Pista Silla;2021;11;6;25;70;7
2021-09-02;Moli del Sol;2021;9;8;13;65;NA
2021-09-02;Politecnico;2021;8;5;6;78;3
2021-09-02;Avda. Francia;2021;NA;NA;9;86;4
2021-09-02;Viveros;2021;17;5;13;88;3
2021-09-03;Avda. Francia;2021;NA;NA;13;76;4
2021-09-03;Politecnico;2021;14;9;10;62;3
2021-09-03;Viveros;2021;22;11;22;73;3
2021-09-03;Moli del Sol;2021;18;17;14;57;NA
2021-09-03;Pista Silla;2021;18;11;27;60;3
2021-09-04;Moli del Sol;2021;24;22;10;52;NA
2021-09-04;Avda. Francia;2021;NA;NA;8;70;4
2021-09-04;Politecnico;2021;16;11;5;58;3
2021-09-04;Pista Silla;2021;20;14;17;58;3
2021-09-04;Viveros;2021;21;11;10;69;3
2021-09-05;Avda. Francia;2021;NA;NA;7;67;3
2021-09-05;Pista Silla;2021;23;17;13;56;3
2021-09-05;Politecnico;2021;14;10;4;57;3
2021-09-05;Moli del Sol;2021;25;23;9;48;NA
2021-09-05;Viveros;2021;27;13;10;65;3
2021-09-06;Viveros;2021;26;11;20;59;3
2021-09-06;Pista Silla;2021;17;10;26;45;3
2021-09-06;Moli del Sol;2021;18;17;13;44;NA
2021-09-06;Politecnico;2021;15;9;10;47;3
2021-09-06;Avda. Francia;2021;NA;NA;13;60;3
2021-09-07;Politecnico;2021;12;8;6;55;3
2021-09-07;Viveros;2021;18;7;10;73;3
2021-09-07;Moli del Sol;2021;17;16;11;46;NA
2021-09-07;Avda. Francia;2021;NA;NA;9;68;4
2021-09-07;Pista Silla;2021;12;7;20;52;3
2021-09-08;Politecnico;2021;13;8;9;60;3
2021-09-08;Viveros;2021;20;9;17;73;3
2021-09-08;Pista Silla;2021;14;7;24;58;3
2021-09-08;Avda. Francia;2021;NA;NA;11;70;3
2021-09-08;Moli del Sol;2021;15;14;14;54;NA
2021-09-09;Moli del Sol;2021;19;18;12;53;NA
2021-09-09;Politecnico;2021;16;10;8;58;5
2021-09-09;Viveros;2021;21;11;14;73;3
2021-09-09;Pista Silla;2021;17;10;29;50;5
2021-09-09;Avda. Francia;2021;NA;NA;12;67;3
2021-09-10;Avda. Francia;2021;NA;NA;14;69;5
2021-09-10;Viveros;2021;22;12;18;75;3
2021-09-10;Pista Silla;2021;16;8;27;58;3
2021-09-10;Politecnico;2021;13;8;9;64;3
2021-09-10;Moli del Sol;2021;18;16;14;54;NA
2021-09-11;Moli del Sol;2021;16;15;8;62;NA
2021-09-11;Viveros;2021;19;9;11;84;3
2021-09-11;Avda. Francia;2021;22;10;8;81;4
2021-09-11;Politecnico;2021;12;8;4;69;3
2021-09-11;Pista Silla;2021;12;8;14;73;3
2021-09-12;Avda. Francia;2021;21;10;7;68;5
2021-09-12;Pista Silla;2021;11;8;10;59;4
2021-09-12;Moli del Sol;2021;16;15;7;51;NA
2021-09-12;Viveros;2021;17;9;9;73;3
2021-09-12;Politecnico;2021;11;8;4;61;3
2021-09-13;Avda. Francia;2021;NA;NA;19;48;4
2021-09-13;Politecnico;2021;14;8;14;40;4
2021-09-13;Viveros;2021;25;10;24;54;3
2021-09-13;Moli del Sol;2021;15;14;16;38;NA
2021-09-13;Pista Silla;2021;17;8;28;39;4
2021-09-14;Moli del Sol;2021;15;13;13;44;4
2021-09-14;Avda. Francia;2021;NA;NA;13;56;3
2021-09-14;Viveros;2021;NA;12;16;60;3
2021-09-14;Pista Silla;2021;18;8;19;46;3
2021-09-14;Politecnico;2021;16;9;8;48;3
2021-09-15;Avda. Francia;2021;NA;NA;15;61;4
2021-09-15;Politecnico;2021;15;9;9;56;3
2021-09-15;Pista Silla;2021;16;8;25;51;3
2021-09-15;Moli del Sol;2021;15;14;13;52;3
2021-09-15;Viveros;2021;NA;13;19;67;3
2021-09-16;Politecnico;2021;7;4;9;61;3
2021-09-16;Moli del Sol;2021;8;6;12;58;3
2021-09-16;Avda. Francia;2021;NA;NA;12;60;5
2021-09-16;Viveros;2021;NA;NA;18;71;4
2021-09-16;Pista Silla;2021;10;4;21;57;3
2021-09-17;Avda. Francia;2021;NA;NA;17;55;6
2021-09-17;Pista Silla;2021;15;9;28;46;3
2021-09-17;Politecnico;2021;13;8;10;51;3
2021-09-17;Moli del Sol;2021;14;12;14;48;3
2021-09-17;Viveros;2021;NA;9;22;61;4
2021-09-18;Viveros;2021;NA;11;17;64;3
2021-09-18;Politecnico;2021;15;9;8;56;3
2021-09-18;Moli del Sol;2021;15;14;12;51;3
2021-09-18;Pista Silla;2021;17;10;18;53;3
2021-09-18;Avda. Francia;2021;NA;NA;13;61;10
2021-09-19;Pista Silla;2021;9;4;16;45;3
2021-09-19;Viveros;2021;16;7;10;61;3
2021-09-19;Avda. Francia;2021;NA;NA;8;51;5
2021-09-19;Politecnico;2021;9;4;5;50;4
2021-09-19;Moli del Sol;2021;7;6;10;44;3
2021-09-20;Viveros;2021;NA;6;16;58;5
2021-09-20;Pista Silla;2021;10;4;25;43;3
2021-09-20;Avda. Francia;2021;NA;NA;11;52;5
2021-09-20;Politecnico;2021;8;4;7;51;3
2021-09-20;Moli del Sol;2021;7;6;11;49;4
2021-09-21;Avda. Francia;2021;NA;NA;7;58;5
2021-09-21;Viveros;2021;NA;3;9;66;4
2021-09-21;Moli del Sol;2021;4;3;7;53;5
2021-09-21;Politecnico;2021;7;3;4;56;3
2021-09-21;Pista Silla;2021;7;3;13;56;3
2021-09-22;Avda. Francia;2021;NA;NA;8;68;7
2021-09-22;Moli del Sol;2021;6;5;9;62;3
2021-09-22;Politecnico;2021;8;5;4;66;4
2021-09-22;Viveros;2021;NA;5;9;79;3
2021-09-22;Pista Silla;2021;7;4;12;73;3
2021-09-23;Avda. Francia;2021;NA;NA;9;76;6
2021-09-23;Politecnico;2021;12;7;5;76;3
2021-09-23;Viveros;2021;14;8;11;87;3
2021-09-23;Pista Silla;2021;10;6;11;84;3
2021-09-23;Moli del Sol;2021;11;10;9;72;4
2021-09-24;Viveros;2021;NA;9;16;86;3
2021-09-24;Politecnico;2021;16;10;8;71;4
2021-09-24;Avda. Francia;2021;NA;NA;12;75;6
2021-09-24;Pista Silla;2021;15;9;17;82;3
2021-09-24;Moli del Sol;2021;15;13;12;71;NA
2021-09-25;Politecnico;2021;20;15;9;46;3
2021-09-25;Pista Silla;2021;20;15;22;43;3
2021-09-25;Moli del Sol;2021;26;25;12;43;3
2021-09-25;Avda. Francia;2021;NA;NA;14;53;4
2021-09-25;Viveros;2021;24;15;20;54;3
2021-09-26;Pista Silla;2021;12;8;16;58;3
2021-09-26;Moli del Sol;2021;13;12;9;NA;3
2021-09-26;Avda. Francia;2021;19;10;9;64;NA
2021-09-26;Viveros;2021;NA;8;11;76;3
2021-09-26;Politecnico;2021;11;8;5;66;3
2021-09-27;Viveros;2021;22;12;22;71;3
2021-09-27;Pista Silla;2021;17;10;31;52;4
2021-09-27;Avda. Francia;2021;31;11;18;60;NA
2021-09-27;Moli del Sol;2021;14;13;15;NA;NA
2021-09-27;Politecnico;2021;13;9;9;59;3
2021-09-28;Viveros;2021;NA;17;23;70;3
2021-09-28;Avda. Francia;2021;32;17;15;68;3
2021-09-28;Moli del Sol;2021;24;23;16;62;4
2021-09-28;Pista Silla;2021;20;14;31;54;3
2021-09-28;Politecnico;2021;17;13;10;61;3
2021-09-29;Politecnico;2021;17;13;8;49;3
2021-09-29;Viveros;2021;24;14;16;63;3
2021-09-29;Avda. Francia;2021;32;17;13;54;3
2021-09-29;Pista Silla;2021;20;14;25;45;4
2021-09-29;Moli del Sol;2021;21;20;10;51;4
2021-09-30;Avda. Francia;2021;21;7;11;57;3
2021-09-30;Moli del Sol;2021;13;12;13;46;3
2021-09-30;Viveros;2021;NA;7;14;66;3
2021-09-30;Politecnico;2021;11;6;8;53;3
2021-09-30;Pista Silla;2021;11;6;19;55;3
2021-10-01;Pista Silla;2021;18;13;24;53;5
2021-10-01;Viveros;2021;22;14;18;69;3
2021-10-01;Moli del Sol;2021;23;22;13;52;6
2021-10-01;Avda. Francia;2021;25;15;12;63;3
2021-10-01;Politecnico;2021;17;13;10;52;4
2021-10-02;Avda. Francia;2021;36;23;13;60;3
2021-10-02;Pista Silla;2021;22;18;21;53;4
2021-10-02;Viveros;2021;26;19;16;67;3
2021-10-02;Moli del Sol;2021;31;30;11;49;6
2021-10-02;Politecnico;2021;21;17;6;58;6
2021-10-03;Avda. Francia;2021;31;13;6;49;3
2021-10-03;Politecnico;2021;15;10;6;49;4
2021-10-03;Moli del Sol;2021;17;16;5;44;3
2021-10-03;Viveros;2021;20;13;12;55;3
2021-10-03;Pista Silla;2021;19;10;9;46;3
2021-10-04;Pista Silla;2021;8;3;22;33;3
2021-10-04;Politecnico;2021;8;3;11;39;3
2021-10-04;Viveros;2021;10;6;24;43;4
2021-10-04;Moli del Sol;2021;4;4;11;39;3
2021-10-04;Avda. Francia;2021;16;3;11;40;3
2021-10-05;Politecnico;2021;9;4;12;46;6
2021-10-05;Pista Silla;2021;12;4;25;43;3
2021-10-05;Avda. Francia;2021;22;4;13;50;3
2021-10-05;Viveros;2021;13;NA;22;55;4
2021-10-05;Moli del Sol;2021;5;4;14;44;3
2021-10-06;Politecnico;2021;11;5;10;48;5
2021-10-06;Pista Silla;2021;12;5;28;39;4
2021-10-06;Viveros;2021;10;8;21;55;4
2021-10-06;Avda. Francia;2021;24;5;14;49;3
2021-10-06;Moli del Sol;2021;7;5;14;44;3
2021-10-07;Viveros;2021;17;9;24;58;4
2021-10-07;Politecnico;2021;10;6;10;56;6
2021-10-07;Pista Silla;2021;10;5;30;45;3
2021-10-07;Avda. Francia;2021;22;6;16;54;3
2021-10-07;Moli del Sol;2021;8;7;19;43;3
2021-10-08;Avda. Francia;2021;20;7;12;66;3
2021-10-08;Moli del Sol;2021;10;10;17;54;3
2021-10-08;Politecnico;2021;10;6;8;63;3
2021-10-08;Viveros;2021;16;9;18;76;3
2021-10-08;Pista Silla;2021;11;6;32;56;3
2021-10-09;Avda. Francia;2021;11;6;8;69;3
2021-10-09;Moli del Sol;2021;10;9;10;58;3
2021-10-09;Politecnico;2021;7;5;5;65;4
2021-10-09;Viveros;2021;18;7;11;75;3
2021-10-09;Pista Silla;2021;8;5;16;62;3
2021-10-10;Avda. Francia;2021;15;6;4;71;4
2021-10-10;Moli del Sol;2021;10;9;6;63;3
2021-10-10;Pista Silla;2021;7;5;8;74;4
2021-10-10;Viveros;2021;12;6;6;79;3
2021-10-10;Politecnico;2021;8;5;4;67;3
2021-10-11;Avda. Francia;2021;20;10;12;57;3
2021-10-11;Pista Silla;2021;15;10;30;44;3
2021-10-11;Politecnico;2021;11;8;8;57;3
2021-10-11;Viveros;2021;17;NA;16;68;3
2021-10-11;Moli del Sol;2021;15;15;15;44;3
2021-10-12;Politecnico;2021;12;9;9;55;3
2021-10-12;Viveros;2021;16;NA;14;66;4
2021-10-12;Avda. Francia;2021;20;12;11;58;4
2021-10-12;Moli del Sol;2021;15;15;9;54;3
2021-10-12;Pista Silla;2021;14;10;17;55;3
2021-10-13;Moli del Sol;2021;15;14;17;47;3
2021-10-13;Politecnico;2021;13;9;10;57;3
2021-10-13;Pista Silla;2021;15;9;31;46;3
2021-10-13;Viveros;2021;17;NA;21;64;3
2021-10-13;Avda. Francia;2021;26;11;13;60;3
2021-10-14;Moli del Sol;2021;15;15;19;46;3
2021-10-14;Politecnico;2021;13;9;9;66;3
2021-10-14;Pista Silla;2021;15;10;35;44;4
2021-10-14;Avda. Francia;2021;24;11;14;63;3
2021-10-14;Viveros;2021;20;NA;26;64;5
2021-10-15;Politecnico;2021;15;10;12;55;4
2021-10-15;Avda. Francia;2021;31;13;16;53;3
2021-10-15;Viveros;2021;20;NA;29;57;5
2021-10-15;Pista Silla;2021;17;11;28;46;3
2021-10-15;Moli del Sol;2021;16;15;17;47;3
2021-10-16;Pista Silla;2021;16;10;18;63;3
2021-10-16;Viveros;2021;21;NA;16;73;4
2021-10-16;Politecnico;2021;15;10;7;64;3
2021-10-16;Moli del Sol;2021;15;15;11;60;3
2021-10-16;Avda. Francia;2021;34;13;10;65;3
2021-10-17;Politecnico;2021;12;9;7;63;4
2021-10-17;Pista Silla;2021;13;10;18;61;3
2021-10-17;Avda. Francia;2021;22;13;11;64;3
2021-10-17;Viveros;2021;14;NA;17;70;5
2021-10-17;Moli del Sol;2021;17;17;10;54;3
2021-10-18;Avda. Francia;2021;28;15;19;48;3
2021-10-18;Moli del Sol;2021;20;19;18;39;3
2021-10-18;Politecnico;2021;16;12;14;42;3
2021-10-18;Pista Silla;2021;18;13;32;36;4
2021-10-18;Viveros;2021;18;NA;25;52;4
2021-10-19;Moli del Sol;2021;16;16;16;45;3
2021-10-19;Politecnico;2021;13;9;14;48;3
2021-10-19;Viveros;2021;17;11;26;56;3
2021-10-19;Avda. Francia;2021;26;12;15;56;3
2021-10-19;Pista Silla;2021;15;10;31;44;3
2021-10-20;Moli del Sol;2021;16;15;18;41;3
2021-10-20;Politecnico;2021;15;11;11;53;3
2021-10-20;Avda. Francia;2021;29;16;17;51;3
2021-10-20;Pista Silla;2021;20;13;31;43;4
2021-10-20;Viveros;2021;NA;15;26;57;4
2021-10-21;Viveros;2021;31;16;26;54;5
2021-10-21;Moli del Sol;2021;16;15;21;34;3
2021-10-21;Pista Silla;2021;20;11;35;36;5
2021-10-21;Avda. Francia;2021;42;13;21;45;3
2021-10-21;Politecnico;2021;17;10;12;47;4
2021-10-22;Moli del Sol;2021;6;5;14;44;3
2021-10-22;Politecnico;2021;10;5;7;57;4
2021-10-22;Avda. Francia;2021;23;6;11;55;3
2021-10-22;Pista Silla;2021;8;4;22;47;3
2021-10-22;Viveros;2021;NA;7;17;58;4
2021-10-23;Moli del Sol;2021;5;4;9;42;3
2021-10-23;Viveros;2021;NA;6;14;56;4
2021-10-23;Pista Silla;2021;8;4;19;39;3
2021-10-23;Avda. Francia;2021;19;5;10;47;3
2021-10-23;Politecnico;2021;8;4;6;51;3
2021-10-24;Moli del Sol;2021;9;9;11;43;3
2021-10-24;Pista Silla;2021;9;6;22;42;3
2021-10-24;Avda. Francia;2021;17;8;12;51;3
2021-10-24;Viveros;2021;NA;7;19;54;3
2021-10-24;Politecnico;2021;9;6;9;50;3
2021-10-25;Viveros;2021;NA;11;22;55;3
2021-10-25;Pista Silla;2021;17;11;32;37;4
2021-10-25;Politecnico;2021;14;9;11;48;5
2021-10-25;Avda. Francia;2021;27;13;17;49;3
2021-10-25;Moli del Sol;2021;19;19;18;38;3
2021-10-26;Politecnico;2021;15;10;12;51;3
2021-10-26;Viveros;2021;NA;11;21;61;3
2021-10-26;Avda. Francia;2021;28;13;17;53;4
2021-10-26;Moli del Sol;2021;17;16;18;39;3
2021-10-26;Pista Silla;2021;17;12;29;45;3
2021-10-27;Avda. Francia;2021;36;18;18;56;3
2021-10-27;Politecnico;2021;19;14;12;55;4
2021-10-27;Moli del Sol;2021;15;15;18;41;3
2021-10-27;Pista Silla;2021;18;13;33;43;3
2021-10-27;Viveros;2021;21;17;26;61;4
2021-10-28;Pista Silla;2021;23;17;43;30;3
2021-10-28;Avda. Francia;2021;38;19;28;39;3
2021-10-28;Politecnico;2021;18;13;18;39;4
2021-10-28;Viveros;2021;NA;17;37;44;4
2021-10-28;Moli del Sol;2021;26;26;22;36;3
2021-10-29;Pista Silla;2021;24;15;41;22;4
2021-10-29;Viveros;2021;24;15;38;39;3
2021-10-29;Politecnico;2021;19;13;19;33;4
2021-10-29;Avda. Francia;2021;41;20;25;36;3
2021-10-29;Moli del Sol;2021;27;26;24;26;3
2021-10-30;Moli del Sol;2021;11;10;12;25;3
2021-10-30;Viveros;2021;NA;5;21;31;3
2021-10-30;Pista Silla;2021;9;6;17;26;3
2021-10-30;Avda. Francia;2021;13;8;14;33;3
2021-10-30;Politecnico;2021;8;6;10;28;3
2021-10-31;Viveros;2021;5;3;7;46;3
2021-10-31;Pista Silla;2021;3;1;5;39;3
2021-10-31;Politecnico;2021;3;2;3;40;3
2021-10-31;Avda. Francia;2021;6;2;6;40;3
2021-10-31;Moli del Sol;2021;3;3;4;37;3
2021-11-01;Avda. Francia;2021;5;2;5;53;3
2021-11-01;Moli del Sol;2021;3;2;4;51;3
2021-11-01;Pista Silla;2021;3;1;6;57;3
2021-11-01;Viveros;2021;38;2;9;63;3
2021-11-01;Politecnico;2021;3;2;4;57;3
2021-11-02;Moli del Sol;2021;5;4;10;50;3
2021-11-02;Pista Silla;2021;7;2;15;57;5
2021-11-02;Politecnico;2021;7;3;8;55;3
2021-11-02;Avda. Francia;2021;16;3;8;54;3
2021-11-02;Viveros;2021;8;4;17;61;3
2021-11-03;Viveros;2021;NA;3;17;62;4
2021-11-03;Moli del Sol;2021;4;3;10;49;3
2021-11-03;Pista Silla;2021;5;2;16;54;3
2021-11-03;Avda. Francia;2021;11;3;9;53;4
2021-11-03;Politecnico;2021;6;2;7;57;3
2021-11-04;Avda. Francia;2021;19;5;13;44;4
2021-11-04;Politecnico;2021;8;3;9;48;3
2021-11-04;Moli del Sol;2021;7;6;17;34;3
2021-11-04;Viveros;2021;10;6;26;49;4
2021-11-04;Pista Silla;2021;11;5;33;33;5
2021-11-05;Moli del Sol;2021;5;4;14;38;3
2021-11-05;Avda. Francia;2021;16;3;11;47;4
2021-11-05;Politecnico;2021;7;3;9;48;3
2021-11-05;Pista Silla;2021;9;4;29;37;4
2021-11-05;Viveros;2021;NA;6;23;52;3
2021-11-06;Politecnico;2021;11;4;6;53;3
2021-11-06;Viveros;2021;9;7;18;59;3
2021-11-06;Avda. Francia;2021;22;4;8;51;4
2021-11-06;Moli del Sol;2021;8;6;13;42;3
2021-11-06;Pista Silla;2021;7;3;20;49;3
2021-11-07;Avda. Francia;2021;21;4;8;54;4
2021-11-07;Moli del Sol;2021;5;4;8;52;3
2021-11-07;Viveros;2021;NA;6;18;62;3
2021-11-07;Politecnico;2021;8;3;6;56;3
2021-11-07;Pista Silla;2021;7;3;18;53;4
2021-11-08;Pista Silla;2021;22;9;47;23;7
2021-11-08;Avda. Francia;2021;46;11;24;37;4
2021-11-08;Politecnico;2021;20;8;17;32;4
2021-11-08;Moli del Sol;2021;15;13;29;26;5
2021-11-08;Viveros;2021;20;13;43;37;3
2021-11-09;Moli del Sol;2021;12;11;21;31;3
2021-11-09;Pista Silla;2021;13;6;33;32;3
2021-11-09;Viveros;2021;NA;11;30;45;3
2021-11-09;Politecnico;2021;19;7;9;46;4
2021-11-09;Avda. Francia;2021;35;7;17;47;4
2021-11-10;Avda. Francia;2021;41;9;21;43;3
2021-11-10;Politecnico;2021;16;8;12;44;3
2021-11-10;Viveros;2021;20;11;36;40;6
2021-11-10;Moli del Sol;2021;15;14;24;38;5
2021-11-10;Pista Silla;2021;14;8;40;27;3
2021-11-11;Avda. Francia;2021;45;12;23;38;3
2021-11-11;Politecnico;2021;16;8;13;38;3
2021-11-11;Viveros;2021;NA;12;31;44;4
2021-11-11;Moli del Sol;2021;14;13;22;41;6
2021-11-11;Pista Silla;2021;16;9;37;26;3
2021-11-12;Avda. Francia;2021;26;9;24;33;3
2021-11-12;Pista Silla;2021;14;9;41;17;3
2021-11-12;Viveros;2021;18;9;38;29;4
2021-11-12;Moli del Sol;2021;13;13;30;25;6
2021-11-12;Politecnico;2021;11;7;14;31;6
2021-11-13;Moli del Sol;2021;18;17;20;38;6
2021-11-13;Pista Silla;2021;14;11;37;20;3
2021-11-13;Viveros;2021;NA;12;26;41;4
2021-11-13;Avda. Francia;2021;29;14;22;38;3
2021-11-13;Politecnico;2021;14;11;12;33;4
2021-11-14;Avda. Francia;2021;20;11;18;39;3
2021-11-14;Viveros;2021;14;9;18;51;3
2021-11-14;Moli del Sol;2021;13;13;16;48;6
2021-11-14;Pista Silla;2021;11;8;26;34;3
2021-11-14;Politecnico;2021;10;8;7;45;7
2021-11-15;Avda. Francia;2021;24;4;16;43;4
2021-11-15;Politecnico;2021;10;4;11;41;4
2021-11-15;Pista Silla;2021;10;4;32;35;5
2021-11-15;Viveros;2021;NA;8;28;48;4
2021-11-15;Moli del Sol;2021;7;6;18;49;5
2021-11-16;Viveros;2021;18;10;33;40;4
2021-11-16;Avda. Francia;2021;32;8;20;35;3
2021-11-16;Moli del Sol;2021;12;11;27;33;7
2021-11-16;Pista Silla;2021;14;7;41;22;4
2021-11-16;Politecnico;2021;14;7;12;36;3
2021-11-17;Pista Silla;2021;15;8;38;26;3
2021-11-17;Moli del Sol;2021;13;11;20;43;6
2021-11-17;Avda. Francia;2021;32;9;17;42;3
2021-11-17;Viveros;2021;NA;11;30;44;4
2021-11-17;Politecnico;2021;13;7;10;41;3
2021-11-18;Moli del Sol;2021;14;11;21;33;6
2021-11-18;Politecnico;2021;12;7;7;44;3
2021-11-18;Pista Silla;2021;11;8;28;30;3
2021-11-18;Avda. Francia;2021;23;9;17;40;3
2021-11-18;Viveros;2021;17;10;25;43;4
2021-11-19;Politecnico;2021;10;7;5;53;4
2021-11-19;Avda. Francia;2021;19;10;13;50;3
2021-11-19;Viveros;2021;NA;NA;13;59;3
2021-11-19;Moli del Sol;2021;15;12;16;46;5
2021-11-19;Pista Silla;2021;10;8;22;44;3
2021-11-20;Politecnico;2021;11;9;5;52;3
2021-11-20;Viveros;2021;14;10;21;51;3
2021-11-20;Avda. Francia;2021;19;13;13;51;3
2021-11-20;Pista Silla;2021;12;10;23;42;3
2021-11-20;Moli del Sol;2021;18;14;14;50;3
2021-11-21;Avda. Francia;2021;20;13;16;31;4
2021-11-21;Pista Silla;2021;12;10;23;19;3
2021-11-21;Moli del Sol;2021;16;13;13;29;6
2021-11-21;Politecnico;2021;11;9;6;29;3
2021-11-21;Viveros;2021;NA;8;22;29;5
2021-11-22;Moli del Sol;2021;12;9;16;39;9
2021-11-22;Pista Silla;2021;10;7;25;30;3
2021-11-22;Avda. Francia;2021;16;9;16;36;4
2021-11-22;Politecnico;2021;8;6;6;40;3
2021-11-22;Viveros;2021;14;6;19;42;4
2021-11-23;Politecnico;2021;6;4;6;38;4
2021-11-23;Moli del Sol;2021;8;6;18;43;6
2021-11-23;Avda. Francia;2021;11;6;13;38;4
2021-11-23;Viveros;2021;NA;6;27;43;4
2021-11-23;Pista Silla;2021;6;4;20;41;3
2021-11-24;Avda. Francia;2021;11;5;12;32;3
2021-11-24;Moli del Sol;2021;6;4;15;39;3
2021-11-24;Pista Silla;2021;5;4;20;32;3
2021-11-24;Politecnico;2021;5;4;NA;35;4
2021-11-24;Viveros;2021;NA;5;23;37;3
2021-11-25;Pista Silla;2021;4;2;18;37;3
2021-11-25;Moli del Sol;2021;3;2;9;48;NA
2021-11-25;Viveros;2021;NA;NA;19;42;3
2021-11-25;Avda. Francia;2021;9;3;10;37;3
2021-11-25;Politecnico;2021;4;2;NA;41;3
2021-11-26;Pista Silla;2021;8;5;26;30;4
2021-11-26;Politecnico;2021;8;4;NA;34;4
2021-11-26;Avda. Francia;2021;18;6;15;32;3
2021-11-26;Moli del Sol;2021;8;6;20;34;3
2021-11-26;Viveros;2021;NA;9;31;34;3
2021-11-27;Moli del Sol;2021;6;4;13;46;3
2021-11-27;Viveros;2021;NA;9;20;49;3
2021-11-27;Avda. Francia;2021;12;4;8;44;3
2021-11-27;Politecnico;2021;5;3;NA;49;3
2021-11-27;Pista Silla;2021;6;3;17;44;4
2021-11-28;Avda. Francia;2021;NA;NA;NA;NA;NA
2021-11-28;Pista Silla;2021;NA;NA;NA;NA;NA
2021-11-28;Moli del Sol;2021;NA;NA;NA;NA;NA
2021-11-28;Politecnico;2021;3;2;NA;58;3
2021-11-28;Viveros;2021;2;5;NA;NA;NA
2021-11-29;Viveros;2021;NA;0;21;48;3
2021-11-29;Avda. Francia;2021;14;4;10;45;3
2021-11-29;Moli del Sol;2021;5;3;13;52;3
2021-11-29;Pista Silla;2021;7;3;16;51;3
2021-11-29;Politecnico;2021;6;3;NA;46;3
2021-11-30;Avda. Francia;2021;30;9;23;31;4
2021-11-30;Politecnico;2021;12;6;NA;25;6
2021-11-30;Pista Silla;2021;13;8;42;21;5
2021-11-30;Moli del Sol;2021;14;10;26;29;3
2021-11-30;Viveros;2021;23;11;35;32;3
2021-12-01;Pista Silla;2021;NA;NA;NA;NA;NA
2021-12-01;Viveros;2021;16;10;25;32;4
2021-12-01;Politecnico;2021;10;6;NA;35;3
2021-12-01;Avda. Francia;2021;NA;NA;NA;NA;NA
2021-12-01;Moli del Sol;2021;12;9;19;32;3
2021-12-02;Politecnico;2021;4;2;NA;55;4
2021-12-02;Moli del Sol;2021;4;2;10;57;4
2021-12-02;Pista Silla;2021;5;2;17;50;4
2021-12-02;Avda. Francia;2021;9;3;9;49;4
2021-12-02;Viveros;2021;9;5;14;55;3
2021-12-03;Pista Silla;2021;8;4;30;41;4
2021-12-03;Avda. Francia;2021;20;5;16;40;4
2021-12-03;Politecnico;2021;8;4;NA;43;3
2021-12-03;Viveros;2021;9;9;28;45;3
2021-12-03;Moli del Sol;2021;7;5;20;46;4
2021-12-04;Politecnico;2021;6;4;NA;46;3
2021-12-04;Viveros;2021;8;7;13;49;3
2021-12-04;Avda. Francia;2021;12;5;7;45;3
2021-12-04;Pista Silla;2021;6;3;9;49;3
2021-12-04;Moli del Sol;2021;7;4;9;51;4
2021-12-05;Moli del Sol;2021;6;4;7;63;4
2021-12-05;Pista Silla;2021;6;2;9;NA;3
2021-12-05;Viveros;2021;9;7;9;62;3
2021-12-05;Avda. Francia;2021;10;3;3;57;3
2021-12-05;Politecnico;2021;5;3;1;62;3
2021-12-06;Moli del Sol;2021;5;4;7;65;3
2021-12-06;Politecnico;2021;4;2;4;57;3
2021-12-06;Viveros;2021;6;4;10;61;4
2021-12-06;Pista Silla;2021;3;1;9;NA;3
2021-12-06;Avda. Francia;2021;6;3;4;54;3
2021-12-07;Pista Silla;2021;8;4;10;NA;3
2021-12-07;Politecnico;2021;6;4;6;46;5
2021-12-07;Viveros;2021;9;7;16;48;3
2021-12-07;Avda. Francia;2021;14;5;7;46;4
2021-12-07;Moli del Sol;2021;7;5;10;51;3
2021-12-08;Pista Silla;2021;5;2;8;NA;3
2021-12-08;Moli del Sol;2021;4;2;5;71;3
2021-12-08;Avda. Francia;2021;7;2;4;62;3
2021-12-08;Politecnico;2021;5;3;3;65;3
2021-12-08;Viveros;2021;6;5;8;67;4
2021-12-09;Moli del Sol;2021;6;4;7;61;4
2021-12-09;Viveros;2021;6;7;13;57;5
2021-12-09;Politecnico;2021;6;3;6;54;3
2021-12-09;Pista Silla;2021;8;3;9;NA;3
2021-12-09;Avda. Francia;2021;12;3;4;54;3
2021-12-10;Pista Silla;2021;8;3;11;NA;3
2021-12-10;Avda. Francia;2021;15;4;7;49;4
2021-12-10;Politecnico;2021;7;3;12;47;5
2021-12-10;Viveros;2021;8;7;16;51;3
2021-12-10;Moli del Sol;2021;7;4;8;58;3
2021-12-11;Moli del Sol;2021;5;3;8;64;4
2021-12-11;Avda. Francia;2021;13;4;7;53;4
2021-12-11;Pista Silla;2021;6;2;14;NA;3
2021-12-11;Viveros;2021;7;6;12;59;3
2021-12-11;Politecnico;2021;6;3;4;58;3
2021-12-12;Politecnico;2021;10;7;33;21;3
2021-12-12;Moli del Sol;2021;10;8;21;30;4
2021-12-12;Viveros;2021;13;9;28;30;4
2021-12-12;Avda. Francia;2021;23;10;23;24;4
2021-12-12;Pista Silla;2021;10;8;34;NA;3
2021-12-13;Avda. Francia;2021;32;17;24;25;4
2021-12-13;Pista Silla;2021;18;13;39;10;4
2021-12-13;Viveros;2021;NA;14;32;27;4
2021-12-13;Politecnico;2021;15;11;35;19;3
2021-12-13;Moli del Sol;2021;19;15;26;19;4
2021-12-14;Pista Silla;2021;26;20;43;12;4
2021-12-14;Moli del Sol;2021;29;23;28;21;4
2021-12-14;Politecnico;2021;20;16;34;21;3
2021-12-14;Avda. Francia;2021;44;24;26;23;3
2021-12-14;Viveros;2021;25;18;38;24;3
2021-12-15;Viveros;2021;NA;24;36;25;3
2021-12-15;Moli del Sol;2021;37;29;29;19;6
2021-12-15;Avda. Francia;2021;49;31;23;27;3
2021-12-15;Pista Silla;2021;30;25;40;15;3
2021-12-15;Politecnico;2021;27;23;31;23;3
2021-12-16;Pista Silla;2021;22;18;27;23;3
2021-12-16;Avda. Francia;2021;37;22;17;37;3
2021-12-16;Politecnico;2021;19;15;21;35;3
2021-12-16;Viveros;2021;NA;19;28;33;4
2021-12-16;Moli del Sol;2021;32;25;24;23;5
2021-12-17;Politecnico;2021;21;17;19;34;3
2021-12-17;Avda. Francia;2021;38;22;15;38;3
2021-12-17;Pista Silla;2021;22;17;24;25;3
2021-12-17;Viveros;2021;NA;17;25;37;3
2021-12-17;Moli del Sol;2021;26;20;20;30;3
2021-12-18;Pista Silla;2021;18;16;20;28;3
2021-12-18;Avda. Francia;2021;NA;NA;NA;NA;NA
2021-12-18;Moli del Sol;2021;NA;NA;NA;NA;NA
2021-12-18;Viveros;2021;19;17;20;39;3
2021-12-18;Politecnico;2021;17;14;13;36;5
2021-12-19;Viveros;2021;NA;21;25;38;4
2021-12-19;Politecnico;2021;21;19;20;34;4
2021-12-19;Avda. Francia;2021;NA;NA;NA;NA;NA
2021-12-19;Moli del Sol;2021;NA;NA;NA;NA;NA
2021-12-19;Pista Silla;2021;24;22;23;28;3
2021-12-20;Politecnico;2021;19;15;41;14;5
2021-12-20;Pista Silla;2021;29;19;40;9;4
2021-12-20;Avda. Francia;2021;33;21;24;19;3
2021-12-20;Moli del Sol;2021;26;20;26;13;4
2021-12-20;Viveros;2021;27;18;40;17;5
2021-12-21;Viveros;2021;NA;19;28;24;3
2021-12-21;Politecnico;2021;23;17;29;19;3
2021-12-21;Avda. Francia;2021;52;20;18;27;3
2021-12-21;Moli del Sol;2021;25;18;23;21;3
2021-12-21;Pista Silla;2021;20;14;26;16;3
2021-12-22;Pista Silla;2021;30;26;33;9;4
2021-12-22;Avda. Francia;2021;47;32;21;18;4
2021-12-22;Viveros;2021;37;24;27;18;3
2021-12-22;Politecnico;2021;29;25;25;11;3
2021-12-22;Moli del Sol;2021;39;31;25;11;5
2021-12-23;Pista Silla;2021;26;22;31;11;3
2021-12-23;Viveros;2021;NA;21;30;19;5
2021-12-23;Avda. Francia;2021;42;29;21;22;3
2021-12-23;Moli del Sol;2021;33;26;23;17;4
2021-12-23;Politecnico;2021;23;19;33;13;3
2021-12-24;Politecnico;2021;16;13;28;16;3
2021-12-24;Avda. Francia;2021;28;20;18;23;4
2021-12-24;Moli del Sol;2021;23;17;20;18;4
2021-12-24;Viveros;2021;25;16;31;18;6
2021-12-24;Pista Silla;2021;17;13;26;12;3
2021-12-25;Moli del Sol;2021;5;3;8;59;4
2021-12-25;Avda. Francia;2021;7;4;8;49;3
2021-12-25;Politecnico;2021;3;3;6;53;3
2021-12-25;Pista Silla;2021;4;2;10;37;3
2021-12-25;Viveros;2021;NA;6;12;52;4
2021-12-26;Moli del Sol;2021;5;3;8;49;4
2021-12-26;Pista Silla;2021;4;2;8;34;3
2021-12-26;Viveros;2021;9;7;10;47;3
2021-12-26;Politecnico;2021;3;2;4;46;3
2021-12-26;Avda. Francia;2021;6;3;8;45;3
2021-12-27;Avda. Francia;2021;14;3;7;54;3
2021-12-27;Viveros;2021;NA;9;10;57;3
2021-12-27;Moli del Sol;2021;7;3;7;63;4
2021-12-27;Pista Silla;2021;8;2;9;41;3
2021-12-27;Politecnico;2021;6;3;4;57;4
2021-12-28;Avda. Francia;2021;20;4;7;57;3
2021-12-28;Pista Silla;2021;13;4;8;45;3
2021-12-28;Moli del Sol;2021;10;5;7;68;4
2021-12-28;Viveros;2021;20;12;10;62;4
2021-12-28;Politecnico;2021;8;3;3;61;4
2021-12-29;Politecnico;2021;8;5;19;38;3
2021-12-29;Avda. Francia;2021;22;7;13;38;4
2021-12-29;Moli del Sol;2021;10;7;18;40;4
2021-12-29;Pista Silla;2021;9;5;20;26;3
2021-12-29;Viveros;2021;NA;11;25;36;3
2021-12-30;Moli del Sol;2021;18;13;27;22;4
2021-12-30;Pista Silla;2021;16;11;35;13;3
2021-12-30;Viveros;2021;25;15;36;23;4
2021-12-30;Avda. Francia;2021;31;15;27;20;4
2021-12-30;Politecnico;2021;14;10;38;19;5
2021-12-31;Pista Silla;2021;26;20;46;8;4
2021-12-31;Politecnico;2021;20;16;28;12;6
2021-12-31;Avda. Francia;2021;39;25;25;17;4
2021-12-31;Moli del Sol;2021;31;24;26;13;4
2021-12-31;Viveros;2021;NA;23;32;18;4
2022-01-01;Moli del Sol;2022;45;35;18;23;4
2022-01-01;Avda. Francia;2022;51;43;17;31;3
2022-01-01;Pista Silla;2022;31;28;26;20;3
2022-01-01;Politecnico;2022;30;28;18;20;4
2022-01-01;Viveros;2022;38;29;23;29;3
2022-01-02;Politecnico;2022;27;25;26;14;3
2022-01-02;Avda. Francia;2022;47;38;19;23;3
2022-01-02;Moli del Sol;2022;39;31;21;16;5
2022-01-02;Pista Silla;2022;28;25;34;12;3
2022-01-02;Viveros;2022;36;26;27;21;3
2022-01-03;Pista Silla;2022;38;33;41;14;3
2022-01-03;Moli del Sol;2022;48;38;25;17;5
2022-01-03;Politecnico;2022;35;31;37;14;3
2022-01-03;Avda. Francia;2022;58;45;24;25;3
2022-01-03;Viveros;2022;45;31;32;22;3
2022-01-04;Avda. Francia;2022;33;8;13;43;3
2022-01-04;Moli del Sol;2022;21;13;14;45;4
2022-01-04;Politecnico;2022;13;6;15;40;3
2022-01-04;Pista Silla;2022;16;7;16;27;3
2022-01-04;Viveros;2022;27;19;18;42;3
2022-01-05;Moli del Sol;2022;8;5;10;63;3
2022-01-05;Politecnico;2022;12;5;16;53;3
2022-01-05;Viveros;2022;15;12;17;55;3
2022-01-05;Avda. Francia;2022;23;4;11;51;4
2022-01-05;Pista Silla;2022;10;3;19;33;3
2022-01-06;Viveros;2022;14;11;16;54;5
2022-01-06;Avda. Francia;2022;16;6;9;53;3
2022-01-06;Pista Silla;2022;9;5;20;33;3
2022-01-06;Politecnico;2022;8;5;16;50;3
2022-01-06;Moli del Sol;2022;9;7;13;56;3
2022-01-07;Moli del Sol;2022;11;7;13;52;4
2022-01-07;Pista Silla;2022;10;5;23;27;3
2022-01-07;Avda. Francia;2022;23;8;10;46;3
2022-01-07;Viveros;2022;15;13;19;49;4
2022-01-07;Politecnico;2022;10;5;14;48;3
2022-01-08;Politecnico;2022;7;4;9;49;3
2022-01-08;Pista Silla;2022;8;4;13;33;3
2022-01-08;Moli del Sol;2022;9;6;12;50;3
2022-01-08;Viveros;2022;13;10;17;47;3
2022-01-08;Avda. Francia;2022;15;5;7;49;3
2022-01-09;Politecnico;2022;8;4;2;53;3
2022-01-09;Viveros;2022;13;11;6;55;3
2022-01-09;Avda. Francia;2022;17;5;4;51;3
2022-01-09;Moli del Sol;2022;9;5;4;63;4
2022-01-09;Pista Silla;2022;12;4;6;37;3
2022-01-10;Avda. Francia;2022;14;4;11;43;5
2022-01-10;Moli del Sol;2022;7;4;11;51;4
2022-01-10;Viveros;2022;11;6;9;52;4
2022-01-10;Politecnico;2022;7;3;4;50;3
2022-01-10;Pista Silla;2022;11;4;18;27;3
2022-01-11;Pista Silla;2022;9;6;33;26;3
2022-01-11;Viveros;2022;12;6;23;44;4
2022-01-11;Moli del Sol;2022;11;8;20;47;4
2022-01-11;Avda. Francia;2022;14;9;14;48;4
2022-01-11;Politecnico;2022;8;6;22;48;3
2022-01-12;Moli del Sol;2022;11;8;21;37;4
2022-01-12;Pista Silla;2022;9;5;33;19;3
2022-01-12;Politecnico;2022;9;6;16;41;3
2022-01-12;Avda. Francia;2022;19;8;16;36;4
2022-01-12;Viveros;2022;44;6;17;44;5
2022-01-13;Avda. Francia;2022;20;11;16;43;3
2022-01-13;Politecnico;2022;11;8;20;39;3
2022-01-13;Moli del Sol;2022;14;11;22;38;4
2022-01-13;Viveros;2022;13;9;19;44;4
2022-01-13;Pista Silla;2022;12;9;32;33;3
2022-01-14;Pista Silla;2022;15;11;26;37;3
2022-01-14;Viveros;2022;19;NA;26;34;5
2022-01-14;Moli del Sol;2022;19;15;19;37;4
2022-01-14;Politecnico;2022;15;11;30;28;3
2022-01-14;Avda. Francia;2022;35;16;18;35;3
2022-01-15;Pista Silla;2022;15;12;26;33;3
2022-01-15;Politecnico;2022;12;11;24;38;3
2022-01-15;Viveros;2022;16;NA;21;44;4
2022-01-15;Moli del Sol;2022;16;12;16;47;3
2022-01-15;Avda. Francia;2022;25;16;16;41;3
2022-01-16;Pista Silla;2022;14;12;27;33;3
2022-01-16;Politecnico;2022;12;11;17;43;3
2022-01-16;Viveros;2022;16;NA;18;46;3
2022-01-16;Moli del Sol;2022;19;15;16;44;4
2022-01-16;Avda. Francia;2022;25;16;15;41;3
2022-01-17;Pista Silla;2022;21;15;46;22;4
2022-01-17;Moli del Sol;2022;23;18;28;36;4
2022-01-17;Avda. Francia;2022;51;19;25;32;3
2022-01-17;Politecnico;2022;19;13;43;30;4
2022-01-17;Viveros;2022;29;NA;34;33;3
2022-01-18;Viveros;2022;32;20;33;35;3
2022-01-18;Moli del Sol;2022;31;24;34;29;5
2022-01-18;Politecnico;2022;21;15;40;33;5
2022-01-18;Pista Silla;2022;24;18;46;24;4
2022-01-18;Avda. Francia;2022;45;23;25;35;3
2022-01-19;Viveros;2022;36;21;34;34;3
2022-01-19;Pista Silla;2022;23;16;45;25;3
2022-01-19;Politecnico;2022;23;16;50;28;3
2022-01-19;Avda. Francia;2022;49;22;30;32;3
2022-01-19;Moli del Sol;2022;26;20;28;37;3
2022-01-20;Avda. Francia;2022;52;26;29;28;3
2022-01-20;Politecnico;2022;21;17;43;26;3
2022-01-20;Viveros;2022;32;20;26;28;3
2022-01-20;Moli del Sol;2022;30;23;30;30;5
2022-01-20;Pista Silla;2022;29;22;49;19;3
2022-01-21;Viveros;2022;23;13;NA;39;3
2022-01-21;Avda. Francia;2022;36;16;20;34;3
2022-01-21;Politecnico;2022;12;9;19;39;3
2022-01-21;Pista Silla;2022;18;13;38;22;NA
2022-01-21;Moli del Sol;2022;17;13;22;35;5
2022-01-22;Moli del Sol;2022;23;18;20;34;5
2022-01-22;Avda. Francia;2022;25;13;16;44;3
2022-01-22;Pista Silla;2022;14;11;30;30;NA
2022-01-22;Politecnico;2022;11;10;17;41;3
2022-01-22;Viveros;2022;23;14;20;42;3
2022-01-23;Moli del Sol;2022;23;18;13;46;4
2022-01-23;Avda. Francia;2022;26;20;13;42;3
2022-01-23;Politecnico;2022;14;13;13;35;4
2022-01-23;Viveros;2022;20;14;15;42;3
2022-01-23;Pista Silla;2022;16;14;16;38;NA
2022-01-24;Pista Silla;2022;12;11;21;40;NA
2022-01-24;Moli del Sol;2022;17;14;17;43;5
2022-01-24;Politecnico;2022;NA;NA;NA;NA;NA
2022-01-24;Avda. Francia;2022;20;15;15;45;3
2022-01-24;Viveros;2022;NA;10;17;46;3
2022-01-25;Pista Silla;2022;10;8;21;50;NA
2022-01-25;Avda. Francia;2022;17;11;12;57;3
2022-01-25;Politecnico;2022;NA;NA;NA;NA;NA
2022-01-25;Moli del Sol;2022;16;13;21;49;4
2022-01-25;Viveros;2022;10;7;13;58;3
2022-01-26;Moli del Sol;2022;20;16;24;36;4
2022-01-26;Avda. Francia;2022;26;16;20;41;3
2022-01-26;Politecnico;2022;13;11;35;33;3
2022-01-26;Pista Silla;2022;16;13;38;25;NA
2022-01-26;Viveros;2022;18;13;30;33;4
2022-01-27;Pista Silla;2022;23;13;48;15;5
2022-01-27;Viveros;2022;22;15;35;26;3
2022-01-27;Politecnico;2022;17;12;49;19;3
2022-01-27;Moli del Sol;2022;18;13;33;27;5
2022-01-27;Avda. Francia;2022;45;19;32;21;3
2022-01-28;Avda. Francia;2022;62;16;29;27;3
2022-01-28;Moli del Sol;2022;15;11;31;34;4
2022-01-28;Viveros;2022;22;14;37;30;3
2022-01-28;Politecnico;2022;18;10;57;22;3
2022-01-28;Pista Silla;2022;20;11;49;17;3
2022-01-29;Avda. Francia;2022;36;17;25;31;3
2022-01-29;Viveros;2022;21;16;29;36;3
2022-01-29;Politecnico;2022;15;11;35;33;3
2022-01-29;Pista Silla;2022;18;12;44;18;3
2022-01-29;Moli del Sol;2022;19;15;28;35;4
2022-01-30;Pista Silla;2022;20;15;41;21;3
2022-01-30;Politecnico;2022;15;12;39;31;4
2022-01-30;Avda. Francia;2022;36;22;24;32;3
2022-01-30;Moli del Sol;2022;25;19;27;29;3
2022-01-30;Viveros;2022;24;19;29;35;3
2022-01-31;Pista Silla;2022;19;8;34;25;3
2022-01-31;Moli del Sol;2022;19;11;27;38;3
2022-01-31;Viveros;2022;NA;17;27;37;3
2022-01-31;Politecnico;2022;15;7;35;36;3
2022-01-31;Avda. Francia;2022;38;11;22;37;3
2022-02-01;Viveros;2022;24;12;28;45;3
2022-02-01;Avda. Francia;2022;34;10;25;42;4
2022-02-01;Pista Silla;2022;15;8;40;30;4
2022-02-01;Politecnico;2022;16;7;53;35;3
2022-02-01;Moli del Sol;2022;13;9;28;46;3
2022-02-02;Avda. Francia;2022;49;17;32;27;4
2022-02-02;Moli del Sol;2022;20;15;37;23;3
2022-02-02;Pista Silla;2022;20;12;49;14;4
2022-02-02;Viveros;2022;32;20;35;25;3
2022-02-02;Politecnico;2022;16;11;45;26;5
2022-02-03;Pista Silla;2022;27;19;48;17;4
2022-02-03;Politecnico;2022;21;15;48;19;4
2022-02-03;Viveros;2022;35;26;35;20;3
2022-02-03;Avda. Francia;2022;60;28;32;24;4
2022-02-03;Moli del Sol;2022;32;24;35;20;4
2022-02-04;Pista Silla;2022;34;29;43;25;4
2022-02-04;Viveros;2022;44;30;25;31;3
2022-02-04;Avda. Francia;2022;57;40;23;32;4
2022-02-04;Moli del Sol;2022;46;36;36;28;3
2022-02-04;Politecnico;2022;30;27;32;29;3
2022-02-05;Moli del Sol;2022;38;30;37;25;3
2022-02-05;Viveros;2022;37;25;30;20;3
2022-02-05;Politecnico;2022;27;25;36;23;3
2022-02-05;Avda. Francia;2022;58;39;30;18;4
2022-02-05;Pista Silla;2022;28;25;40;19;3
2022-02-06;Avda. Francia;2022;29;20;18;29;3
2022-02-06;Moli del Sol;2022;23;18;29;34;3
2022-02-06;Politecnico;2022;15;14;17;35;3
2022-02-06;Viveros;2022;18;15;16;34;3
2022-02-06;Pista Silla;2022;16;14;23;28;3
2022-02-07;Politecnico;2022;16;12;38;28;3
2022-02-07;Moli del Sol;2022;23;17;39;30;3
2022-02-07;Pista Silla;2022;20;15;38;22;4
2022-02-07;Avda. Francia;2022;40;21;23;26;3
2022-02-07;Viveros;2022;24;16;25;28;3
2022-02-08;Moli del Sol;2022;21;16;42;28;3
2022-02-08;Politecnico;2022;15;11;32;34;3
2022-02-08;Pista Silla;2022;17;12;38;24;3
2022-02-08;Viveros;2022;23;15;27;35;3
2022-02-08;Avda. Francia;2022;35;17;22;30;3
2022-02-09;Moli del Sol;2022;20;16;36;44;3
2022-02-09;Pista Silla;2022;16;13;35;29;3
2022-02-09;Politecnico;2022;16;12;21;45;3
2022-02-09;Viveros;2022;21;13;28;39;3
2022-02-09;Avda. Francia;2022;31;18;19;37;4
2022-02-10;Avda. Francia;2022;34;18;21;35;3
2022-02-10;Moli del Sol;2022;20;15;26;47;3
2022-02-10;Politecnico;2022;15;11;31;43;3
2022-02-10;Pista Silla;2022;17;13;38;27;3
2022-02-10;Viveros;2022;23;13;33;37;3
2022-02-11;Avda. Francia;2022;54;27;27;25;4
2022-02-11;Moli del Sol;2022;29;22;26;36;3
2022-02-11;Politecnico;2022;20;16;42;29;3
2022-02-11;Pista Silla;2022;27;20;47;22;4
2022-02-11;Viveros;2022;29;20;37;31;3
2022-02-12;Pista Silla;2022;23;18;33;32;3
2022-02-12;Politecnico;2022;18;16;34;40;3
2022-02-12;Moli del Sol;2022;26;20;19;49;3
2022-02-12;Viveros;2022;28;18;30;41;3
2022-02-12;Avda. Francia;2022;44;27;23;32;3
2022-02-13;Avda. Francia;2022;44;25;20;32;4
2022-02-13;Moli del Sol;2022;27;21;17;39;3
2022-02-13;Viveros;2022;28;19;29;34;3
2022-02-13;Politecnico;2022;19;16;26;39;3
2022-02-13;Pista Silla;2022;22;18;27;30;3
2022-02-14;Avda. Francia;2022;22;7;11;46;4
2022-02-14;Moli del Sol;2022;8;5;8;65;3
2022-02-14;Viveros;2022;26;9;18;50;3
2022-02-14;Pista Silla;2022;8;5;16;38;3
2022-02-14;Politecnico;2022;6;4;8;60;3
2022-02-15;Moli del Sol;2022;6;3;10;57;3
2022-02-15;Avda. Francia;2022;16;4;11;42;4
2022-02-15;Viveros;2022;15;8;19;47;4
2022-02-15;Politecnico;2022;5;2;10;56;3
2022-02-15;Pista Silla;2022;7;3;19;34;4
2022-02-16;Pista Silla;2022;10;4;17;33;4
2022-02-16;Avda. Francia;2022;24;6;12;39;4
2022-02-16;Moli del Sol;2022;9;5;11;55;3
2022-02-16;Politecnico;2022;8;4;14;49;3
2022-02-16;Viveros;2022;18;13;22;41;3
2022-02-17;Viveros;2022;23;15;28;37;3
2022-02-17;Politecnico;2022;9;6;24;41;3
2022-02-17;Avda. Francia;2022;29;8;18;33;4
2022-02-17;Pista Silla;2022;10;5;27;28;3
2022-02-17;Moli del Sol;2022;10;7;15;48;3
2022-02-18;Avda. Francia;2022;37;19;28;35;4
2022-02-18;Pista Silla;2022;21;14;41;26;5
2022-02-18;Politecnico;2022;16;11;33;39;4
2022-02-18;Viveros;2022;36;22;33;36;3
2022-02-18;Moli del Sol;2022;23;17;26;37;3
2022-02-19;Avda. Francia;2022;26;12;11;51;5
2022-02-19;Viveros;2022;23;11;13;54;3
2022-02-19;Moli del Sol;2022;16;12;9;62;3
2022-02-19;Politecnico;2022;9;7;6;59;4
2022-02-19;Pista Silla;2022;12;9;20;36;3
2022-02-20;Pista Silla;2022;7;5;18;33;3
2022-02-20;Moli del Sol;2022;NA;NA;NA;NA;NA
2022-02-20;Politecnico;2022;6;5;15;47;3
2022-02-20;Viveros;2022;NA;10;16;45;4
2022-02-20;Avda. Francia;2022;14;8;13;41;5
2022-02-21;Avda. Francia;2022;40;8;18;35;4
2022-02-21;Viveros;2022;19;14;21;49;4
2022-02-21;Politecnico;2022;10;5;16;47;3
2022-02-21;Moli del Sol;2022;9;5;9;64;3
2022-02-21;Pista Silla;2022;13;6;20;30;4
2022-02-22;Avda. Francia;2022;46;12;30;28;5
2022-02-22;Politecnico;2022;11;6;37;38;3
2022-02-22;Viveros;2022;33;16;34;42;4
2022-02-22;Pista Silla;2022;15;8;40;21;7
2022-02-22;Moli del Sol;2022;13;9;22;42;3
2022-02-23;Avda. Francia;2022;39;15;28;29;5
2022-02-23;Politecnico;2022;11;8;26;36;3
2022-02-23;Moli del Sol;2022;16;12;20;44;3
2022-02-23;Pista Silla;2022;16;10;34;24;3
2022-02-23;Viveros;2022;29;14;27;46;4
2022-02-24;Politecnico;2022;10;8;22;44;5
2022-02-24;Moli del Sol;2022;15;11;21;43;3
2022-02-24;Pista Silla;2022;14;9;31;29;3
2022-02-24;Viveros;2022;29;14;25;52;3
2022-02-24;Avda. Francia;2022;33;13;22;40;5
2022-02-25;Moli del Sol;2022;16;13;18;39;3
2022-02-25;Pista Silla;2022;11;9;28;30;3
2022-02-25;Avda. Francia;2022;20;13;18;38;4
2022-02-25;Politecnico;2022;9;8;15;42;4
2022-02-25;Viveros;2022;20;10;21;50;3
2022-02-26;Politecnico;2022;6;6;10;48;4
2022-02-26;Viveros;2022;24;10;17;50;3
2022-02-26;Moli del Sol;2022;11;8;12;48;3
2022-02-26;Pista Silla;2022;9;7;25;27;3
2022-02-26;Avda. Francia;2022;19;10;14;41;3
2022-02-27;Politecnico;2022;6;5;12;51;5
2022-02-27;Pista Silla;2022;10;7;21;31;3
2022-02-27;Avda. Francia;2022;31;10;12;47;3
2022-02-27;Moli del Sol;2022;11;8;10;50;3
2022-02-27;Viveros;2022;23;9;18;54;4
2022-02-28;Moli del Sol;2022;16;12;20;44;3
2022-02-28;Politecnico;2022;8;7;27;45;4
2022-02-28;Avda. Francia;2022;32;14;26;36;3
2022-02-28;Viveros;2022;34;17;33;45;3
2022-02-28;Pista Silla;2022;13;9;40;24;4
2022-03-01;Viveros;2022;36;20;29;47;4
2022-03-01;Moli del Sol;2022;17;13;19;46;3
2022-03-01;Avda. Francia;2022;43;17;25;34;3
2022-03-01;Pista Silla;2022;16;12;33;NA;4
2022-03-01;Politecnico;2022;12;10;24;42;3
2022-03-02;Politecnico;2022;18;13;26;43;3
2022-03-02;Pista Silla;2022;23;16;30;NA;4
2022-03-02;Avda. Francia;2022;51;24;25;38;3
2022-03-02;Viveros;2022;46;29;32;47;3
2022-03-02;Moli del Sol;2022;26;18;18;47;3
2022-03-03;Viveros;2022;27;17;26;49;3
2022-03-03;Politecnico;2022;15;13;16;46;4
2022-03-03;Moli del Sol;2022;23;17;18;47;3
2022-03-03;Pista Silla;2022;18;15;32;NA;4
2022-03-03;Avda. Francia;2022;37;21;23;36;3
2022-03-04;Politecnico;2022;8;7;16;53;3
2022-03-04;Avda. Francia;2022;21;10;18;42;3
2022-03-04;Moli del Sol;2022;12;9;13;57;3
2022-03-04;Pista Silla;2022;11;8;27;NA;3
2022-03-04;Viveros;2022;16;10;21;56;3
2022-03-05;Moli del Sol;2022;8;5;13;52;3
2022-03-05;Avda. Francia;2022;13;5;14;38;3
2022-03-05;Politecnico;2022;5;3;8;55;3
2022-03-05;Viveros;2022;15;6;16;55;3
2022-03-05;Pista Silla;2022;8;5;22;NA;3
2022-03-06;Politecnico;2022;5;4;1;62;3
2022-03-06;Viveros;2022;12;5;8;67;4
2022-03-06;Pista Silla;2022;5;4;6;NA;3
2022-03-06;Avda. Francia;2022;10;5;6;52;3
2022-03-06;Moli del Sol;2022;6;4;3;70;3
2022-03-07;Avda. Francia;2022;12;9;19;35;3
2022-03-07;Pista Silla;2022;7;6;25;NA;3
2022-03-07;Viveros;2022;9;6;23;50;4
2022-03-07;Moli del Sol;2022;9;7;12;57;3
2022-03-07;Politecnico;2022;6;6;15;47;3
2022-03-08;Avda. Francia;2022;25;13;25;23;3
2022-03-08;Moli del Sol;2022;14;11;NA;44;3
2022-03-08;Politecnico;2022;11;9;27;33;3
2022-03-08;Pista Silla;2022;14;10;31;NA;3
2022-03-08;Viveros;2022;14;12;31;32;3
2022-03-09;Viveros;2022;19;15;22;46;3
2022-03-09;Pista Silla;2022;14;11;31;NA;3
2022-03-09;Politecnico;2022;11;9;14;44;3
2022-03-09;Avda. Francia;2022;22;13;18;36;3
2022-03-09;Moli del Sol;2022;18;14;NA;43;3
2022-03-10;Viveros;2022;22;14;23;56;3
2022-03-10;Pista Silla;2022;15;12;29;NA;3
2022-03-10;Avda. Francia;2022;27;15;19;47;3
2022-03-10;Moli del Sol;2022;17;13;NA;60;3
2022-03-10;Politecnico;2022;11;9;14;58;3
2022-03-11;Moli del Sol;2022;25;19;34;45;3
2022-03-11;Viveros;2022;28;18;33;45;3
2022-03-11;Pista Silla;2022;22;18;39;NA;3
2022-03-11;Politecnico;2022;15;14;31;46;3
2022-03-11;Avda. Francia;2022;32;20;23;43;3
2022-03-12;Moli del Sol;2022;10;7;13;64;3
2022-03-12;Avda. Francia;2022;10;5;10;49;3
2022-03-12;Politecnico;2022;5;4;6;62;3
2022-03-12;Pista Silla;2022;11;8;18;NA;4
2022-03-12;Viveros;2022;26;13;14;62;3
2022-03-13;Moli del Sol;2022;12;9;16;55;4
2022-03-13;Viveros;2022;23;17;19;52;3
2022-03-13;Avda. Francia;2022;14;8;11;46;3
2022-03-13;Politecnico;2022;8;6;14;50;4
2022-03-13;Pista Silla;2022;14;12;19;NA;4
2022-03-14;Moli del Sol;2022;13;9;10;84;5
2022-03-14;Viveros;2022;28;10;5;85;3
2022-03-14;Politecnico;2022;8;7;2;77;3
2022-03-14;Pista Silla;2022;10;9;5;NA;3
2022-03-14;Avda. Francia;2022;20;12;5;69;3
2022-03-15;Viveros;2022;50;13;3;90;3
2022-03-15;Moli del Sol;2022;21;15;5;91;3
2022-03-15;Avda. Francia;2022;29;19;3;72;3
2022-03-15;Pista Silla;2022;16;14;3;NA;4
2022-03-15;Politecnico;2022;11;10;1;82;3
2022-03-16;Pista Silla;2022;12;11;5;85;3
2022-03-16;Moli del Sol;2022;14;11;9;83;4
2022-03-16;Viveros;2022;30;9;7;82;3
2022-03-16;Avda. Francia;2022;20;13;4;69;3
2022-03-16;Politecnico;2022;8;7;1;80;4
2022-03-17;Avda. Francia;2022;19;13;3;62;4
2022-03-17;Pista Silla;2022;13;11;5;78;3
2022-03-17;Politecnico;2022;8;7;1;72;4
2022-03-17;Viveros;2022;23;8;6;75;3
2022-03-17;Moli del Sol;2022;13;10;6;82;4
2022-03-18;Moli del Sol;2022;18;13;7;74;4
2022-03-18;Politecnico;2022;12;10;2;62;3
2022-03-18;Avda. Francia;2022;35;17;6;52;4
2022-03-18;Pista Silla;2022;20;17;6;68;3
2022-03-18;Viveros;2022;30;12;7;67;3
2022-03-19;Avda. Francia;2022;45;29;6;64;4
2022-03-19;Politecnico;2022;15;14;1;73;3
2022-03-19;Viveros;2022;34;17;8;77;3
2022-03-19;Moli del Sol;2022;25;20;8;81;4
2022-03-19;Pista Silla;2022;40;37;9;82;4
2022-03-20;Moli del Sol;2022;16;13;7;86;4
2022-03-20;Politecnico;2022;10;9;1;79;3
2022-03-20;Viveros;2022;31;9;5;83;3
2022-03-20;Avda. Francia;2022;23;15;5;67;4
2022-03-20;Pista Silla;2022;15;13;7;78;3
2022-03-21;Pista Silla;2022;8;6;16;71;3
2022-03-21;Viveros;2022;NA;5;6;87;3
2022-03-21;Avda. Francia;2022;11;8;6;66;4
2022-03-21;Politecnico;2022;6;5;1;84;3
2022-03-21;Moli del Sol;2022;8;5;NA;NA;NA
2022-03-22;Moli del Sol;2022;17;13;13;NA;5
2022-03-22;Avda. Francia;2022;20;10;4;77;4
2022-03-22;Politecnico;2022;8;7;1;91;3
2022-03-22;Viveros;2022;26;7;5;97;3
2022-03-22;Pista Silla;2022;10;8;12;85;3
2022-03-23;Avda. Francia;2022;17;9;2;83;4
2022-03-23;Viveros;2022;21;6;5;100;4
2022-03-23;Pista Silla;2022;9;7;9;94;3
2022-03-23;Politecnico;2022;7;7;5;93;3
2022-03-23;Moli del Sol;2022;13;11;11;101;5
2022-03-24;Pista Silla;2022;9;8;10;87;3
2022-03-24;Viveros;2022;12;5;11;90;4
2022-03-24;Politecnico;2022;11;11;6;81;3
2022-03-24;Avda. Francia;2022;13;10;6;70;4
2022-03-24;Moli del Sol;2022;11;9;11;101;5
2022-03-25;Pista Silla;2022;15;14;7;98;3
2022-03-25;Moli del Sol;2022;23;18;10;103;5
2022-03-25;Politecnico;2022;19;18;6;92;4
2022-03-25;Avda. Francia;2022;24;17;3;95;4
2022-03-25;Viveros;2022;25;11;9;96;4
2022-03-26;Moli del Sol;2022;18;14;5;111;4
2022-03-26;Viveros;2022;21;10;5;101;4
2022-03-26;Avda. Francia;2022;27;16;3;97;4
2022-03-26;Politecnico;2022;18;16;6;92;3
2022-03-26;Pista Silla;2022;12;11;5;98;3
2022-03-27;Pista Silla;2022;16;13;12;84;3
2022-03-27;Moli del Sol;2022;22;16;13;86;5
2022-03-27;Politecnico;2022;18;16;8;84;3
2022-03-27;Avda. Francia;2022;46;16;5;91;4
2022-03-27;Viveros;2022;35;13;7;93;3
2022-03-28;Pista Silla;2022;22;17;22;60;4
2022-03-28;Politecnico;2022;23;20;17;66;3
2022-03-28;Moli del Sol;2022;24;19;23;65;7
2022-03-28;Viveros;2022;38;16;19;67;4
2022-03-28;Avda. Francia;2022;40;19;13;70;4
2022-03-29;Moli del Sol;2022;27;20;26;58;7
2022-03-29;Politecnico;2022;29;23;18;57;3
2022-03-29;Viveros;2022;46;18;19;61;3
2022-03-29;Avda. Francia;2022;42;22;13;64;4
2022-03-29;Pista Silla;2022;28;19;21;55;4
2022-03-30;Avda. Francia;2022;44;18;13;59;4
2022-03-30;Politecnico;2022;25;19;27;49;4
2022-03-30;Moli del Sol;2022;24;18;23;60;7
2022-03-30;Pista Silla;2022;25;17;26;47;4
2022-03-30;Viveros;2022;48;15;22;56;4
2022-03-31;Pista Silla;2022;7;4;16;50;3
2022-03-31;Viveros;2022;15;7;16;61;4
2022-03-31;Politecnico;2022;9;6;14;63;3
2022-03-31;Avda. Francia;2022;13;5;9;60;4
2022-03-31;Moli del Sol;2022;8;6;14;67;5
2022-04-01;Politecnico;2022;7;4;6;77;3
2022-04-01;Avda. Francia;2022;10;4;3;74;4
2022-04-01;Moli del Sol;2022;5;4;7;79;4
2022-04-01;Pista Silla;2022;6;3;10;57;3
2022-04-01;Viveros;2022;11;5;7;76;3
2022-04-02;Politecnico;2022;5;3;6;81;4
2022-04-02;Avda. Francia;2022;6;2;2;79;4
2022-04-02;Pista Silla;2022;3;2;7;65;3
2022-04-02;Moli del Sol;2022;4;2;8;80;4
2022-04-02;Viveros;2022;9;4;7;80;5
2022-04-03;Politecnico;2022;4;3;7;80;3
2022-04-03;Pista Silla;2022;3;2;9;68;3
2022-04-03;Viveros;2022;12;6;7;83;3
2022-04-03;Moli del Sol;2022;4;3;7;86;4
2022-04-03;Avda. Francia;2022;9;3;3;81;4
2022-04-04;Moli del Sol;2022;9;7;11;89;5
2022-04-04;Viveros;2022;15;10;6;84;3
2022-04-04;Pista Silla;2022;7;5;8;73;3
2022-04-04;Politecnico;2022;10;8;7;76;3
2022-04-04;Avda. Francia;2022;28;9;3;81;4
2022-04-05;Politecnico;2022;10;9;9;80;3
2022-04-05;Viveros;2022;16;8;10;87;3
2022-04-05;Pista Silla;2022;8;6;12;77;3
2022-04-05;Avda. Francia;2022;30;9;5;86;4
2022-04-05;Moli del Sol;2022;10;7;14;94;5
2022-04-06;Viveros;2022;14;10;17;67;3
2022-04-06;Politecnico;2022;9;7;17;63;3
2022-04-06;Avda. Francia;2022;14;7;9;67;4
2022-04-06;Moli del Sol;2022;9;6;16;76;6
2022-04-06;Pista Silla;2022;7;5;15;60;3
2022-04-07;Moli del Sol;2022;10;6;12;75;5
2022-04-07;Pista Silla;2022;9;5;8;59;3
2022-04-07;Politecnico;2022;9;6;9;63;3
2022-04-07;Avda. Francia;2022;18;6;7;66;3
2022-04-07;Viveros;2022;14;14;11;66;3
2022-04-08;Moli del Sol;2022;8;5;8;71;4
2022-04-08;Politecnico;2022;8;5;10;55;3
2022-04-08;Avda. Francia;2022;19;4;8;55;3
2022-04-08;Pista Silla;2022;11;4;10;46;3
2022-04-08;Viveros;2022;14;12;13;55;3
2022-04-09;Viveros;2022;13;7;7;65;3
2022-04-09;Politecnico;2022;7;6;6;63;3
2022-04-09;Moli del Sol;2022;7;5;8;73;3
2022-04-09;Avda. Francia;2022;14;4;7;61;3
2022-04-09;Pista Silla;2022;9;4;6;57;3
2022-04-10;Pista Silla;2022;12;8;11;57;3
2022-04-10;Viveros;2022;24;9;10;65;3
2022-04-10;Avda. Francia;2022;16;8;6;69;3
2022-04-10;Politecnico;2022;8;7;8;61;3
2022-04-10;Moli del Sol;2022;11;8;13;69;3
2022-04-11;Politecnico;2022;12;11;10;61;3
2022-04-11;Viveros;2022;25;8;9;67;3
2022-04-11;Avda. Francia;2022;18;10;6;70;3
2022-04-11;Moli del Sol;2022;12;9;17;64;3
2022-04-11;Pista Silla;2022;13;9;12;61;3
2022-04-12;Pista Silla;2022;16;12;19;58;4
2022-04-12;Avda. Francia;2022;18;12;10;69;3
2022-04-12;Politecnico;2022;NA;NA;15;63;3
2022-04-12;Viveros;2022;30;9;16;63;3
2022-04-12;Moli del Sol;2022;15;12;26;61;3
2022-04-13;Viveros;2022;15;6;12;62;3
2022-04-13;Avda. Francia;2022;14;10;10;62;3
2022-04-13;Pista Silla;2022;11;9;14;58;3
2022-04-13;Moli del Sol;2022;12;9;17;64;3
2022-04-13;Politecnico;2022;NA;NA;10;58;3
2022-04-14;Avda. Francia;2022;22;8;6;82;3
2022-04-14;Politecnico;2022;NA;NA;8;80;4
2022-04-14;Moli del Sol;2022;9;7;10;91;3
2022-04-14;Viveros;2022;20;10;10;83;3
2022-04-14;Pista Silla;2022;10;6;10;72;3
2022-04-15;Politecnico;2022;NA;NA;16;71;3
2022-04-15;Pista Silla;2022;12;7;14;65;3
2022-04-15;Moli del Sol;2022;12;8;14;82;NA
2022-04-15;Avda. Francia;2022;22;8;9;77;3
2022-04-15;Viveros;2022;21;14;16;73;3
2022-04-16;Moli del Sol;2022;19;14;21;68;NA
2022-04-16;Politecnico;2022;NA;NA;17;61;4
2022-04-16;Pista Silla;2022;19;12;20;54;3
2022-04-16;Viveros;2022;29;18;20;62;3
2022-04-16;Avda. Francia;2022;32;13;16;63;3
2022-04-17;Avda. Francia;2022;24;11;10;72;3
2022-04-17;Politecnico;2022;NA;NA;17;65;3
2022-04-17;Viveros;2022;23;14;13;72;3
2022-04-17;Moli del Sol;2022;16;12;13;75;NA
2022-04-17;Pista Silla;2022;15;9;12;64;3
2022-04-18;Avda. Francia;2022;27;17;8;81;3
2022-04-18;Viveros;2022;22;15;8;85;3
2022-04-18;Pista Silla;2022;17;14;9;78;3
2022-04-18;Moli del Sol;2022;20;16;11;82;NA
2022-04-18;Politecnico;2022;NA;NA;10;74;3
2022-04-19;Avda. Francia;2022;16;11;6;90;3
2022-04-19;Moli del Sol;2022;18;14;13;94;NA
2022-04-19;Pista Silla;2022;13;11;8;80;3
2022-04-19;Politecnico;2022;NA;NA;7;84;4
2022-04-19;Viveros;2022;15;9;7;NA;3
2022-04-20;Avda. Francia;2022;10;8;11;57;4
2022-04-20;Viveros;2022;10;6;18;NA;3
2022-04-20;Moli del Sol;2022;NA;NA;NA;NA;NA
2022-04-20;Politecnico;2022;NA;NA;NA;NA;NA
2022-04-20;Pista Silla;2022;9;7;17;48;3
2022-04-21;Pista Silla;2022;6;3;27;45;3
2022-04-21;Avda. Francia;2022;9;3;14;58;4
2022-04-21;Viveros;2022;12;7;22;NA;3
2022-04-21;Moli del Sol;2022;4;3;21;70;NA
2022-04-21;Politecnico;2022;NA;NA;NA;NA;NA
2022-04-22;Politecnico;2022;NA;NA;19;50;3
2022-04-22;Viveros;2022;20;13;22;51;4
2022-04-22;Pista Silla;2022;12;7;23;38;3
2022-04-22;Avda. Francia;2022;21;7;12;52;3
2022-04-22;Moli del Sol;2022;10;8;22;59;NA
2022-04-23;Politecnico;2022;NA;NA;2;75;3
2022-04-23;Pista Silla;2022;5;1;3;63;3
2022-04-23;Viveros;2022;6;6;4;77;3
2022-04-23;Moli del Sol;2022;3;2;3;87;NA
2022-04-23;Avda. Francia;2022;6;2;2;75;3
2022-04-24;Pista Silla;2022;4;2;7;61;3
2022-04-24;Moli del Sol;2022;3;2;6;85;NA
2022-04-24;Avda. Francia;2022;7;3;3;76;3
2022-04-24;Politecnico;2022;NA;NA;4;73;3
2022-04-24;Viveros;2022;9;8;8;74;5
2022-04-25;Viveros;2022;15;10;11;69;4
2022-04-25;Politecnico;2022;NA;NA;7;62;3
2022-04-25;Moli del Sol;2022;8;6;14;73;NA
2022-04-25;Pista Silla;2022;8;6;13;57;4
2022-04-25;Avda. Francia;2022;12;6;8;69;3
2022-04-26;Politecnico;2022;NA;NA;13;62;3
2022-04-26;Viveros;2022;13;9;15;65;5
2022-04-26;Moli del Sol;2022;8;6;22;66;NA
2022-04-26;Avda. Francia;2022;12;5;9;68;3
2022-04-26;Pista Silla;2022;10;6;25;46;6
2022-04-27;Pista Silla;2022;22;14;39;26;4
2022-04-27;Avda. Francia;2022;30;13;28;35;3
2022-04-27;Moli del Sol;2022;18;14;37;36;NA
2022-04-27;Viveros;2022;26;18;35;32;4
2022-04-27;Politecnico;2022;NA;NA;32;32;3
2022-04-28;Politecnico;2022;NA;NA;14;53;3
2022-04-28;Avda. Francia;2022;23;16;16;56;3
2022-04-28;Moli del Sol;2022;23;18;25;53;NA
2022-04-28;Pista Silla;2022;18;15;21;43;3
2022-04-28;Viveros;2022;18;12;21;49;3
2022-04-29;Politecnico;2022;NA;NA;20;57;4
2022-04-29;Pista Silla;2022;15;10;25;49;3
2022-04-29;Avda. Francia;2022;26;10;15;64;3
2022-04-29;Moli del Sol;2022;15;11;22;65;NA
2022-04-29;Viveros;2022;26;15;18;66;5
2022-04-30;Politecnico;2022;NA;NA;9;70;3
2022-04-30;Viveros;2022;24;16;20;64;4
2022-04-30;Avda. Francia;2022;35;14;17;66;3
2022-04-30;Moli del Sol;2022;17;13;19;70;NA
2022-04-30;Pista Silla;2022;19;13;27;48;3
2022-05-01;Viveros;2022;26;16;12;66;3
2022-05-01;Pista Silla;2022;18;14;16;53;3
2022-05-01;Moli del Sol;2022;17;13;14;67;NA
2022-05-01;Politecnico;2022;NA;NA;5;67;3
2022-05-01;Avda. Francia;2022;29;17;12;72;3
2022-05-02;Avda. Francia;2022;26;16;9;86;4
2022-05-02;Politecnico;2022;NA;NA;7;72;4
2022-05-02;Viveros;2022;22;14;10;68;3
2022-05-02;Moli del Sol;2022;20;16;17;75;NA
2022-05-02;Pista Silla;2022;19;15;18;64;3
2022-05-03;Moli del Sol;2022;NA;NA;NA;NA;NA
2022-05-03;Politecnico;2022;NA;NA;7;73;4
2022-05-03;Avda. Francia;2022;11;8;11;73;8
2022-05-03;Pista Silla;2022;7;6;18;59;3
2022-05-03;Viveros;2022;12;NA;15;66;3
2022-05-04;Moli del Sol;2022;18;14;18;84;6
2022-05-04;Viveros;2022;19;NA;13;67;3
2022-05-04;Pista Silla;2022;14;11;19;56;5
2022-05-04;Avda. Francia;2022;22;13;7;80;7
2022-05-04;Politecnico;2022;NA;NA;NA;NA;NA
2022-05-05;Politecnico;2022;11;10;13;56;3
2022-05-05;Avda. Francia;2022;24;10;14;55;6
2022-05-05;Pista Silla;2022;11;9;20;39;5
2022-05-05;Viveros;2022;13;NA;17;48;4
2022-05-05;Moli del Sol;2022;13;10;18;59;6
2022-05-06;Avda. Francia;2022;29;10;20;48;6
2022-05-06;Viveros;2022;20;NA;30;37;4
2022-05-06;Moli del Sol;2022;14;10;27;55;7
2022-05-06;Pista Silla;2022;15;9;30;31;5
2022-05-06;Politecnico;2022;11;10;24;47;5
2022-05-07;Politecnico;2022;10;9;20;52;4
2022-05-07;Moli del Sol;2022;11;8;15;70;5
2022-05-07;Avda. Francia;2022;25;10;13;57;6
2022-05-07;Pista Silla;2022;12;8;16;45;5
2022-05-07;Viveros;2022;25;NA;15;53;4
2022-05-08;Avda. Francia;2022;23;10;8;78;5
2022-05-08;Politecnico;2022;11;10;5;71;3
2022-05-08;Viveros;2022;20;NA;10;70;5
2022-05-08;Moli del Sol;2022;12;9;12;88;5
2022-05-08;Pista Silla;2022;11;7;11;61;5
2022-05-09;Pista Silla;2022;14;10;22;55;4
2022-05-09;Moli del Sol;2022;16;12;22;71;6
2022-05-09;Avda. Francia;2022;29;13;11;82;5
2022-05-09;Viveros;2022;22;14;17;64;4
2022-05-09;Politecnico;2022;14;13;10;67;3
2022-05-10;Pista Silla;2022;15;9;26;51;4
2022-05-10;Viveros;2022;22;13;22;61;3
2022-05-10;Moli del Sol;2022;15;11;22;76;6
2022-05-10;Politecnico;2022;11;10;17;65;3
2022-05-10;Avda. Francia;2022;44;12;19;65;6
2022-05-11;Moli del Sol;2022;17;13;26;65;7
2022-05-11;Politecnico;2022;12;11;18;55;3
2022-05-11;Viveros;2022;28;15;22;53;4
2022-05-11;Pista Silla;2022;16;11;27;42;4
2022-05-11;Avda. Francia;2022;40;14;18;61;5
2022-05-12;Avda. Francia;2022;27;12;11;71;5
2022-05-12;Pista Silla;2022;12;9;23;45;4
2022-05-12;Moli del Sol;2022;15;11;20;71;6
2022-05-12;Politecnico;2022;11;10;7;65;3
2022-05-12;Viveros;2022;24;11;11;63;3
2022-05-13;Viveros;2022;27;14;14;51;3
2022-05-13;Moli del Sol;2022;16;12;20;60;6
2022-05-13;Avda. Francia;2022;34;15;12;57;4
2022-05-13;Politecnico;2022;13;12;9;54;3
2022-05-13;Pista Silla;2022;15;11;25;35;4
2022-05-14;Pista Silla;2022;15;11;19;44;5
2022-05-14;Avda. Francia;2022;32;15;15;60;3
2022-05-14;Politecnico;2022;14;13;9;57;4
2022-05-14;Viveros;2022;27;15;16;57;3
2022-05-14;Moli del Sol;2022;16;12;19;67;6
2022-05-15;Moli del Sol;2022;13;10;13;84;5
2022-05-15;Pista Silla;2022;13;9;13;56;5
2022-05-15;Avda. Francia;2022;27;12;10;76;3
2022-05-15;Politecnico;2022;10;9;7;74;3
2022-05-15;Viveros;2022;24;12;10;72;4
2022-05-16;Politecnico;2022;14;13;14;58;3
2022-05-16;Moli del Sol;2022;19;14;30;59;7
2022-05-16;Pista Silla;2022;19;12;30;42;7
2022-05-16;Avda. Francia;2022;49;17;20;61;3
2022-05-16;Viveros;2022;NA;20;21;57;5
2022-05-17;Avda. Francia;2022;50;18;20;58;3
2022-05-17;Moli del Sol;2022;16;12;24;63;7
2022-05-17;Viveros;2022;34;19;23;52;4
2022-05-17;Pista Silla;2022;20;12;31;38;8
2022-05-17;Politecnico;2022;15;14;16;53;3
2022-05-18;Moli del Sol;2022;21;16;18;65;6
2022-05-18;Avda. Francia;2022;32;17;10;63;3
2022-05-18;Pista Silla;2022;18;13;16;45;6
2022-05-18;Politecnico;2022;17;16;6;60;3
2022-05-18;Viveros;2022;NA;17;11;57;3
2022-05-19;Moli del Sol;2022;17;13;13;75;3
2022-05-19;Avda. Francia;2022;35;17;9;64;3
2022-05-19;Pista Silla;2022;18;13;16;41;6
2022-05-19;Politecnico;2022;15;14;6;55;4
2022-05-19;Viveros;2022;29;17;9;56;3
2022-05-20;Viveros;2022;NA;NA;13;62;4
2022-05-20;Avda. Francia;2022;31;10;10;77;3
2022-05-20;Moli del Sol;2022;14;10;20;65;3
2022-05-20;Politecnico;2022;10;9;8;69;4
2022-05-20;Pista Silla;2022;14;9;22;42;7
2022-05-21;Moli del Sol;2022;13;10;27;60;4
2022-05-21;Politecnico;2022;10;9;10;62;3
2022-05-21;Pista Silla;2022;13;8;26;35;4
2022-05-21;Viveros;2022;28;NA;25;48;4
2022-05-21;Avda. Francia;2022;31;12;19;56;3
2022-05-22;Pista Silla;2022;11;8;15;48;4
2022-05-22;Viveros;2022;NA;NA;20;60;4
2022-05-22;Politecnico;2022;10;9;13;67;3
2022-05-22;Moli del Sol;2022;14;10;17;75;3
2022-05-22;Avda. Francia;2022;26;11;17;66;3
2022-05-23;Avda. Francia;2022;43;9;13;68;3
2022-05-23;Pista Silla;2022;15;6;15;44;5
2022-05-23;Viveros;2022;34;NA;14;62;3
2022-05-23;Moli del Sol;2022;15;10;16;76;3
2022-05-23;Politecnico;2022;8;7;8;69;5
2022-05-24;Moli del Sol;2022;12;8;10;77;3
2022-05-24;Politecnico;2022;7;6;6;63;4
2022-05-24;Avda. Francia;2022;38;9;7;67;3
2022-05-24;Viveros;2022;NA;NA;8;62;3
2022-05-24;Pista Silla;2022;11;5;8;47;4
2022-05-25;Avda. Francia;2022;8;2;6;64;4
2022-05-25;Moli del Sol;2022;3;2;15;66;3
2022-05-25;Viveros;2022;7;5;12;54;3
2022-05-25;Politecnico;2022;4;3;6;66;4
2022-05-25;Pista Silla;2022;4;2;13;37;5
2022-05-26;Avda. Francia;2022;17;4;11;59;3
2022-05-26;Viveros;2022;NA;9;17;51;3
2022-05-26;Pista Silla;2022;7;3;21;38;6
2022-05-26;Politecnico;2022;10;6;14;55;3
2022-05-26;Moli del Sol;2022;5;3;18;66;3
2022-05-27;Viveros;2022;NA;15;27;45;4
2022-05-27;Moli del Sol;2022;9;6;27;62;4
2022-05-27;Pista Silla;2022;8;4;30;35;5
2022-05-27;Avda. Francia;2022;23;6;20;54;3
2022-05-27;Politecnico;2022;16;10;18;55;4
2022-05-28;Avda. Francia;2022;27;7;15;70;3
2022-05-28;Moli del Sol;2022;11;8;18;78;3
2022-05-28;Viveros;2022;NA;17;20;59;4
2022-05-28;Pista Silla;2022;9;5;21;48;4
2022-05-28;Politecnico;2022;24;12;10;72;4
2022-05-29;Politecnico;2022;16;11;6;76;4
2022-05-29;Moli del Sol;2022;10;7;10;85;3
2022-05-29;Viveros;2022;26;14;7;72;4
2022-05-29;Pista Silla;2022;7;4;6;64;4
2022-05-29;Avda. Francia;2022;22;7;7;80;3
2022-05-30;Moli del Sol;2022;13;10;16;76;3
2022-05-30;Viveros;2022;NA;14;10;68;3
2022-05-30;Politecnico;2022;17;13;5;72;3
2022-05-30;Pista Silla;2022;8;5;11;59;5
2022-05-30;Avda. Francia;2022;20;8;8;76;3
2022-05-31;Politecnico;2022;21;17;6;62;3
2022-05-31;Avda. Francia;2022;22;12;7;72;3
2022-05-31;Moli del Sol;2022;19;15;15;71;3
2022-05-31;Viveros;2022;27;14;9;63;3
2022-05-31;Pista Silla;2022;9;7;17;NA;4
2022-06-01;Avda. Francia;2022;26;14;6;73;4
2022-06-01;Politecnico;2022;27;23;4;65;3
2022-06-01;Viveros;2022;NA;16;8;64;4
2022-06-01;Pista Silla;2022;NA;NA;17;NA;4
2022-06-01;Moli del Sol;2022;20;16;15;68;3
2022-06-02;Politecnico;2022;29;25;4;56;3
2022-06-02;Moli del Sol;2022;21;17;13;65;3
2022-06-02;Avda. Francia;2022;25;15;5;64;4
2022-06-02;Viveros;2022;27;16;8;54;3
2022-06-02;Pista Silla;2022;NA;NA;13;NA;6
2022-06-03;Politecnico;2022;26;21;3;65;3
2022-06-03;Avda. Francia;2022;24;13;4;74;4
2022-06-03;Viveros;2022;NA;14;6;64;4
2022-06-03;Moli del Sol;2022;16;13;7;79;3
2022-06-03;Pista Silla;2022;NA;NA;13;NA;4
2022-06-04;Pista Silla;2022;NA;NA;13;NA;6
2022-06-04;Viveros;2022;29;16;10;51;4
2022-06-04;Moli del Sol;2022;17;13;8;62;3
2022-06-04;Politecnico;2022;26;21;6;54;3
2022-06-04;Avda. Francia;2022;24;13;8;59;4
2022-06-05;Avda. Francia;2022;22;8;8;61;4
2022-06-05;Politecnico;2022;20;15;5;62;3
2022-06-05;Moli del Sol;2022;13;10;7;64;3
2022-06-05;Pista Silla;2022;NA;NA;10;NA;5
2022-06-05;Viveros;2022;NA;17;10;53;3
2022-06-06;Moli del Sol;2022;9;7;11;73;3
2022-06-06;Avda. Francia;2022;20;8;6;73;4
2022-06-06;Viveros;2022;24;NA;9;61;3
2022-06-06;Politecnico;2022;17;13;7;60;3
2022-06-06;Pista Silla;2022;NA;NA;15;NA;7
2022-06-07;Avda. Francia;2022;25;12;8;65;4
2022-06-07;Viveros;2022;NA;14;10;55;4
2022-06-07;Politecnico;2022;22;18;8;56;3
2022-06-07;Moli del Sol;2022;14;11;11;65;3
2022-06-07;Pista Silla;2022;NA;NA;13;NA;4
2022-06-08;Pista Silla;2022;20;15;20;60;5
2022-06-08;Politecnico;2022;28;23;8;65;3
2022-06-08;Avda. Francia;2022;34;15;10;79;4
2022-06-08;Moli del Sol;2022;20;16;17;73;3
2022-06-08;Viveros;2022;32;15;15;62;4
2022-06-09;Viveros;2022;NA;20;12;48;4
2022-06-09;Politecnico;2022;19;14;7;55;4
2022-06-09;Avda. Francia;2022;21;8;8;61;4
2022-06-09;Pista Silla;2022;15;11;18;NA;6
2022-06-09;Moli del Sol;2022;13;9;13;61;3
2022-06-10;Viveros;2022;27;19;10;44;5
2022-06-10;Pista Silla;2022;14;10;17;NA;5
2022-06-10;Politecnico;2022;17;13;4;49;4
2022-06-10;Avda. Francia;2022;24;9;8;52;4
2022-06-10;Moli del Sol;2022;10;7;17;51;3
2022-06-11;Pista Silla;2022;12;9;17;39;6
2022-06-11;Viveros;2022;NA;15;12;47;4
2022-06-11;Moli del Sol;2022;8;6;15;57;3
2022-06-11;Avda. Francia;2022;26;8;10;54;4
2022-06-11;Politecnico;2022;18;13;7;53;3
2022-06-12;Avda. Francia;2022;21;5;12;59;4
2022-06-12;Pista Silla;2022;12;7;17;50;5
2022-06-12;Politecnico;2022;13;8;10;65;3
2022-06-12;Viveros;2022;24;17;17;52;3
2022-06-12;Moli del Sol;2022;6;4;16;67;3
2022-06-13;Avda. Francia;2022;26;5;16;59;4
2022-06-13;Viveros;2022;NA;29;17;52;3
2022-06-13;Pista Silla;2022;19;10;25;51;6
2022-06-13;Politecnico;2022;15;8;14;59;3
2022-06-13;Moli del Sol;2022;8;6;21;67;4
2022-06-14;Moli del Sol;2022;9;7;19;62;3
2022-06-14;Avda. Francia;2022;20;7;11;64;4
2022-06-14;Politecnico;2022;17;11;8;57;3
2022-06-14;Viveros;2022;30;17;13;52;3
2022-06-14;Pista Silla;2022;18;11;19;53;5
2022-06-15;Moli del Sol;2022;7;5;19;76;3
2022-06-15;Pista Silla;2022;13;9;19;64;5
2022-06-15;Viveros;2022;NA;14;15;60;4
2022-06-15;Avda. Francia;2022;18;6;12;76;4
2022-06-15;Politecnico;2022;13;10;7;70;3
2022-06-16;Viveros;2022;31;16;20;56;4
2022-06-16;Politecnico;2022;19;13;11;66;3
2022-06-16;Pista Silla;2022;18;12;29;54;6
2022-06-16;Avda. Francia;2022;27;9;20;69;4
2022-06-16;Moli del Sol;2022;8;6;26;65;4
2022-06-17;Moli del Sol;2022;11;7;24;62;4
2022-06-17;Avda. Francia;2022;53;9;27;51;4
2022-06-17;Pista Silla;2022;32;14;34;41;4
2022-06-17;Politecnico;2022;26;13;20;59;3
2022-06-17;Viveros;2022;NA;NA;24;49;4
2022-06-18;Politecnico;2022;25;15;11;85;4
2022-06-18;Avda. Francia;2022;41;9;16;66;4
2022-06-18;Pista Silla;2022;25;14;20;66;3
2022-06-18;Viveros;2022;43;NA;14;66;4
2022-06-18;Moli del Sol;2022;13;9;14;81;3
2022-06-19;Avda. Francia;2022;29;12;7;97;4
2022-06-19;Pista Silla;2022;19;15;6;81;3
2022-06-19;Moli del Sol;2022;12;9;5;90;3
2022-06-19;Viveros;2022;NA;NA;6;73;3
2022-06-19;Politecnico;2022;21;16;4;86;4
2022-06-20;Pista Silla;2022;23;18;17;61;3
2022-06-20;Politecnico;2022;26;19;4;77;3
2022-06-20;Moli del Sol;2022;14;11;12;77;3
2022-06-20;Avda. Francia;2022;42;15;10;80;4
2022-06-20;Viveros;2022;NA;NA;8;64;3
2022-06-21;Moli del Sol;2022;15;12;18;58;3
2022-06-21;Viveros;2022;NA;15;13;46;3
2022-06-21;Pista Silla;2022;24;17;21;45;3
2022-06-21;Politecnico;2022;25;18;7;58;3
2022-06-21;Avda. Francia;2022;38;14;13;55;4
2022-06-22;Avda. Francia;2022;42;9;12;55;4
2022-06-22;Viveros;2022;33;NA;14;51;4
2022-06-22;Moli del Sol;2022;11;7;13;66;3
2022-06-22;Pista Silla;2022;20;11;15;54;3
2022-06-22;Politecnico;2022;22;13;8;63;3
2022-06-23;Politecnico;2022;20;10;11;69;3
2022-06-23;Pista Silla;2022;15;7;23;52;4
2022-06-23;Avda. Francia;2022;37;5;17;52;4
2022-06-23;Moli del Sol;2022;7;4;17;69;3
2022-06-23;Viveros;2022;NA;NA;20;51;3
2022-06-24;Politecnico;2022;12;7;7;74;3
2022-06-24;Avda. Francia;2022;25;4;9;63;4
2022-06-24;Viveros;2022;23;NA;10;59;4
2022-06-24;Pista Silla;2022;11;6;8;67;3
2022-06-24;Moli del Sol;2022;8;4;6;79;3
2022-06-25;Viveros;2022;NA;NA;7;66;4
2022-06-25;Pista Silla;2022;10;8;10;73;3
2022-06-25;Politecnico;2022;15;10;4;80;3
2022-06-25;Avda. Francia;2022;20;6;7;72;4
2022-06-25;Moli del Sol;2022;6;5;9;83;3
2022-06-26;Avda. Francia;2022;18;9;4;73;4
2022-06-26;Pista Silla;2022;9;8;5;75;3
2022-06-26;Viveros;2022;NA;NA;4;66;3
2022-06-26;Moli del Sol;2022;9;7;4;83;3
2022-06-26;Politecnico;2022;15;12;3;77;3
2022-06-27;Pista Silla;2022;11;8;6;60;3
2022-06-27;Politecnico;2022;18;12;3;61;4
2022-06-27;Avda. Francia;2022;32;8;5;56;4
2022-06-27;Moli del Sol;2022;8;6;11;63;3
2022-06-27;Viveros;2022;NA;NA;5;52;3
2022-06-28;Avda. Francia;2022;22;7;9;51;4
2022-06-28;Moli del Sol;2022;7;5;12;64;3
2022-06-28;Pista Silla;2022;11;8;13;50;3
2022-06-28;Politecnico;2022;15;10;5;58;3
2022-06-28;Viveros;2022;NA;11;12;48;3
2022-06-29;Viveros;2022;NA;14;11;55;5
2022-06-29;Politecnico;2022;17;13;6;60;3
2022-06-29;Avda. Francia;2022;25;9;9;55;4
2022-06-29;Pista Silla;2022;12;10;16;47;3
2022-06-29;Moli del Sol;2022;8;6;15;61;3
2022-06-30;Avda. Francia;2022;21;7;6;65;4
2022-06-30;Politecnico;2022;14;10;4;71;3
2022-06-30;Pista Silla;2022;10;8;13;60;3
2022-06-30;Viveros;2022;27;9;7;64;4
2022-06-30;Moli del Sol;2022;7;5;11;73;3
2022-07-01;Politecnico;2022;17;12;4;61;5
2022-07-01;Viveros;2022;27;9;5;60;4
2022-07-01;Avda. Francia;2022;24;8;6;54;4
2022-07-01;Moli del Sol;2022;8;6;10;63;3
2022-07-01;Pista Silla;2022;11;8;10;56;3
2022-07-02;Moli del Sol;2022;7;5;8;66;3
2022-07-02;Pista Silla;2022;9;8;10;57;3
2022-07-02;Viveros;2022;23;11;9;57;5
2022-07-02;Politecnico;2022;14;10;3;62;4
2022-07-02;Avda. Francia;2022;16;6;6;58;4
2022-07-03;Moli del Sol;2022;8;6;11;72;3
2022-07-03;Viveros;2022;24;13;14;62;5
2022-07-03;Politecnico;2022;14;10;5;71;3
2022-07-03;Avda. Francia;2022;14;6;7;65;3
2022-07-03;Pista Silla;2022;12;10;11;66;3
2022-07-04;Viveros;2022;11;16;13;62;4
2022-07-04;Avda. Francia;2022;19;6;11;64;3
2022-07-04;Politecnico;2022;15;10;8;69;3
2022-07-04;Pista Silla;2022;15;11;19;51;3
2022-07-04;Moli del Sol;2022;8;6;16;68;3
2022-07-05;Avda. Francia;2022;17;8;6;73;3
2022-07-05;Politecnico;2022;16;12;4;78;3
2022-07-05;Moli del Sol;2022;14;11;8;76;3
2022-07-05;Viveros;2022;27;14;5;70;3
2022-07-05;Pista Silla;2022;17;13;9;63;3
2022-07-06;Viveros;2022;29;14;8;69;4
2022-07-06;Moli del Sol;2022;11;9;13;74;3
2022-07-06;Politecnico;2022;20;14;4;79;3
2022-07-06;Avda. Francia;2022;33;10;6;71;3
2022-07-06;Pista Silla;2022;20;15;10;69;3
2022-07-07;Viveros;2022;NA;NA;25;52;4
2022-07-07;Politecnico;2022;14;10;17;64;4
2022-07-07;Avda. Francia;2022;22;6;11;61;3
2022-07-07;Pista Silla;2022;16;11;20;60;3
2022-07-07;Moli del Sol;2022;7;5;15;72;3
2022-07-08;Pista Silla;2022;24;16;25;63;3
2022-07-08;Politecnico;2022;18;13;8;87;3
2022-07-08;Avda. Francia;2022;28;8;14;71;3
2022-07-08;Moli del Sol;2022;10;7;19;79;3
2022-07-08;Viveros;2022;NA;NA;17;71;3
2022-07-09;Politecnico;2022;16;12;9;87;3
2022-07-09;Avda. Francia;2022;21;7;10;77;3
2022-07-09;Viveros;2022;NA;NA;12;79;5
2022-07-09;Moli del Sol;2022;8;6;10;90;3
2022-07-09;Pista Silla;2022;15;12;15;79;3
2022-07-10;Viveros;2022;NA;NA;8;82;3
2022-07-10;Pista Silla;2022;13;10;10;82;3
2022-07-10;Avda. Francia;2022;20;6;8;80;3
2022-07-10;Moli del Sol;2022;7;5;8;91;3
2022-07-10;Politecnico;2022;13;9;4;92;3
2022-07-11;Pista Silla;2022;20;12;25;66;3
2022-07-11;Viveros;2022;NA;NA;16;73;3
2022-07-11;Avda. Francia;2022;28;7;16;67;3
2022-07-11;Moli del Sol;2022;7;5;19;78;3
2022-07-11;Politecnico;2022;17;11;7;89;4
2022-07-12;Viveros;2022;NA;NA;23;61;5
2022-07-12;Avda. Francia;2022;23;5;20;57;3
2022-07-12;Moli del Sol;2022;7;5;25;64;3
2022-07-12;Politecnico;2022;17;10;12;75;3
2022-07-12;Pista Silla;2022;15;10;31;56;3
2022-07-13;Pista Silla;2022;19;12;25;55;3
2022-07-13;Politecnico;2022;23;13;14;72;3
2022-07-13;Viveros;2022;32;NA;23;59;3
2022-07-13;Avda. Francia;2022;42;8;16;58;3
2022-07-13;Moli del Sol;2022;8;6;20;70;4
2022-07-14;Pista Silla;2022;13;9;17;60;3
2022-07-14;Moli del Sol;2022;7;6;16;69;3
2022-07-14;Politecnico;2022;17;11;10;70;3
2022-07-14;Avda. Francia;2022;27;7;10;65;3
2022-07-14;Viveros;2022;29;NA;15;64;5
2022-07-15;Moli del Sol;2022;10;7;27;52;4
2022-07-15;Pista Silla;2022;19;14;34;36;3
2022-07-15;Viveros;2022;31;NA;25;47;4
2022-07-15;Avda. Francia;2022;27;8;19;44;3
2022-07-15;Politecnico;2022;17;11;12;60;3
2022-07-16;Politecnico;2022;22;13;12;76;3
2022-07-16;Avda. Francia;2022;30;8;18;59;3
2022-07-16;Pista Silla;2022;19;15;20;64;3
2022-07-16;Viveros;2022;28;NA;18;68;5
2022-07-16;Moli del Sol;2022;10;7;17;78;3
2022-07-17;Pista Silla;2022;18;15;15;70;3
2022-07-17;Avda. Francia;2022;23;8;16;63;3
2022-07-17;Politecnico;2022;18;14;6;87;5
2022-07-17;Moli del Sol;2022;12;9;14;81;3
2022-07-17;Viveros;2022;26;NA;15;73;4
2022-07-18;Moli del Sol;2022;13;10;20;76;3
2022-07-18;Pista Silla;2022;23;18;28;56;3
2022-07-18;Avda. Francia;2022;27;9;18;NA;3
2022-07-18;Politecnico;2022;20;15;11;NA;4
2022-07-18;Viveros;2022;32;18;16;70;4
2022-07-19;Avda. Francia;2022;35;11;14;66;3
2022-07-19;Viveros;2022;NA;20;16;71;5
2022-07-19;Moli del Sol;2022;13;10;19;77;3
2022-07-19;Politecnico;2022;26;17;10;78;3
2022-07-19;Pista Silla;2022;32;23;23;61;3
2022-07-20;Viveros;2022;28;15;7;67;5
2022-07-20;Moli del Sol;2022;10;8;12;69;3
2022-07-20;Politecnico;2022;16;12;5;74;3
2022-07-20;Pista Silla;2022;22;17;14;55;3
2022-07-20;Avda. Francia;2022;24;9;7;76;3
2022-07-21;Moli del Sol;2022;13;10;16;56;3
2022-07-21;Viveros;2022;NA;14;11;54;5
2022-07-21;Avda. Francia;2022;22;9;10;NA;3
2022-07-21;Pista Silla;2022;23;18;19;42;3
2022-07-21;Politecnico;2022;15;12;5;65;3
2022-07-22;Avda. Francia;2022;32;10;10;NA;3
2022-07-22;Moli del Sol;2022;13;10;17;62;3
2022-07-22;Viveros;2022;NA;16;14;56;5
2022-07-22;Pista Silla;2022;29;23;18;46;3
2022-07-22;Politecnico;2022;20;15;7;68;3
2022-07-23;Viveros;2022;NA;16;8;61;5
2022-07-23;Avda. Francia;2022;29;11;7;62;3
2022-07-23;Moli del Sol;2022;12;10;8;71;3
2022-07-23;Pista Silla;2022;29;24;8;NA;3
2022-07-23;Politecnico;2022;21;16;3;77;3
2022-07-24;Avda. Francia;2022;27;12;8;60;3
2022-07-24;Viveros;2022;30;16;10;63;6
2022-07-24;Pista Silla;2022;27;24;10;NA;3
2022-07-24;Politecnico;2022;20;17;5;76;3
2022-07-24;Moli del Sol;2022;15;11;7;74;3
2022-07-25;Viveros;2022;NA;18;12;55;5
2022-07-25;Pista Silla;2022;31;25;18;NA;3
2022-07-25;Avda. Francia;2022;29;12;9;NA;3
2022-07-25;Moli del Sol;2022;15;12;20;59;3
2022-07-25;Politecnico;2022;23;17;7;64;3
2022-07-26;Viveros;2022;NA;16;8;57;3
2022-07-26;Pista Silla;2022;24;19;13;NA;3
2022-07-26;Avda. Francia;2022;28;10;7;NA;3
2022-07-26;Moli del Sol;2022;12;9;11;67;3
2022-07-26;Politecnico;2022;19;14;4;74;3
2022-07-27;Pista Silla;2022;23;18;15;NA;3
2022-07-27;Moli del Sol;2022;9;7;11;62;3
2022-07-27;Politecnico;2022;17;13;3;72;3
2022-07-27;Viveros;2022;34;13;8;53;4
2022-07-27;Avda. Francia;2022;32;11;6;56;3
2022-07-28;Moli del Sol;2022;10;8;11;63;3
2022-07-28;Viveros;2022;NA;16;9;56;3
2022-07-28;Avda. Francia;2022;37;12;6;56;3
2022-07-28;Politecnico;2022;22;16;7;66;3
2022-07-28;Pista Silla;2022;27;21;13;61;3
2022-07-29;Moli del Sol;2022;9;7;8;71;3
2022-07-29;Pista Silla;2022;23;18;12;67;3
2022-07-29;Viveros;2022;27;13;6;64;4
2022-07-29;Politecnico;2022;19;14;3;77;3
2022-07-29;Avda. Francia;2022;27;9;4;66;3
2022-07-30;Pista Silla;2022;18;15;5;NA;3
2022-07-30;Politecnico;2022;15;11;3;72;3
2022-07-30;Avda. Francia;2022;20;8;4;66;3
2022-07-30;Viveros;2022;NA;12;5;62;3
2022-07-30;Moli del Sol;2022;8;6;5;71;3
2022-07-31;Viveros;2022;28;13;9;63;3
2022-07-31;Moli del Sol;2022;15;12;9;70;3
2022-07-31;Politecnico;2022;13;10;3;NA;3
2022-07-31;Pista Silla;2022;18;15;7;NA;3
2022-07-31;Avda. Francia;2022;19;8;5;64;3
2022-08-01;Politecnico;2022;16;11;9;76;3
2022-08-01;Pista Silla;2022;21;16;16;67;3
2022-08-01;Moli del Sol;2022;12;10;14;69;3
2022-08-01;Avda. Francia;2022;21;8;8;60;3
2022-08-01;Viveros;2022;24;14;11;67;3
2022-08-02;Politecnico;2022;16;11;7;86;3
2022-08-02;Viveros;2022;NA;16;12;68;5
2022-08-02;Moli del Sol;2022;9;7;16;71;3
2022-08-02;Pista Silla;2022;22;16;20;65;3
2022-08-02;Avda. Francia;2022;27;8;11;52;3
2022-08-03;Viveros;2022;29;NA;12;72;4
2022-08-03;Avda. Francia;2022;28;7;9;69;3
2022-08-03;Pista Silla;2022;20;13;16;73;3
2022-08-03;Moli del Sol;2022;8;6;15;77;3
2022-08-03;Politecnico;2022;15;10;6;90;3
2022-08-04;Pista Silla;2022;17;12;17;77;3
2022-08-04;Moli del Sol;2022;9;5;13;82;3
2022-08-04;Viveros;2022;NA;NA;12;74;3
2022-08-04;Avda. Francia;2022;25;6;11;69;3
2022-08-04;Politecnico;2022;14;9;5;83;3
2022-08-05;Politecnico;2022;12;8;7;76;3
2022-08-05;Avda. Francia;2022;19;5;7;80;3
2022-08-05;Moli del Sol;2022;7;5;13;77;3
2022-08-05;Pista Silla;2022;17;11;16;73;3
2022-08-05;Viveros;2022;21;NA;11;68;3
2022-08-06;Pista Silla;2022;15;11;10;82;3
2022-08-06;Viveros;2022;NA;NA;9;71;3
2022-08-06;Moli del Sol;2022;7;6;10;80;3
2022-08-06;Politecnico;2022;13;9;5;80;3
2022-08-06;Avda. Francia;2022;14;6;7;82;3
2022-08-07;Moli del Sol;2022;10;7;6;77;3
2022-08-07;Avda. Francia;2022;15;7;6;77;3
2022-08-07;Viveros;2022;22;NA;6;68;3
2022-08-07;Politecnico;2022;13;10;4;74;3
2022-08-07;Pista Silla;2022;16;13;7;NA;3
2022-08-08;Moli del Sol;2022;9;6;11;84;3
2022-08-08;Pista Silla;2022;19;15;15;83;3
2022-08-08;Viveros;2022;NA;NA;8;78;3
2022-08-08;Avda. Francia;2022;20;7;7;91;3
2022-08-08;Politecnico;2022;14;10;5;82;4
2022-08-09;Avda. Francia;2022;21;7;6;94;3
2022-08-09;Politecnico;2022;15;11;5;83;3
2022-08-09;Viveros;2022;24;NA;9;79;4
2022-08-09;Pista Silla;2022;18;14;14;87;3
2022-08-09;Moli del Sol;2022;8;6;11;86;3
2022-08-10;Moli del Sol;2022;8;6;11;87;3
2022-08-10;Pista Silla;2022;18;14;14;87;3
2022-08-10;Politecnico;2022;14;10;5;84;3
2022-08-10;Avda. Francia;2022;20;7;6;94;3
2022-08-10;Viveros;2022;NA;NA;9;79;3
2022-08-11;Moli del Sol;2022;8;6;17;79;3
2022-08-11;Politecnico;2022;16;11;8;78;3
2022-08-11;Viveros;2022;26;NA;15;69;5
2022-08-11;Avda. Francia;2022;27;7;10;84;3
2022-08-11;Pista Silla;2022;18;13;20;80;3
2022-08-12;Moli del Sol;2022;11;8;20;75;3
2022-08-12;Politecnico;2022;20;13;10;76;3
2022-08-12;Avda. Francia;2022;38;9;13;74;3
2022-08-12;Viveros;2022;NA;NA;15;68;3
2022-08-12;Pista Silla;2022;24;17;18;76;3
2022-08-13;Pista Silla;2022;83;27;8;72;3
2022-08-13;Politecnico;2022;47;17;5;87;3
2022-08-13;Viveros;2022;NA;NA;10;60;4
2022-08-13;Avda. Francia;2022;121;12;7;66;3
2022-08-13;Moli del Sol;2022;46;21;8;73;3
2022-08-14;Politecnico;2022;19;13;11;67;3
2022-08-14;Viveros;2022;NA;NA;13;59;3
2022-08-14;Avda. Francia;2022;53;9;8;68;3
2022-08-14;Moli del Sol;2022;12;8;12;70;3
2022-08-14;Pista Silla;2022;26;16;11;71;3
2022-08-15;Pista Silla;2022;25;18;6;87;3
2022-08-15;Avda. Francia;2022;35;11;6;80;3
2022-08-15;Moli del Sol;2022;9;7;10;78;3
2022-08-15;Politecnico;2022;20;15;4;75;4
2022-08-15;Viveros;2022;NA;NA;7;70;3
2022-08-16;Pista Silla;2022;33;26;13;92;3
2022-08-16;Viveros;2022;NA;NA;10;79;4
2022-08-16;Avda. Francia;2022;43;14;8;91;3
2022-08-16;Politecnico;2022;26;20;6;84;3
2022-08-16;Moli del Sol;2022;12;9;11;90;3
2022-08-17;Avda. Francia;2022;43;15;9;79;3
2022-08-17;Moli del Sol;2022;23;17;15;77;3
2022-08-17;Viveros;2022;NA;26;12;69;6
2022-08-17;Pista Silla;2022;44;33;18;72;3
2022-08-17;Politecnico;2022;32;23;7;86;3
2022-08-18;Moli del Sol;2022;15;11;22;68;4
2022-08-18;Viveros;2022;NA;24;18;61;5
2022-08-18;Avda. Francia;2022;32;13;14;70;3
2022-08-18;Politecnico;2022;25;20;11;82;3
2022-08-18;Pista Silla;2022;39;28;17;73;3
2022-08-19;Moli del Sol;2022;8;6;18;69;3
2022-08-19;Viveros;2022;25;15;14;59;4
2022-08-19;Avda. Francia;2022;23;8;11;67;4
2022-08-19;Politecnico;2022;19;13;8;70;3
2022-08-19;Pista Silla;2022;25;17;14;69;3
2022-08-20;Politecnico;2022;12;10;8;62;3
2022-08-20;Avda. Francia;2022;16;7;9;71;3
2022-08-20;Pista Silla;2022;14;12;8;76;3
2022-08-20;Moli del Sol;2022;5;4;12;71;3
2022-08-20;Viveros;2022;NA;11;11;61;5
2022-08-21;Politecnico;2022;14;10;6;69;3
2022-08-21;Pista Silla;2022;17;14;10;77;3
2022-08-21;Moli del Sol;2022;7;5;16;67;3
2022-08-21;Avda. Francia;2022;20;7;7;75;3
2022-08-21;Viveros;2022;21;13;10;64;4
2022-08-22;Viveros;2022;NA;10;9;62;3
2022-08-22;Politecnico;2022;11;8;5;63;4
2022-08-22;Moli del Sol;2022;6;4;17;61;3
2022-08-22;Pista Silla;2022;13;11;14;66;3
2022-08-22;Avda. Francia;2022;12;5;7;73;3
2022-08-23;Moli del Sol;2022;5;4;15;50;3
2022-08-23;Politecnico;2022;11;8;5;46;5
2022-08-23;Avda. Francia;2022;17;5;10;51;3
2022-08-23;Pista Silla;2022;11;9;13;51;3
2022-08-23;Viveros;2022;22;9;10;46;6
2022-08-24;Pista Silla;2022;11;8;9;58;3
2022-08-24;Moli del Sol;2022;3;2;10;59;3
2022-08-24;Viveros;2022;NA;10;7;50;4
2022-08-24;Avda. Francia;2022;18;5;7;54;3
2022-08-24;Politecnico;2022;11;8;4;49;4
2022-08-25;Politecnico;2022;10;8;5;48;3
2022-08-25;Avda. Francia;2022;16;6;7;53;3
2022-08-25;Moli del Sol;2022;4;3;11;57;3
2022-08-25;Pista Silla;2022;13;10;11;53;3
2022-08-25;Viveros;2022;NA;10;9;47;4
2022-08-26;Moli del Sol;2022;5;4;14;54;3
2022-08-26;Avda. Francia;2022;17;6;8;60;4
2022-08-26;Viveros;2022;NA;10;12;45;3
2022-08-26;Politecnico;2022;11;8;5;56;3
2022-08-26;Pista Silla;2022;15;11;11;56;3
2022-08-27;Moli del Sol;2022;4;3;10;70;3
2022-08-27;Pista Silla;2022;12;9;10;71;3
2022-08-27;Viveros;2022;20;NA;11;60;5
2022-08-27;Avda. Francia;2022;13;5;10;70;3
2022-08-27;Politecnico;2022;9;7;6;71;3
2022-08-28;Avda. Francia;2022;13;6;7;82;3
2022-08-28;Viveros;2022;NA;NA;8;68;6
2022-08-28;Moli del Sol;2022;6;4;9;77;3
2022-08-28;Pista Silla;2022;13;11;9;81;3
2022-08-28;Politecnico;2022;10;8;4;70;3
2022-08-29;Politecnico;2022;13;9;7;62;3
2022-08-29;Avda. Francia;2022;19;7;11;70;3
2022-08-29;Moli del Sol;2022;7;5;14;67;3
2022-08-29;Pista Silla;2022;18;14;17;68;3
2022-08-29;Viveros;2022;20;NA;13;59;4
2022-08-30;Avda. Francia;2022;27;9;9;66;3
2022-08-30;Politecnico;2022;15;11;6;59;3
2022-08-30;Viveros;2022;NA;NA;11;53;5
2022-08-30;Moli del Sol;2022;6;5;12;61;3
2022-08-30;Pista Silla;2022;21;16;13;55;3
2022-08-31;Avda. Francia;2022;68;12;8;62;4
2022-08-31;Pista Silla;2022;33;21;11;61;3
2022-08-31;Moli del Sol;2022;7;4;11;62;3
2022-08-31;Politecnico;2022;23;15;9;61;3
2022-08-31;Viveros;2022;51;21;11;52;4
2022-09-01;Politecnico;2022;18;13;6;58;3
2022-09-01;Avda. Francia;2022;NA;NA;11;64;3
2022-09-01;Moli del Sol;2022;NA;NA;15;61;3
2022-09-01;Viveros;2022;NA;16;11;57;4
2022-09-01;Pista Silla;2022;26;19;18;61;3
2022-09-02;Avda. Francia;2022;NA;NA;14;58;3
2022-09-02;Viveros;2022;NA;17;17;50;5
2022-09-02;Pista Silla;2022;25;16;15;59;3
2022-09-02;Moli del Sol;2022;NA;NA;15;56;3
2022-09-02;Politecnico;2022;23;14;12;61;3
2022-09-03;Viveros;2022;NA;NA;15;55;3
2022-09-03;Politecnico;2022;18;13;9;61;3
2022-09-03;Avda. Francia;2022;NA;NA;12;61;4
2022-09-03;Pista Silla;2022;22;16;14;64;3
2022-09-03;Moli del Sol;2022;NA;NA;15;64;3
2022-09-04;Avda. Francia;2022;NA;NA;5;71;3
2022-09-04;Moli del Sol;2022;NA;NA;6;71;3
2022-09-04;Pista Silla;2022;15;12;7;75;3
2022-09-04;Politecnico;2022;13;10;4;65;3
2022-09-04;Viveros;2022;NA;NA;6;62;3
2022-09-05;Avda. Francia;2022;NA;NA;9;64;3
2022-09-05;Moli del Sol;2022;NA;NA;15;61;3
2022-09-05;Politecnico;2022;14;10;5;57;4
2022-09-05;Pista Silla;2022;18;13;16;63;3
2022-09-05;Viveros;2022;NA;NA;11;60;3
2022-09-06;Politecnico;2022;21;12;10;66;4
2022-09-06;Avda. Francia;2022;NA;NA;13;63;4
2022-09-06;Moli del Sol;2022;NA;NA;23;58;4
2022-09-06;Pista Silla;2022;25;15;24;57;3
2022-09-06;Viveros;2022;NA;NA;19;53;4
2022-09-07;Moli del Sol;2022;NA;NA;26;60;4
2022-09-07;Pista Silla;2022;25;14;29;53;3
2022-09-07;Politecnico;2022;20;10;14;64;3
2022-09-07;Viveros;2022;NA;NA;22;52;5
2022-09-07;Avda. Francia;2022;NA;NA;15;59;3
2022-09-08;Moli del Sol;2022;NA;NA;21;60;3
2022-09-08;Politecnico;2022;20;9;12;67;3
2022-09-08;Pista Silla;2022;20;10;22;56;3
2022-09-08;Viveros;2022;NA;NA;18;54;5
2022-09-08;Avda. Francia;2022;NA;NA;14;57;4
2022-09-09;Moli del Sol;2022;NA;NA;18;67;NA
2022-09-09;Politecnico;2022;16;9;9;69;3
2022-09-09;Avda. Francia;2022;18;3;17;64;3
2022-09-09;Viveros;2022;NA;NA;14;60;5
2022-09-09;Pista Silla;2022;18;10;23;62;3
2022-09-10;Pista Silla;2022;11;8;10;66;3
2022-09-10;Politecnico;2022;NA;NA;NA;NA;NA
2022-09-10;Moli del Sol;2022;NA;NA;11;64;NA
2022-09-10;Viveros;2022;NA;NA;10;55;4
2022-09-10;Avda. Francia;2022;9;2;8;64;3
2022-09-11;Politecnico;2022;NA;NA;NA;NA;NA
2022-09-11;Avda. Francia;2022;8;3;5;59;3
2022-09-11;Pista Silla;2022;12;10;6;64;3
2022-09-11;Viveros;2022;NA;NA;7;51;4
2022-09-11;Moli del Sol;2022;NA;NA;7;61;NA
2022-09-12;Avda. Francia;2022;13;3;9;53;3
2022-09-12;Pista Silla;2022;14;11;13;47;3
2022-09-12;Moli del Sol;2022;NA;NA;14;51;NA
2022-09-12;Politecnico;2022;NA;NA;NA;NA;NA
2022-09-12;Viveros;2022;27;11;11;40;NA
2022-09-13;Avda. Francia;2022;17;4;17;22;4
2022-09-13;Moli del Sol;2022;NA;NA;20;24;NA
2022-09-13;Politecnico;2022;14;11;11;27;3
2022-09-13;Pista Silla;2022;19;14;19;22;3
2022-09-13;Viveros;2022;NA;12;20;18;NA
2022-09-14;Moli del Sol;2022;NA;NA;16;36;4
2022-09-14;Politecnico;2022;14;10;10;38;3
2022-09-14;Pista Silla;2022;16;12;14;36;3
2022-09-14;Avda. Francia;2022;11;3;13;32;4
2022-09-14;Viveros;2022;NA;12;17;28;4
2022-09-15;Moli del Sol;2022;NA;NA;12;61;3
2022-09-15;Avda. Francia;2022;15;2;11;56;4
2022-09-15;Pista Silla;2022;13;8;16;63;3
2022-09-15;Politecnico;2022;14;8;9;64;3
2022-09-15;Viveros;2022;NA;NA;14;50;3
2022-09-16;Viveros;2022;NA;NA;12;53;4
2022-09-16;Avda. Francia;2022;9;2;10;56;4
2022-09-16;Moli del Sol;2022;NA;NA;15;59;4
2022-09-16;Pista Silla;2022;12;8;20;56;3
2022-09-16;Politecnico;2022;10;7;8;59;3
2022-09-17;Pista Silla;2022;14;11;8;69;3
2022-09-17;Moli del Sol;2022;NA;NA;8;60;3
2022-09-17;Politecnico;2022;13;10;5;61;3
2022-09-17;Viveros;2022;NA;11;9;52;3
2022-09-17;Avda. Francia;2022;11;3;7;59;3
2022-09-18;Moli del Sol;2022;NA;NA;10;60;3
2022-09-18;Avda. Francia;2022;9;4;7;59;4
2022-09-18;Politecnico;2022;14;11;5;60;3
2022-09-18;Viveros;2022;16;9;9;51;3
2022-09-18;Pista Silla;2022;15;13;9;74;3
2022-09-19;Politecnico;2022;13;9;8;59;3
2022-09-19;Viveros;2022;NA;10;17;47;4
2022-09-19;Avda. Francia;2022;9;3;11;58;4
2022-09-19;Moli del Sol;2022;NA;NA;16;55;3
2022-09-19;Pista Silla;2022;16;13;20;56;3
2022-09-20;Avda. Francia;2022;11;3;14;54;4
2022-09-20;Moli del Sol;2022;NA;NA;19;55;4
2022-09-20;Viveros;2022;NA;11;17;48;5
2022-09-20;Pista Silla;2022;17;13;21;56;3
2022-09-20;Politecnico;2022;14;11;10;57;3
2022-09-21;Avda. Francia;2022;13;3;13;56;4
2022-09-21;Pista Silla;2022;17;13;23;56;3
2022-09-21;Moli del Sol;2022;NA;NA;18;57;3
2022-09-21;Viveros;2022;NA;13;20;46;5
2022-09-21;Politecnico;2022;14;10;11;56;3
2022-09-22;Moli del Sol;2022;NA;NA;18;61;4
2022-09-22;Viveros;2022;22;12;12;59;4
2022-09-22;Pista Silla;2022;15;13;17;73;3
2022-09-22;Politecnico;2022;13;11;7;64;4
2022-09-22;Avda. Francia;2022;11;3;11;66;4
2022-09-23;Pista Silla;2022;20;16;26;45;3
2022-09-23;Viveros;2022;NA;14;18;48;3
2022-09-23;Moli del Sol;2022;NA;NA;20;52;3
2022-09-23;Politecnico;2022;15;11;10;63;6
2022-09-23;Avda. Francia;2022;11;4;12;62;4
2022-09-24;Politecnico;2022;16;13;6;73;4
2022-09-24;Viveros;2022;22;13;10;56;3
2022-09-24;Pista Silla;2022;20;17;10;64;3
2022-09-24;Avda. Francia;2022;16;4;6;63;4
2022-09-24;Moli del Sol;2022;NA;NA;12;60;3
2022-09-25;Moli del Sol;2022;12;9;5;71;3
2022-09-25;Viveros;2022;NA;10;5;60;4
2022-09-25;Avda. Francia;2022;10;2;3;66;4
2022-09-25;Pista Silla;2022;10;8;4;77;3
2022-09-25;Politecnico;2022;12;8;6;71;3
2022-09-26;Avda. Francia;2022;8;2;8;51;4
2022-09-26;Pista Silla;2022;12;9;17;46;3
2022-09-26;Politecnico;2022;10;7;8;54;3
2022-09-26;Viveros;2022;14;7;15;41;3
2022-09-26;Moli del Sol;2022;12;9;17;49;5
2022-09-27;Politecnico;2022;9;6;11;53;3
2022-09-27;Moli del Sol;2022;11;7;18;47;6
2022-09-27;Avda. Francia;2022;10;2;11;44;4
2022-09-27;Viveros;2022;NA;10;15;44;3
2022-09-27;Pista Silla;2022;12;8;18;42;3
2022-09-28;Avda. Francia;2022;12;2;10;45;3
2022-09-28;Viveros;2022;17;11;18;40;4
2022-09-28;Pista Silla;2022;12;7;17;45;3
2022-09-28;Moli del Sol;2022;11;6;18;46;8
2022-09-28;Politecnico;2022;12;6;12;51;3
2022-09-29;Pista Silla;2022;12;6;11;52;3
2022-09-29;Viveros;2022;NA;10;13;45;5
2022-09-29;Moli del Sol;2022;12;6;13;55;6
2022-09-29;Avda. Francia;2022;11;1;8;47;3
2022-09-29;Politecnico;2022;10;6;7;57;3
2022-09-30;Moli del Sol;2022;10;5;17;58;3
2022-09-30;Politecnico;2022;10;6;11;63;3
2022-09-30;Viveros;2022;18;12;14;51;4
2022-09-30;Pista Silla;2022;10;5;19;53;3
2022-09-30;Avda. Francia;2022;10;1;9;55;3
2022-10-01;Moli del Sol;2022;10;6;15;60;3
2022-10-01;Avda. Francia;2022;8;2;11;52;4
2022-10-01;Politecnico;2022;9;6;10;61;3
2022-10-01;Pista Silla;2022;10;7;17;54;3
2022-10-01;Viveros;2022;NA;12;16;50;4
2022-10-02;Moli del Sol;2022;9;6;14;60;4
2022-10-02;Avda. Francia;2022;6;2;7;59;3
2022-10-02;Pista Silla;2022;8;6;12;62;3
2022-10-02;Politecnico;2022;8;6;7;63;4
2022-10-02;Viveros;2022;14;10;13;52;3
2022-10-03;Avda. Francia;2022;13;3;19;39;4
2022-10-03;Moli del Sol;2022;19;13;28;45;4
2022-10-03;Pista Silla;2022;19;11;30;34;3
2022-10-03;Viveros;2022;NA;15;27;36;3
2022-10-03;Politecnico;2022;18;9;18;47;3
2022-10-04;Politecnico;2022;13;10;11;51;3
2022-10-04;Avda. Francia;2022;11;4;15;44;4
2022-10-04;Viveros;2022;25;15;17;42;4
2022-10-04;Moli del Sol;2022;23;17;25;41;4
2022-10-04;Pista Silla;2022;20;15;23;39;3
2022-10-05;Moli del Sol;2022;16;12;18;53;4
2022-10-05;Politecnico;2022;12;9;8;58;4
2022-10-05;Avda. Francia;2022;9;3;11;52;4
2022-10-05;Pista Silla;2022;14;10;20;47;3
2022-10-05;Viveros;2022;NA;11;13;47;5
2022-10-06;Viveros;2022;27;13;9;56;4
2022-10-06;Politecnico;2022;13;9;7;62;4
2022-10-06;Moli del Sol;2022;18;13;12;57;4
2022-10-06;Avda. Francia;2022;13;3;6;61;4
2022-10-06;Pista Silla;2022;13;10;8;71;3
2022-10-07;Avda. Francia;2022;8;3;8;59;4
2022-10-07;Moli del Sol;2022;21;16;18;53;3
2022-10-07;Pista Silla;2022;13;12;14;61;3
2022-10-07;Viveros;2022;NA;8;12;50;3
2022-10-07;Politecnico;2022;11;9;6;66;3
2022-10-08;Pista Silla;2022;18;15;9;61;3
2022-10-08;Moli del Sol;2022;23;17;9;56;4
2022-10-08;Avda. Francia;2022;13;5;5;59;4
2022-10-08;Viveros;2022;27;10;8;51;3
2022-10-08;Politecnico;2022;15;12;5;64;3
2022-10-09;Viveros;2022;NA;10;11;48;3
2022-10-09;Avda. Francia;2022;10;4;7;57;4
2022-10-09;Moli del Sol;2022;26;20;11;58;4
2022-10-09;Politecnico;2022;14;11;6;65;4
2022-10-09;Pista Silla;2022;18;15;14;60;3
2022-10-10;Moli del Sol;2022;32;24;17;47;4
2022-10-10;Pista Silla;2022;25;21;21;39;3
2022-10-10;Viveros;2022;27;12;17;39;4
2022-10-10;Avda. Francia;2022;14;6;15;41;4
2022-10-10;Politecnico;2022;17;14;11;50;3
2022-10-11;Politecnico;2022;13;11;5;55;3
2022-10-11;Avda. Francia;2022;7;4;10;46;4
2022-10-11;Pista Silla;2022;17;16;12;54;3
2022-10-11;Moli del Sol;2022;26;20;12;51;4
2022-10-11;Viveros;2022;NA;8;13;43;3
2022-10-12;Viveros;2022;21;10;8;47;3
2022-10-12;Avda. Francia;2022;11;5;6;55;4
2022-10-12;Pista Silla;2022;21;19;7;60;3
2022-10-12;Moli del Sol;2022;NA;NA;7;54;4
2022-10-12;Politecnico;2022;16;14;5;57;3
2022-10-13;Avda. Francia;2022;14;5;12;46;3
2022-10-13;Pista Silla;2022;26;22;23;40;3
2022-10-13;Politecnico;2022;18;14;13;47;4
2022-10-13;Moli del Sol;2022;NA;NA;18;46;4
2022-10-13;Viveros;2022;NA;12;17;40;5
2022-10-14;Viveros;2022;28;16;28;35;4
2022-10-14;Pista Silla;2022;28;21;27;38;3
2022-10-14;Moli del Sol;2022;13;10;28;43;3
2022-10-14;Avda. Francia;2022;18;5;18;43;3
2022-10-14;Politecnico;2022;19;14;19;44;4
2022-10-15;Avda. Francia;2022;15;6;19;43;3
2022-10-15;Moli del Sol;2022;22;18;22;53;3
2022-10-15;Politecnico;2022;21;17;10;57;3
2022-10-15;Pista Silla;2022;30;26;23;46;3
2022-10-15;Viveros;2022;NA;17;20;44;3
2022-10-16;Avda. Francia;2022;15;6;11;49;3
2022-10-16;Pista Silla;2022;28;24;13;56;3
2022-10-16;Moli del Sol;2022;23;19;16;52;3
2022-10-16;Politecnico;2022;21;18;7;56;3
2022-10-16;Viveros;2022;26;16;11;45;3
2022-10-17;Avda. Francia;2022;NA;NA;14;47;4
2022-10-17;Politecnico;2022;21;17;11;52;3
2022-10-17;Moli del Sol;2022;25;20;22;43;3
2022-10-17;Viveros;2022;NA;14;15;40;4
2022-10-17;Pista Silla;2022;29;22;22;43;3
2022-10-18;Moli del Sol;2022;25;20;26;33;3
2022-10-18;Pista Silla;2022;37;29;25;28;3
2022-10-18;Politecnico;2022;30;22;12;42;3
2022-10-18;Viveros;2022;39;16;17;32;3
2022-10-18;Avda. Francia;2022;NA;NA;17;35;4
2022-10-19;Avda. Francia;2022;NA;NA;13;41;4
2022-10-19;Moli del Sol;2022;36;28;20;43;3
2022-10-19;Politecnico;2022;36;27;10;43;4
2022-10-19;Viveros;2022;NA;18;15;36;4
2022-10-19;Pista Silla;2022;44;35;19;41;3
2022-10-20;Politecnico;2022;38;29;12;38;4
2022-10-20;Viveros;2022;49;19;18;31;4
2022-10-20;Pista Silla;2022;44;36;25;31;3
2022-10-20;Avda. Francia;2022;NA;NA;14;37;4
2022-10-20;Moli del Sol;2022;40;32;28;29;3
2022-10-21;Moli del Sol;2022;19;15;14;38;3
2022-10-21;Avda. Francia;2022;NA;NA;11;30;4
2022-10-21;Pista Silla;2022;26;19;15;30;3
2022-10-21;Politecnico;2022;21;15;8;37;3
2022-10-21;Viveros;2022;NA;11;16;26;3
2022-10-22;Avda. Francia;2022;14;9;14;31;3
2022-10-22;Politecnico;2022;17;12;15;30;3
2022-10-22;Viveros;2022;NA;NA;18;30;4
2022-10-22;Pista Silla;2022;22;16;20;32;3
2022-10-22;Moli del Sol;2022;15;12;20;37;3
2022-10-23;Moli del Sol;2022;30;24;15;34;4
2022-10-23;Viveros;2022;NA;NA;15;25;4
2022-10-23;Politecnico;2022;29;23;14;26;3
2022-10-23;Pista Silla;2022;35;29;16;30;3
2022-10-23;Avda. Francia;2022;28;20;15;28;3
2022-10-24;Moli del Sol;2022;17;13;33;24;3
2022-10-24;Pista Silla;2022;29;19;30;15;3
2022-10-24;Avda. Francia;2022;26;13;21;21;3
2022-10-24;Politecnico;2022;23;14;25;22;3
2022-10-24;Viveros;2022;NA;NA;28;17;4
2022-10-25;Pista Silla;2022;31;24;30;20;3
2022-10-25;Viveros;2022;NA;18;25;23;3
2022-10-25;Moli del Sol;2022;22;18;31;27;4
2022-10-25;Avda. Francia;2022;25;16;24;21;3
2022-10-25;Politecnico;2022;NA;NA;NA;NA;3
2022-10-26;Avda. Francia;2022;38;26;25;17;3
2022-10-26;Moli del Sol;2022;36;28;30;21;4
2022-10-26;Pista Silla;2022;48;34;30;21;4
2022-10-26;Politecnico;2022;NA;NA;NA;NA;4
2022-10-26;Viveros;2022;44;26;26;19;3
2022-10-27;Avda. Francia;2022;32;23;18;33;3
2022-10-27;Moli del Sol;2022;36;29;24;38;4
2022-10-27;Pista Silla;2022;42;23;22;42;3
2022-10-27;Viveros;2022;NA;21;20;33;3
2022-10-27;Politecnico;2022;31;25;NA;NA;4
2022-10-28;Pista Silla;2022;40;23;24;47;3
2022-10-28;Politecnico;2022;28;22;NA;NA;5
2022-10-28;Avda. Francia;2022;NA;NA;16;43;3
2022-10-28;Moli del Sol;2022;40;32;26;40;3
2022-10-28;Viveros;2022;35;18;20;38;4
2022-10-29;Viveros;2022;NA;16;17;40;3
2022-10-29;Politecnico;2022;25;21;NA;NA;5
2022-10-29;Pista Silla;2022;38;23;20;47;3
2022-10-29;Avda. Francia;2022;NA;NA;12;45;3
2022-10-29;Moli del Sol;2022;40;32;16;49;3
2022-10-30;Pista Silla;2022;33;20;14;55;3
2022-10-30;Politecnico;2022;21;18;NA;NA;5
2022-10-30;Avda. Francia;2022;NA;NA;10;43;3
2022-10-30;Moli del Sol;2022;34;26;14;49;3
2022-10-30;Viveros;2022;33;15;11;43;4
2022-10-31;Politecnico;2022;23;18;NA;NA;4
2022-10-31;Viveros;2022;NA;17;22;33;3
2022-10-31;Moli del Sol;2022;36;29;23;39;3
2022-10-31;Avda. Francia;2022;NA;NA;16;34;3
2022-10-31;Pista Silla;2022;37;22;25;38;3
2022-11-01;Moli del Sol;2022;30;24;14;46;3
2022-11-01;Pista Silla;2022;30;17;19;38;3
2022-11-01;Politecnico;2022;20;16;NA;NA;3
2022-11-01;Viveros;2022;26;15;12;38;4
2022-11-01;Avda. Francia;2022;NA;NA;17;26;3
2022-11-02;Moli del Sol;2022;27;21;16;43;4
2022-11-02;Viveros;2022;NA;13;14;38;3
2022-11-02;Avda. Francia;2022;NA;NA;11;35;3
2022-11-02;Pista Silla;2022;28;15;14;48;3
2022-11-02;Politecnico;2022;18;15;NA;NA;4
2022-11-03;Pista Silla;2022;37;15;14;36;3
2022-11-03;Politecnico;2022;20;13;NA;NA;3
2022-11-03;Viveros;2022;26;12;19;28;4
2022-11-03;Avda. Francia;2022;34;10;13;24;3
2022-11-03;Moli del Sol;2022;21;16;15;39;3
2022-11-04;Moli del Sol;2022;4;3;11;51;3
2022-11-04;Pista Silla;2022;15;4;12;50;3
2022-11-04;Avda. Francia;2022;21;3;8;35;3
2022-11-04;Viveros;2022;NA;7;13;41;3
2022-11-04;Politecnico;2022;9;5;8;NA;5
2022-11-05;Politecnico;2022;9;5;10;NA;4
2022-11-05;Moli del Sol;2022;8;6;16;47;3
2022-11-05;Viveros;2022;24;8;19;36;4
2022-11-05;Avda. Francia;2022;19;5;13;31;4
2022-11-05;Pista Silla;2022;15;6;19;43;4
2022-11-06;Pista Silla;2022;18;7;14;45;3
2022-11-06;Moli del Sol;2022;8;6;17;45;4
2022-11-06;Viveros;2022;NA;10;15;39;4
2022-11-06;Politecnico;2022;13;7;10;NA;3
2022-11-06;Avda. Francia;2022;24;6;10;32;4
2022-11-07;Politecnico;2022;16;9;13;NA;3
2022-11-07;Viveros;2022;24;11;23;36;3
2022-11-07;Moli del Sol;2022;11;9;26;39;NA
2022-11-07;Avda. Francia;2022;25;7;18;28;4
2022-11-07;Pista Silla;2022;19;9;30;33;3
2022-11-08;Pista Silla;2022;28;12;18;37;3
2022-11-08;Moli del Sol;2022;17;13;21;36;NA
2022-11-08;Viveros;2022;NA;14;25;27;5
2022-11-08;Politecnico;2022;20;12;12;NA;4
2022-11-08;Avda. Francia;2022;36;11;15;26;3
2022-11-09;Viveros;2022;25;9;20;28;3
2022-11-09;Pista Silla;2022;17;7;18;35;3
2022-11-09;Avda. Francia;2022;27;6;14;23;3
2022-11-09;Politecnico;2022;13;7;11;NA;3
2022-11-09;Moli del Sol;2022;9;7;18;36;NA
2022-11-10;Politecnico;2022;8;5;8;46;4
2022-11-10;Pista Silla;2022;11;5;15;46;3
2022-11-10;Viveros;2022;NA;6;12;41;3
2022-11-10;Avda. Francia;2022;15;4;10;32;3
2022-11-10;Moli del Sol;2022;4;3;14;42;4
2022-11-11;Politecnico;2022;9;7;10;37;5
2022-11-11;Viveros;2022;16;5;19;29;3
2022-11-11;Moli del Sol;2022;8;7;20;34;6
2022-11-11;Avda. Francia;2022;7;6;14;25;3
2022-11-11;Pista Silla;2022;12;7;20;36;3
2022-11-12;Avda. Francia;2022;15;11;14;35;3
2022-11-12;Politecnico;2022;15;12;7;56;4
2022-11-12;Pista Silla;2022;20;12;14;57;3
2022-11-12;Viveros;2022;25;8;7;52;4
2022-11-12;Moli del Sol;2022;14;12;8;58;6
2022-11-13;Avda. Francia;2022;18;10;8;29;3
2022-11-13;Viveros;2022;20;8;13;30;4
2022-11-13;Politecnico;2022;13;11;11;34;5
2022-11-13;Pista Silla;2022;22;12;14;35;3
2022-11-13;Moli del Sol;2022;14;11;11;35;6
2022-11-14;Avda. Francia;2022;27;11;12;19;3
2022-11-14;Viveros;2022;NA;10;21;20;3
2022-11-14;Pista Silla;2022;27;13;15;29;3
2022-11-14;Moli del Sol;2022;14;11;17;29;NA
2022-11-14;Politecnico;2022;15;11;11;31;4
2022-11-15;Politecnico;2022;9;6;9;40;4
2022-11-15;Pista Silla;2022;14;6;11;46;3
2022-11-15;Moli del Sol;2022;9;7;9;45;NA
2022-11-15;Avda. Francia;2022;13;5;8;28;3
2022-11-15;Viveros;2022;12;7;16;31;3
2022-11-16;Moli del Sol;2022;3;2;5;55;NA
2022-11-16;Politecnico;2022;6;4;7;46;5
2022-11-16;Avda. Francia;2022;8;2;5;NA;3
2022-11-16;Viveros;2022;NA;4;9;43;3
2022-11-16;Pista Silla;2022;10;3;6;59;3
2022-11-17;Avda. Francia;2022;8;2;3;NA;3
2022-11-17;Viveros;2022;7;4;7;40;3
2022-11-17;Moli del Sol;2022;3;2;4;50;NA
2022-11-17;Politecnico;2022;6;4;7;43;4
2022-11-17;Pista Silla;2022;10;2;5;54;3
2022-11-18;Politecnico;2022;7;5;8;43;4
2022-11-18;Viveros;2022;NA;5;15;36;3
2022-11-18;Moli del Sol;2022;6;4;9;48;NA
2022-11-18;Avda. Francia;2022;8;3;6;NA;3
2022-11-18;Pista Silla;2022;11;4;10;49;3
2022-11-19;Viveros;2022;8;5;10;45;3
2022-11-19;Politecnico;2022;5;4;7;49;4
2022-11-19;Pista Silla;2022;8;3;9;57;3
2022-11-19;Moli del Sol;2022;4;3;10;50;4
2022-11-19;Avda. Francia;2022;7;2;3;NA;5
2022-11-20;Avda. Francia;2022;5;3;3;NA;4
2022-11-20;Pista Silla;2022;7;3;6;60;3
2022-11-20;Viveros;2022;NA;4;8;45;5
2022-11-20;Politecnico;2022;5;4;7;50;5
2022-11-20;Moli del Sol;2022;5;4;8;50;4
2022-11-21;Avda. Francia;2022;10;3;4;NA;3
2022-11-21;Moli del Sol;2022;4;3;5;55;3
2022-11-21;Politecnico;2022;7;4;7;47;4
2022-11-21;Pista Silla;2022;12;3;6;60;3
2022-11-21;Viveros;2022;7;5;8;44;4
2022-11-22;Moli del Sol;2022;5;3;8;59;3
2022-11-22;Pista Silla;2022;9;3;8;67;3
2022-11-22;Politecnico;2022;6;4;7;52;3
2022-11-22;Avda. Francia;2022;10;3;4;NA;4
2022-11-22;Viveros;2022;NA;6;10;49;3
2022-11-23;Moli del Sol;2022;4;3;6;49;3
2022-11-23;Politecnico;2022;6;4;7;43;3
2022-11-23;Avda. Francia;2022;7;2;3;NA;3
2022-11-23;Viveros;2022;NA;5;7;40;3
2022-11-23;Pista Silla;2022;13;3;3;56;3
2022-11-24;Moli del Sol;2022;7;5;18;38;3
2022-11-24;Viveros;2022;NA;7;20;28;3
2022-11-24;Pista Silla;2022;15;7;17;37;3
2022-11-24;Avda. Francia;2022;10;4;11;24;3
2022-11-24;Politecnico;2022;8;6;10;38;3
2022-11-25;Moli del Sol;2022;7;5;10;47;3
2022-11-25;Avda. Francia;2022;10;4;6;42;3
2022-11-25;Pista Silla;2022;12;5;11;49;3
2022-11-25;Viveros;2022;NA;7;11;40;3
2022-11-25;Politecnico;2022;8;5;8;44;4
2022-11-26;Moli del Sol;2022;12;9;20;36;3
2022-11-26;Pista Silla;2022;21;9;24;34;3
2022-11-26;Viveros;2022;NA;10;25;28;5
2022-11-26;Avda. Francia;2022;20;8;14;32;5
2022-11-26;Politecnico;2022;11;8;13;34;4
2022-11-27;Politecnico;2022;15;12;12;31;4
2022-11-27;Avda. Francia;2022;18;11;14;24;5
2022-11-27;Moli del Sol;2022;19;14;18;29;3
2022-11-27;Pista Silla;2022;22;12;21;26;3
2022-11-27;Viveros;2022;24;12;19;25;4
2022-11-28;Pista Silla;2022;14;7;16;40;3
2022-11-28;Viveros;2022;NA;8;14;38;3
2022-11-28;Moli del Sol;2022;8;6;12;43;3
2022-11-28;Avda. Francia;2022;13;5;8;42;4
2022-11-28;Politecnico;2022;10;7;8;44;3
2022-11-29;Moli del Sol;2022;4;3;11;49;3
2022-11-29;Avda. Francia;2022;8;3;6;47;4
2022-11-29;Pista Silla;2022;10;3;10;56;3
2022-11-29;Politecnico;2022;8;5;9;46;4
2022-11-29;Viveros;2022;16;6;14;40;5
2022-11-30;Moli del Sol;2022;11;9;31;23;3
2022-11-30;Politecnico;2022;13;8;14;31;3
2022-11-30;Pista Silla;2022;25;12;30;22;4
2022-11-30;Viveros;2022;NA;12;31;19;5
2022-11-30;Avda. Francia;2022;23;8;20;24;4
2022-12-01;Politecnico;2022;11;9;NA;45;3
2022-12-01;Avda. Francia;2022;15;7;9;44;4
2022-12-01;Moli del Sol;2022;10;8;13;43;3
2022-12-01;Pista Silla;2022;14;8;10;52;3
2022-12-01;Viveros;2022;12;8;12;39;4
2022-12-02;Avda. Francia;2022;18;9;6;44;5
2022-12-02;Pista Silla;2022;17;10;9;56;3
2022-12-02;Viveros;2022;14;8;10;43;3
2022-12-02;Politecnico;2022;13;10;NA;46;3
2022-12-02;Moli del Sol;2022;12;10;12;47;3
2022-12-03;Politecnico;2022;13;12;NA;38;3
2022-12-03;Viveros;2022;18;11;19;27;3
2022-12-03;Avda. Francia;2022;15;12;7;36;5
2022-12-03;Moli del Sol;2022;18;14;17;34;3
2022-12-03;Pista Silla;2022;23;14;16;36;3
2022-12-04;Avda. Francia;2022;15;12;12;29;4
2022-12-04;Viveros;2022;NA;13;16;27;4
2022-12-04;Moli del Sol;2022;25;20;20;27;3
2022-12-04;Politecnico;2022;15;13;NA;38;3
2022-12-04;Pista Silla;2022;25;16;16;31;3
2022-12-05;Politecnico;2022;18;15;NA;36;4
2022-12-05;Avda. Francia;2022;21;13;12;33;4
2022-12-05;Pista Silla;2022;28;17;16;37;3
2022-12-05;Viveros;2022;20;14;18;28;5
2022-12-05;Moli del Sol;2022;26;21;22;27;3
2022-12-06;Avda. Francia;2022;26;18;12;34;3
2022-12-06;Pista Silla;2022;38;23;18;35;3
2022-12-06;Viveros;2022;NA;17;20;26;4
2022-12-06;Moli del Sol;2022;41;33;21;26;3
2022-12-06;Politecnico;2022;23;20;NA;35;3
2022-12-07;Pista Silla;2022;53;32;24;19;3
2022-12-07;Viveros;2022;31;20;21;17;3
2022-12-07;Avda. Francia;2022;31;25;18;20;4
2022-12-07;Moli del Sol;2022;44;35;27;16;3
2022-12-07;Politecnico;2022;30;28;NA;31;4
2022-12-08;Politecnico;2022;36;34;NA;22;3
2022-12-08;Pista Silla;2022;57;37;19;16;3
2022-12-08;Viveros;2022;NA;22;22;11;3
2022-12-08;Moli del Sol;2022;61;49;23;14;3
2022-12-08;Avda. Francia;2022;36;32;17;13;3
2022-12-09;Viveros;2022;21;8;26;23;3
2022-12-09;Avda. Francia;2022;10;6;17;30;3
2022-12-09;Pista Silla;2022;14;8;24;31;4
2022-12-09;Politecnico;2022;9;8;NA;35;4
2022-12-09;Moli del Sol;2022;14;11;25;30;3
2022-12-10;Politecnico;2022;6;4;NA;44;4
2022-12-10;Moli del Sol;2022;6;4;11;44;3
2022-12-10;Avda. Francia;2022;5;3;8;40;4
2022-12-10;Pista Silla;2022;7;3;11;47;3
2022-12-10;Viveros;2022;NA;4;13;36;3
2022-12-11;Avda. Francia;2022;7;6;6;39;5
2022-12-11;Moli del Sol;2022;8;7;10;43;3
2022-12-11;Politecnico;2022;9;8;NA;43;5
2022-12-11;Pista Silla;2022;12;7;11;49;3
2022-12-11;Viveros;2022;14;5;11;36;3
2022-12-12;Moli del Sol;2022;23;18;21;24;3
2022-12-12;Pista Silla;2022;25;15;21;25;3
2022-12-12;Viveros;2022;NA;12;23;18;5
2022-12-12;Politecnico;2022;18;15;NA;27;5
2022-12-12;Avda. Francia;2022;16;12;16;21;4
2022-12-13;Avda. Francia;2022;6;3;11;30;3
2022-12-13;Moli del Sol;2022;6;5;17;37;3
2022-12-13;Politecnico;2022;6;5;NA;36;3
2022-12-13;Viveros;2022;12;4;16;29;3
2022-12-13;Pista Silla;2022;7;4;15;37;3
2022-12-14;Avda. Francia;2022;9;5;16;32;3
2022-12-14;Moli del Sol;2022;9;7;24;36;3
2022-12-14;Politecnico;2022;10;7;NA;35;3
2022-12-14;Pista Silla;2022;12;6;23;36;3
2022-12-14;Viveros;2022;NA;7;25;27;3
2022-12-15;Avda. Francia;2022;7;3;9;41;3
2022-12-15;Politecnico;2022;7;5;NA;45;3
2022-12-15;Moli del Sol;2022;6;5;12;51;3
2022-12-15;Pista Silla;2022;8;4;11;49;3
2022-12-15;Viveros;2022;NA;5;14;40;3
2022-12-16;Pista Silla;2022;10;5;17;40;3
2022-12-16;Politecnico;2022;8;6;NA;41;4
2022-12-16;Avda. Francia;2022;10;5;11;34;4
2022-12-16;Viveros;2022;NA;7;19;32;3
2022-12-16;Moli del Sol;2022;7;6;18;41;3
2022-12-17;Viveros;2022;19;12;22;16;4
2022-12-17;Avda. Francia;2022;15;9;17;18;4
2022-12-17;Politecnico;2022;15;12;NA;23;4
2022-12-17;Pista Silla;2022;20;12;23;18;3
2022-12-17;Moli del Sol;2022;21;17;24;19;3
2022-12-18;Avda. Francia;2022;14;12;11;18;4
2022-12-18;Politecnico;2022;15;14;NA;25;5
2022-12-18;Viveros;2022;NA;13;17;16;4
2022-12-18;Pista Silla;2022;25;15;14;20;3
2022-12-18;Moli del Sol;2022;19;16;18;21;3
2022-12-19;Avda. Francia;2022;18;14;19;23;4
2022-12-19;Moli del Sol;2022;23;18;25;25;3
2022-12-19;Pista Silla;2022;29;17;25;20;4
2022-12-19;Viveros;2022;19;13;26;19;3
2022-12-19;Politecnico;2022;20;17;NA;27;4
2022-12-20;Viveros;2022;NA;15;27;12;3
2022-12-20;Pista Silla;2022;30;16;21;17;3
2022-12-20;Moli del Sol;2022;18;14;24;19;4
2022-12-20;Avda. Francia;2022;32;14;17;17;4
2022-12-20;Politecnico;2022;23;15;NA;23;3
2022-12-21;Moli del Sol;2022;5;4;9;53;3
2022-12-21;Pista Silla;2022;10;4;9;52;3
2022-12-21;Viveros;2022;15;6;13;40;3
2022-12-21;Politecnico;2022;9;6;NA;42;4
2022-12-21;Avda. Francia;2022;14;4;9;45;3
2022-12-22;Viveros;2022;NA;12;20;27;3
2022-12-22;Avda. Francia;2022;13;4;12;34;3
2022-12-22;Pista Silla;2022;9;4;15;40;4
2022-12-22;Moli del Sol;2022;9;7;20;34;3
2022-12-22;Politecnico;2022;9;6;NA;28;3
2022-12-23;Avda. Francia;2022;9;4;10;34;3
2022-12-23;Pista Silla;2022;9;4;12;41;3
2022-12-23;Viveros;2022;14;6;18;27;3
2022-12-23;Moli del Sol;2022;6;5;18;35;3
2022-12-23;Politecnico;2022;8;6;NA;27;3
2022-12-24;Pista Silla;2022;18;10;17;30;3
2022-12-24;Avda. Francia;2022;14;10;12;28;3
2022-12-24;Viveros;2022;NA;11;19;21;4
2022-12-24;Moli del Sol;2022;24;19;20;26;3
2022-12-24;Politecnico;2022;13;12;NA;27;3
2022-12-25;Pista Silla;2022;16;9;14;32;3
2022-12-25;Viveros;2022;14;9;18;24;4
2022-12-25;Moli del Sol;2022;16;12;16;30;3
2022-12-25;Politecnico;2022;12;9;NA;27;4
2022-12-25;Avda. Francia;2022;14;7;9;32;4
2022-12-26;Viveros;2022;NA;17;30;11;4
2022-12-26;Moli del Sol;2022;23;18;32;16;3
2022-12-26;Politecnico;2022;22;16;NA;14;4
2022-12-26;Pista Silla;2022;40;19;34;13;5
2022-12-26;Avda. Francia;2022;52;15;26;10;4
2022-12-27;Moli del Sol;2022;20;16;31;18;4
2022-12-27;Avda. Francia;2022;34;14;23;16;4
2022-12-27;Pista Silla;2022;35;18;30;18;4
2022-12-27;Politecnico;2022;21;15;NA;20;5
2022-12-27;Viveros;2022;22;14;26;17;4
2022-12-28;Politecnico;2022;29;22;NA;17;5
2022-12-28;Viveros;2022;NA;19;28;14;3
2022-12-28;Avda. Francia;2022;36;23;18;20;4
2022-12-28;Moli del Sol;2022;33;26;31;17;4
2022-12-28;Pista Silla;2022;49;27;30;18;4
2022-12-29;Politecnico;2022;15;10;NA;32;4
2022-12-29;Pista Silla;2022;27;11;12;42;3
2022-12-29;Viveros;2022;20;11;16;30;3
2022-12-29;Moli del Sol;2022;13;10;16;39;4
2022-12-29;Avda. Francia;2022;26;9;9;36;4
2022-12-30;Avda. Francia;2022;27;7;8;41;3
2022-12-30;Pista Silla;2022;26;9;11;49;3
2022-12-30;Moli del Sol;2022;10;8;8;51;4
2022-12-30;Viveros;2022;NA;10;11;39;4
2022-12-30;Politecnico;2022;13;8;NA;37;3
2022-12-31;Moli del Sol;2022;24;19;21;29;4
2022-12-31;Viveros;2022;NA;13;22;23;5
2022-12-31;Pista Silla;2022;26;13;19;33;3
2022-12-31;Avda. Francia;2022;23;11;11;34;4
2022-12-31;Politecnico;2022;16;12;NA;27;3
2023-01-01;Avda. Francia;2023;24;17;11;28;4
2023-01-01;Viveros;2023;23;15;17;23;4
2023-01-01;Pista Silla;2023;34;20;16;31;3
2023-01-01;Politecnico;2023;20;17;NA;25;4
2023-01-01;Moli del Sol;2023;28;23;19;26;4
2023-01-02;Avda. Francia;2023;37;21;18;20;3
2023-01-02;Viveros;2023;26;19;23;16;3
2023-01-02;Pista Silla;2023;48;25;25;21;3
2023-01-02;Politecnico;2023;25;20;NA;20;3
2023-01-02;Moli del Sol;2023;32;26;29;18;3
2023-01-03;Avda. Francia;2023;40;26;22;17;3
2023-01-03;Viveros;2023;30;22;29;12;3
2023-01-03;Pista Silla;2023;54;32;29;17;4
2023-01-03;Politecnico;2023;30;25;NA;19;6
2023-01-03;Moli del Sol;2023;40;32;30;17;3
2023-01-04;Avda. Francia;2023;35;20;21;16;4
2023-01-04;Viveros;2023;22;17;27;11;4
2023-01-04;Pista Silla;2023;42;24;27;16;3
2023-01-04;Politecnico;2023;25;21;NA;16;5
2023-01-04;Moli del Sol;2023;29;23;26;19;3
2023-01-05;Avda. Francia;2023;31;21;22;18;4
2023-01-05;Viveros;2023;23;17;24;18;4
2023-01-05;Pista Silla;2023;43;25;28;18;3
2023-01-05;Politecnico;2023;25;21;NA;17;4
2023-01-05;Moli del Sol;2023;30;23;26;24;4
2023-01-06;Avda. Francia;2023;24;20;16;22;4
2023-01-06;Viveros;2023;18;16;21;19;3
2023-01-06;Pista Silla;2023;38;23;22;22;3
2023-01-06;Politecnico;2023;15;14;NA;26;3
2023-01-06;Moli del Sol;2023;28;23;25;21;4
2023-01-07;Avda. Francia;2023;20;14;9;37;4
2023-01-07;Viveros;2023;15;14;15;29;3
2023-01-07;Pista Silla;2023;33;16;11;43;3
2023-01-07;Moli del Sol;2023;23;18;11;38;4
2023-01-08;Avda. Francia;2023;10;4;4;48;3
2023-01-08;Viveros;2023;6;6;5;47;3
2023-01-08;Pista Silla;2023;21;5;6;61;3
2023-01-08;Moli del Sol;2023;5;4;2;61;3
2023-01-09;Avda. Francia;2023;12;4;14;36;3
2023-01-09;Viveros;2023;8;7;16;36;3
2023-01-09;Pista Silla;2023;16;5;20;41;3
2023-01-09;Moli del Sol;2023;6;5;19;42;4
2023-01-10;Avda. Francia;2023;20;7;17;26;4
2023-01-10;Viveros;2023;13;12;25;23;3
2023-01-10;Pista Silla;2023;20;9;24;31;3
2023-01-10;Politecnico;2023;18;10;NA;18;3
2023-01-10;Moli del Sol;2023;12;10;25;29;4
2023-01-11;Avda. Francia;2023;22;8;18;17;4
2023-01-11;Viveros;2023;18;12;23;15;3
2023-01-11;Pista Silla;2023;24;10;21;22;3
2023-01-11;Politecnico;2023;17;11;NA;15;3
2023-01-11;Moli del Sol;2023;13;10;22;25;4
2023-01-12;Avda. Francia;2023;21;9;16;26;4
2023-01-12;Viveros;2023;17;11;24;21;3
2023-01-12;Pista Silla;2023;29;12;27;22;3
2023-01-12;Politecnico;2023;15;9;23;25;3
2023-01-12;Moli del Sol;2023;13;10;27;25;4
2023-01-13;Avda. Francia;2023;40;14;21;16;4
2023-01-13;Viveros;2023;28;19;33;11;4
2023-01-13;Pista Silla;2023;40;16;31;16;3
2023-01-13;Politecnico;2023;25;15;29;14;3
2023-01-13;Moli del Sol;2023;28;22;30;17;4
2023-01-14;Avda. Francia;2023;21;11;12;29;4
2023-01-14;Viveros;2023;16;13;20;21;3
2023-01-14;Pista Silla;2023;25;12;15;31;3
2023-01-14;Politecnico;2023;14;11;22;25;3
2023-01-14;Moli del Sol;2023;14;11;16;33;3
2023-01-15;Avda. Francia;2023;19;7;4;40;4
2023-01-15;Viveros;2023;16;12;8;35;4
2023-01-15;Pista Silla;2023;39;10;5;51;3
2023-01-15;Politecnico;2023;13;8;12;35;3
2023-01-15;Moli del Sol;2023;12;9;7;46;3
2023-01-16;Avda. Francia;2023;31;4;3;51;3
2023-01-16;Viveros;2023;23;12;7;NA;4
2023-01-16;Pista Silla;2023;77;11;5;66;3
2023-01-16;Politecnico;2023;17;6;11;NA;3
2023-01-16;Moli del Sol;2023;9;5;5;59;4
2023-01-17;Avda. Francia;2023;39;3;4;62;3
2023-01-17;Viveros;2023;33;18;5;NA;3
2023-01-17;Pista Silla;2023;88;10;5;81;3
2023-01-17;Politecnico;2023;19;5;7;NA;3
2023-01-17;Moli del Sol;2023;11;4;3;73;5
2023-01-18;Avda. Francia;2023;6;2;5;51;4
2023-01-18;Viveros;2023;14;6;11;61;4
2023-01-18;Pista Silla;2023;12;3;10;65;3
2023-01-18;Politecnico;2023;6;3;6;59;3
2023-01-18;Moli del Sol;2023;3;2;9;62;4
2023-01-19;Avda. Francia;2023;8;3;3;50;4
2023-01-19;Viveros;2023;15;7;10;56;4
2023-01-19;Pista Silla;2023;14;4;7;62;3
2023-01-19;Politecnico;2023;8;4;7;56;3
2023-01-19;Moli del Sol;2023;4;3;7;58;4
2023-01-20;Avda. Francia;2023;18;4;10;46;4
2023-01-20;Viveros;2023;18;10;20;47;4
2023-01-20;Pista Silla;2023;23;7;27;40;3
2023-01-20;Politecnico;2023;13;6;11;53;3
2023-01-20;Moli del Sol;2023;8;6;24;44;4
2023-01-21;Avda. Francia;2023;15;4;6;49;4
2023-01-21;Viveros;2023;18;11;11;55;4
2023-01-21;Pista Silla;2023;23;6;15;49;3
2023-01-21;Politecnico;2023;11;6;8;56;3
2023-01-21;Moli del Sol;2023;9;7;13;48;4
2023-01-22;Avda. Francia;2023;6;3;2;60;4
2023-01-22;Viveros;2023;10;8;5;71;3
2023-01-22;Pista Silla;2023;11;4;6;70;3
2023-01-22;Politecnico;2023;6;4;3;66;3
2023-01-22;Moli del Sol;2023;4;3;2;67;4
2023-01-23;Avda. Francia;2023;24;7;12;36;3
2023-01-23;Viveros;2023;18;11;24;39;4
2023-01-23;Pista Silla;2023;25;9;27;36;3
2023-01-23;Politecnico;2023;14;8;14;45;3
2023-01-23;Moli del Sol;2023;13;11;25;39;4
2023-01-24;Avda. Francia;2023;21;9;8;36;3
2023-01-24;Viveros;2023;15;12;16;41;3
2023-01-24;Pista Silla;2023;24;11;16;42;3
2023-01-24;Politecnico;2023;16;11;13;41;3
2023-01-24;Moli del Sol;2023;16;12;17;40;3
2023-01-25;Avda. Francia;2023;32;10;15;30;3
2023-01-25;Viveros;2023;24;19;24;34;3
2023-01-25;Pista Silla;2023;33;13;23;34;3
2023-01-25;Politecnico;2023;21;12;21;36;3
2023-01-25;Moli del Sol;2023;16;13;23;36;3
2023-01-26;Avda. Francia;2023;28;11;17;28;3
2023-01-26;Viveros;2023;16;16;30;28;3
2023-01-26;Pista Silla;2023;32;14;31;26;3
2023-01-26;Politecnico;2023;19;12;20;35;3
2023-01-26;Moli del Sol;2023;19;15;31;28;4
2023-01-27;Avda. Francia;2023;22;9;18;28;3
2023-01-27;Viveros;2023;16;14;28;33;3
2023-01-27;Pista Silla;2023;30;12;29;29;3
2023-01-27;Politecnico;2023;16;10;20;40;3
2023-01-27;Moli del Sol;2023;15;12;34;29;5
2023-01-28;Avda. Francia;2023;14;7;10;41;3
2023-01-28;Viveros;2023;11;12;16;50;3
2023-01-28;Pista Silla;2023;21;10;19;44;3
2023-01-28;Politecnico;2023;10;7;10;54;3
2023-01-28;Moli del Sol;2023;11;9;22;44;4
2023-01-29;Avda. Francia;2023;11;7;5;39;3
2023-01-29;Viveros;2023;9;9;11;46;3
2023-01-29;Pista Silla;2023;15;9;10;47;3
2023-01-29;Politecnico;2023;12;9;9;49;3
2023-01-29;Moli del Sol;2023;9;7;10;48;4
2023-01-30;Avda. Francia;2023;23;13;12;31;3
2023-01-30;Viveros;2023;17;12;21;34;3
2023-01-30;Pista Silla;2023;31;17;27;27;3
2023-01-30;Politecnico;2023;18;14;22;37;3
2023-01-30;Moli del Sol;2023;17;13;25;32;4
2023-01-31;Avda. Francia;2023;29;16;20;26;3
2023-01-31;Viveros;2023;27;16;29;28;4
2023-01-31;Pista Silla;2023;38;20;31;24;3
2023-01-31;Politecnico;2023;24;17;29;34;3
2023-01-31;Moli del Sol;2023;22;18;35;25;4
2023-02-01;Avda. Francia;2023;36;20;22;27;3
2023-02-01;Viveros;2023;26;18;29;35;3
2023-02-01;Pista Silla;2023;48;25;34;25;3
2023-02-01;Politecnico;2023;27;20;31;36;3
2023-02-01;Moli del Sol;2023;20;16;32;32;4
2023-02-02;Avda. Francia;2023;36;21;20;31;3
2023-02-02;Viveros;2023;29;19;33;28;3
2023-02-02;Pista Silla;2023;33;21;36;27;3
2023-02-02;Politecnico;2023;29;22;32;36;3
2023-02-02;Moli del Sol;2023;22;18;35;31;4
2023-02-03;Avda. Francia;2023;39;19;28;24;3
2023-02-03;Viveros;2023;31;20;35;27;3
2023-02-03;Pista Silla;2023;20;13;37;25;3
2023-02-03;Politecnico;2023;32;23;51;21;3
2023-02-03;Moli del Sol;2023;21;16;35;31;4
2023-02-04;Avda. Francia;2023;41;15;28;23;3
2023-02-04;Viveros;2023;27;17;36;33;3
2023-02-04;Pista Silla;2023;17;9;38;23;3
2023-02-04;Politecnico;2023;21;13;36;36;3
2023-02-04;Moli del Sol;2023;16;12;38;31;4
2023-02-05;Avda. Francia;2023;24;13;20;27;3
2023-02-05;Viveros;2023;21;14;23;36;3
2023-02-05;Pista Silla;2023;15;10;25;30;3
2023-02-05;Politecnico;2023;20;16;33;36;3
2023-02-05;Moli del Sol;2023;17;14;25;35;3
2023-02-06;Avda. Francia;2023;20;11;11;36;3
2023-02-06;Viveros;2023;18;10;14;45;3
2023-02-06;Pista Silla;2023;12;6;12;47;3
2023-02-06;Politecnico;2023;16;12;19;48;3
2023-02-06;Moli del Sol;2023;13;10;16;44;3
2023-02-07;Avda. Francia;2023;23;9;8;45;3
2023-02-07;Viveros;2023;17;10;15;52;3
2023-02-07;Pista Silla;2023;10;5;17;49;3
2023-02-07;Politecnico;2023;18;12;15;54;3
2023-02-07;Moli del Sol;2023;12;9;23;42;3
2023-02-08;Avda. Francia;2023;10;8;8;44;3
2023-02-08;Viveros;2023;10;4;10;57;4
2023-02-08;Pista Silla;2023;6;3;9;60;3
2023-02-08;Politecnico;2023;11;9;17;57;3
2023-02-08;Moli del Sol;2023;9;6;10;58;3
2023-02-09;Avda. Francia;2023;16;7;6;54;3
2023-02-09;Viveros;2023;12;6;9;69;3
2023-02-09;Pista Silla;2023;8;3;11;68;3
2023-02-09;Politecnico;2023;14;9;11;67;3
2023-02-09;Moli del Sol;2023;7;6;13;60;3
2023-02-10;Avda. Francia;2023;22;15;20;28;3
2023-02-10;Viveros;2023;20;13;27;30;4
2023-02-10;Pista Silla;2023;17;11;31;29;3
2023-02-10;Politecnico;2023;19;15;29;36;3
2023-02-10;Moli del Sol;2023;19;15;25;31;4
2023-02-11;Avda. Francia;2023;19;13;12;44;3
2023-02-11;Viveros;2023;15;12;16;52;3
2023-02-11;Pista Silla;2023;13;9;22;46;3
2023-02-11;Politecnico;2023;18;16;16;56;3
2023-02-11;Moli del Sol;2023;16;13;18;47;3
2023-02-12;Avda. Francia;2023;20;16;12;49;3
2023-02-12;Viveros;2023;17;14;19;51;3
2023-02-12;Pista Silla;2023;17;12;22;48;3
2023-02-12;Politecnico;2023;21;18;18;60;3
2023-02-12;Moli del Sol;2023;18;14;17;50;3
2023-02-13;Avda. Francia;2023;26;17;18;35;3
2023-02-13;Viveros;2023;16;14;28;37;3
2023-02-13;Pista Silla;2023;18;13;31;34;3
2023-02-13;Politecnico;2023;24;20;26;45;3
2023-02-13;Moli del Sol;2023;17;13;24;40;3
2023-02-14;Avda. Francia;2023;23;18;13;48;3
2023-02-14;Viveros;2023;14;13;17;59;3
2023-02-14;Pista Silla;2023;18;14;20;57;3
2023-02-14;Politecnico;2023;22;19;19;61;3
2023-02-14;Moli del Sol;2023;17;14;21;51;3
2023-02-15;Avda. Francia;2023;18;13;12;50;3
2023-02-15;Viveros;2023;11;10;17;60;3
2023-02-15;Pista Silla;2023;14;9;27;52;3
2023-02-15;Politecnico;2023;18;15;23;57;3
2023-02-15;Moli del Sol;2023;16;13;25;44;4
2023-02-16;Avda. Francia;2023;30;22;18;36;3
2023-02-16;Viveros;2023;20;17;22;43;3
2023-02-16;Pista Silla;2023;24;18;35;29;3
2023-02-16;Politecnico;2023;28;25;26;47;3
2023-02-16;Moli del Sol;2023;22;17;27;35;4
2023-02-17;Avda. Francia;2023;42;27;22;31;3
2023-02-17;Viveros;2023;27;20;32;33;4
2023-02-17;Pista Silla;2023;25;20;35;29;3
2023-02-17;Politecnico;2023;34;29;30;39;3
2023-02-17;Moli del Sol;2023;24;19;29;33;3
2023-02-18;Avda. Francia;2023;32;21;19;34;3
2023-02-18;Viveros;2023;23;19;26;45;3
2023-02-18;Pista Silla;2023;23;17;30;36;3
2023-02-18;Politecnico;2023;28;23;34;39;3
2023-02-18;Moli del Sol;2023;26;21;24;43;3
2023-02-19;Avda. Francia;2023;39;29;25;22;3
2023-02-19;Viveros;2023;34;30;32;28;3
2023-02-19;Pista Silla;2023;25;20;31;29;3
2023-02-19;Politecnico;2023;39;34;41;32;3
2023-02-19;Moli del Sol;2023;34;28;33;26;3
2023-02-20;Avda. Francia;2023;53;35;31;19;3
2023-02-20;Viveros;2023;34;29;37;27;3
2023-02-20;Pista Silla;2023;32;26;45;19;4
2023-02-20;Politecnico;2023;45;38;46;29;3
2023-02-20;Moli del Sol;2023;31;25;39;23;4
2023-02-21;Avda. Francia;2023;63;29;36;14;3
2023-02-21;Viveros;2023;36;26;42;19;4
2023-02-21;Pista Silla;2023;26;20;45;17;3
2023-02-21;Politecnico;2023;45;34;55;21;3
2023-02-21;Moli del Sol;2023;30;24;45;17;3
2023-02-22;Avda. Francia;2023;47;35;23;28;3
2023-02-22;Viveros;2023;35;29;25;36;4
2023-02-22;Pista Silla;2023;36;31;30;32;3
2023-02-22;Politecnico;2023;47;40;40;39;3
2023-02-22;Moli del Sol;2023;39;31;30;28;5
2023-02-23;Avda. Francia;2023;58;37;20;28;3
2023-02-23;Viveros;2023;44;27;23;38;4
2023-02-23;Pista Silla;2023;35;28;25;36;3
2023-02-23;Politecnico;2023;49;41;34;41;3
2023-02-23;Moli del Sol;2023;36;29;21;36;3
2023-02-24;Avda. Francia;2023;16;5;14;32;3
2023-02-24;Viveros;2023;11;8;20;43;4
2023-02-24;Pista Silla;2023;8;4;25;37;3
2023-02-24;Politecnico;2023;10;6;17;49;3
2023-02-24;Moli del Sol;2023;NA;NA;19;45;3
2023-02-25;Avda. Francia;2023;17;8;9;NA;3
2023-02-25;Viveros;2023;15;10;15;50;3
2023-02-25;Pista Silla;2023;9;4;12;52;3
2023-02-25;Politecnico;2023;12;9;13;54;3
2023-02-25;Moli del Sol;2023;NA;NA;14;51;3
2023-02-26;Avda. Francia;2023;16;4;3;NA;3
2023-02-26;Viveros;2023;18;10;7;67;3
2023-02-26;Pista Silla;2023;11;2;7;69;3
2023-02-26;Politecnico;2023;10;5;4;67;3
2023-02-26;Moli del Sol;2023;NA;NA;6;65;3
2023-02-27;Avda. Francia;2023;15;4;3;NA;3
2023-02-27;Viveros;2023;18;11;6;71;4
2023-02-27;Pista Silla;2023;11;2;9;70;3
2023-02-27;Politecnico;2023;10;6;3;70;3
2023-02-28;Avda. Francia;2023;19;6;8;NA;3
2023-02-28;Viveros;2023;14;8;16;57;3
2023-02-28;Pista Silla;2023;9;3;21;52;3
2023-02-28;Politecnico;2023;18;9;13;61;3
2023-02-28;Moli del Sol;2023;8;7;22;54;3
2023-03-01;Avda. Francia;2023;21;7;6;NA;3
2023-03-01;Viveros;2023;14;9;14;59;4
2023-03-01;Pista Silla;2023;9;4;17;57;3
2023-03-01;Politecnico;2023;15;9;15;62;3
2023-03-01;Moli del Sol;2023;8;6;17;58;3
2023-03-02;Avda. Francia;2023;25;15;9;59;3
2023-03-02;Viveros;2023;20;15;21;56;3
2023-03-02;Pista Silla;2023;18;11;27;50;3
2023-03-02;Politecnico;2023;20;16;22;63;3
2023-03-02;Moli del Sol;2023;16;13;27;52;3
2023-03-03;Avda. Francia;2023;30;14;14;55;3
2023-03-03;Viveros;2023;22;15;25;50;3
2023-03-03;Pista Silla;2023;20;12;30;44;4
2023-03-03;Politecnico;2023;21;15;25;58;3
2023-03-03;Moli del Sol;2023;19;15;29;48;3
2023-03-04;Avda. Francia;2023;25;19;9;64;3
2023-03-04;Viveros;2023;22;15;16;62;4
2023-03-04;Pista Silla;2023;20;15;16;62;3
2023-03-04;Politecnico;2023;21;18;18;66;3
2023-03-04;Moli del Sol;2023;16;13;18;60;3
2023-03-05;Avda. Francia;2023;26;17;10;64;3
2023-03-05;Viveros;2023;28;15;15;64;3
2023-03-05;Pista Silla;2023;22;15;14;66;4
2023-03-05;Politecnico;2023;20;17;24;65;3
2023-03-05;Moli del Sol;2023;14;11;15;62;3
2023-03-06;Avda. Francia;2023;10;5;14;59;3
2023-03-06;Viveros;2023;9;7;13;59;5
2023-03-06;Pista Silla;2023;7;2;14;59;3
2023-03-06;Politecnico;2023;8;6;23;59;3
2023-03-06;Moli del Sol;2023;5;4;15;58;3
2023-03-07;Avda. Francia;2023;11;4;16;68;3
2023-03-07;Viveros;2023;21;12;8;68;5
2023-03-07;Pista Silla;2023;10;2;9;68;3
2023-03-07;Politecnico;2023;10;5;19;63;3
2023-03-07;Moli del Sol;2023;5;4;8;65;3
2023-03-08;Avda. Francia;2023;10;3;14;56;3
2023-03-08;Viveros;2023;14;8;8;54;5
2023-03-08;Pista Silla;2023;9;1;6;58;3
2023-03-08;Politecnico;2023;8;4;17;53;3
2023-03-08;Moli del Sol;2023;14;7;6;58;3
2023-03-09;Avda. Francia;2023;14;4;16;57;3
2023-03-09;Viveros;2023;19;10;9;52;4
2023-03-09;Pista Silla;2023;13;2;8;55;3
2023-03-09;Politecnico;2023;11;6;19;52;3
2023-03-09;Moli del Sol;2023;25;12;8;57;3
2023-03-10;Avda. Francia;2023;15;4;15;74;3
2023-03-10;Viveros;2023;22;10;9;70;3
2023-03-10;Pista Silla;2023;10;2;12;68;4
2023-03-10;Politecnico;2023;11;7;NA;69;5
2023-03-10;Moli del Sol;2023;16;9;7;73;3
2023-03-11;Avda. Francia;2023;17;6;11;60;3
2023-03-11;Viveros;2023;24;15;6;56;4
2023-03-11;Pista Silla;2023;16;3;6;59;3
2023-03-11;Politecnico;2023;11;7;1;58;4
2023-03-11;Moli del Sol;2023;23;13;5;60;3
2023-03-12;Avda. Francia;2023;9;5;16;44;3
2023-03-12;Viveros;2023;18;13;9;41;4
2023-03-12;Pista Silla;2023;10;5;9;43;3
2023-03-12;Politecnico;2023;9;6;NA;40;5
2023-03-12;Moli del Sol;2023;18;13;10;42;3
2023-03-13;Avda. Francia;2023;30;8;31;36;3
2023-03-13;Viveros;2023;29;14;17;39;5
2023-03-13;Pista Silla;2023;24;6;19;36;4
2023-03-13;Politecnico;2023;20;10;24;35;6
2023-03-13;Moli del Sol;2023;47;22;18;40;3
2023-03-14;Avda. Francia;2023;18;4;23;71;3
2023-03-14;Viveros;2023;17;9;13;71;4
2023-03-14;Pista Silla;2023;12;4;19;66;4
2023-03-14;Politecnico;2023;13;5;15;68;4
2023-03-14;Moli del Sol;2023;18;10;17;65;4
2023-03-15;Avda. Francia;2023;27;8;25;59;3
2023-03-15;Viveros;2023;28;14;20;57;4
2023-03-15;Pista Silla;2023;16;8;23;53;4
2023-03-15;Politecnico;2023;15;9;21;57;5
2023-03-15;Moli del Sol;2023;29;19;21;54;4
2023-03-16;Avda. Francia;2023;24;16;18;62;3
2023-03-16;Viveros;2023;27;16;16;61;4
2023-03-16;Pista Silla;2023;27;19;19;61;5
2023-03-16;Politecnico;2023;18;14;16;63;5
2023-03-16;Moli del Sol;2023;50;39;23;50;4
2023-03-17;Avda. Francia;2023;18;12;10;73;4
2023-03-17;Viveros;2023;21;13;13;65;4
2023-03-17;Pista Silla;2023;20;13;16;64;4
2023-03-17;Politecnico;2023;15;12;14;66;5
2023-03-17;Moli del Sol;2023;37;29;19;53;4
2023-03-18;Avda. Francia;2023;31;19;18;52;4
2023-03-18;Viveros;2023;35;19;16;52;3
2023-03-18;Pista Silla;2023;26;13;15;50;4
2023-03-18;Politecnico;2023;25;20;17;54;5
2023-03-18;Moli del Sol;2023;47;35;17;47;4
2023-03-19;Avda. Francia;2023;49;28;15;56;5
2023-03-19;Viveros;2023;34;22;15;52;3
2023-03-19;Pista Silla;2023;28;15;17;44;7
2023-03-19;Politecnico;2023;20;15;15;56;5
2023-03-19;Moli del Sol;2023;30;22;17;50;4
2023-03-20;Avda. Francia;2023;31;14;23;47;4
2023-03-20;Viveros;2023;25;15;19;47;4
2023-03-20;Pista Silla;2023;9;3;20;46;4
2023-03-20;Politecnico;2023;19;13;22;46;5
2023-03-20;Moli del Sol;2023;27;18;22;48;4
2023-03-21;Avda. Francia;2023;26;16;15;65;5
2023-03-21;Viveros;2023;22;17;16;57;3
2023-03-21;Pista Silla;2023;19;12;20;57;4
2023-03-21;Politecnico;2023;22;18;16;61;6
2023-03-21;Moli del Sol;2023;NA;NA;22;49;4
2023-03-22;Avda. Francia;2023;32;24;16;68;4
2023-03-22;Viveros;2023;24;21;18;60;3
2023-03-22;Pista Silla;2023;24;19;20;61;4
2023-03-22;Politecnico;2023;31;27;16;65;5
2023-03-22;Moli del Sol;2023;NA;NA;22;52;4
2023-03-23;Avda. Francia;2023;38;27;21;60;5
2023-03-23;Viveros;2023;30;23;21;56;3
2023-03-23;Pista Silla;2023;28;22;23;60;4
2023-03-23;Politecnico;2023;36;31;20;60;5
2023-03-23;Moli del Sol;2023;39;19;27;47;4
2023-03-24;Avda. Francia;2023;53;23;24;55;3
2023-03-24;Viveros;2023;47;33;25;46;5
2023-03-24;Pista Silla;2023;35;19;29;45;4
2023-03-24;Politecnico;2023;36;26;21;55;6
2023-03-24;Moli del Sol;2023;43;19;31;40;4
2023-03-25;Avda. Francia;2023;25;18;19;65;4
2023-03-25;Viveros;2023;22;18;15;66;4
2023-03-25;Pista Silla;2023;19;13;18;66;4
2023-03-25;Politecnico;2023;22;18;16;66;5
2023-03-25;Moli del Sol;2023;22;11;18;62;4
2023-03-26;Avda. Francia;2023;24;6;9;64;3
2023-03-26;Viveros;2023;24;12;10;57;4
2023-03-26;Pista Silla;2023;29;5;10;58;3
2023-03-26;Politecnico;2023;18;7;10;58;4
2023-03-26;Moli del Sol;2023;17;4;11;57;4
2023-03-27;Avda. Francia;2023;23;4;11;79;4
2023-03-27;Viveros;2023;19;11;11;74;4
2023-03-27;Pista Silla;2023;11;1;15;73;3
2023-03-27;Politecnico;2023;15;6;12;70;4
2023-03-27;Moli del Sol;2023;8;2;14;69;4
2023-03-28;Avda. Francia;2023;31;10;20;62;4
2023-03-28;Viveros;2023;31;14;18;60;4
2023-03-28;Pista Silla;2023;12;4;22;61;4
2023-03-28;Politecnico;2023;20;12;16;61;4
2023-03-28;Moli del Sol;2023;10;4;20;61;4
2023-03-29;Avda. Francia;2023;19;9;16;64;4
2023-03-29;Viveros;2023;25;10;14;62;4
2023-03-29;Pista Silla;2023;10;4;19;59;4
2023-03-29;Politecnico;2023;14;9;14;62;4
2023-03-29;Moli del Sol;2023;9;4;18;53;4
2023-03-30;Avda. Francia;2023;40;11;23;60;3
2023-03-30;Viveros;2023;37;17;19;56;4
2023-03-30;Pista Silla;2023;29;7;23;51;4
2023-03-30;Politecnico;2023;28;12;19;57;5
2023-03-30;Moli del Sol;2023;24;6;22;51;4
2023-03-31;Avda. Francia;2023;42;5;10;74;5
2023-03-31;Viveros;2023;43;20;8;75;4
2023-03-31;Pista Silla;2023;30;4;8;74;3
2023-03-31;Politecnico;2023;29;8;8;72;4
2023-03-31;Moli del Sol;2023;23;4;5;76;4
2023-04-01;Avda. Francia;2023;37;8;10;74;5
2023-04-01;Viveros;2023;38;18;8;74;4
2023-04-01;Pista Silla;2023;17;3;9;76;3
2023-04-01;Politecnico;2023;25;10;8;74;4
2023-04-01;Moli del Sol;2023;17;4;8;73;4
2023-04-02;Avda. Francia;2023;15;2;6;84;5
2023-04-02;Viveros;2023;18;8;3;84;3
2023-04-02;Pista Silla;2023;13;1;6;84;3
2023-04-02;Politecnico;2023;13;3;8;77;4
2023-04-02;Moli del Sol;2023;11;2;4;80;4
2023-04-03;Avda. Francia;2023;19;3;11;74;4
2023-04-03;Viveros;2023;16;9;13;68;4
2023-04-03;Pista Silla;2023;7;1;19;66;3
2023-04-03;Politecnico;2023;11;5;12;71;4
2023-04-03;Moli del Sol;2023;7;2;16;65;4
2023-04-04;Avda. Francia;2023;15;5;11;71;3
2023-04-04;Viveros;2023;22;10;10;71;4
2023-04-04;Pista Silla;2023;6;1;19;63;4
2023-04-04;Politecnico;2023;16;8;16;60;3
2023-04-04;Moli del Sol;2023;7;3;20;56;4
2023-04-05;Avda. Francia;2023;21;8;14;68;4
2023-04-05;Viveros;2023;25;15;15;60;3
2023-04-05;Pista Silla;2023;10;4;19;60;3
2023-04-05;Moli del Sol;2023;9;4;18;56;4
2023-04-06;Avda. Francia;2023;18;8;13;71;5
2023-04-06;Viveros;2023;23;13;13;66;3
2023-04-06;Pista Silla;2023;8;4;19;61;3
2023-04-06;Politecnico;2023;15;9;13;72;3
2023-04-06;Moli del Sol;2023;10;4;15;62;4
2023-04-07;Avda. Francia;2023;19;7;8;80;4
2023-04-07;Viveros;2023;24;13;10;74;4
2023-04-07;Pista Silla;2023;7;2;8;81;3
2023-04-07;Politecnico;2023;15;9;8;77;3
2023-04-07;Moli del Sol;2023;9;4;9;71;3
2023-04-08;Avda. Francia;2023;19;8;5;84;4
2023-04-08;Viveros;2023;33;14;7;82;3
2023-04-08;Pista Silla;2023;8;3;9;84;3
2023-04-08;Politecnico;2023;15;10;11;79;3
2023-04-08;Moli del Sol;2023;9;4;9;72;3
2023-04-09;Avda. Francia;2023;12;8;2;92;4
2023-04-09;Viveros;2023;30;11;6;83;3
2023-04-09;Pista Silla;2023;9;4;7;88;3
2023-04-09;Politecnico;2023;12;10;8;83;3
2023-04-09;Moli del Sol;2023;12;6;6;73;3
2023-04-10;Avda. Francia;2023;23;19;7;76;4
2023-04-10;Viveros;2023;28;16;7;74;3
2023-04-10;Pista Silla;2023;17;13;9;77;3
2023-04-10;Politecnico;2023;22;20;8;71;3
2023-04-10;Moli del Sol;2023;27;13;8;62;3
2023-04-11;Avda. Francia;2023;24;18;10;83;5
2023-04-11;Viveros;2023;28;15;12;80;4
2023-04-11;Pista Silla;2023;18;13;16;80;3
2023-04-11;Politecnico;2023;25;21;10;74;3
2023-04-11;Moli del Sol;2023;32;16;14;68;3
2023-04-12;Avda. Francia;2023;48;9;10;72;4
2023-04-12;Viveros;2023;37;17;11;67;4
2023-04-12;Pista Silla;2023;48;10;12;65;3
2023-04-12;Politecnico;2023;28;11;11;66;3
2023-04-12;Moli del Sol;2023;28;7;9;63;3
2023-04-13;Avda. Francia;2023;23;5;12;70;4
2023-04-13;Viveros;2023;25;10;12;70;3
2023-04-13;Pista Silla;2023;7;1;13;70;3
2023-04-13;Politecnico;2023;12;7;12;67;3
2023-04-13;Moli del Sol;2023;6;2;11;69;3
2023-04-14;Avda. Francia;2023;23;4;8;66;4
2023-04-14;Viveros;2023;27;13;12;60;3
2023-04-14;Pista Silla;2023;17;2;10;63;3
2023-04-14;Politecnico;2023;13;5;11;61;3
2023-04-14;Moli del Sol;2023;12;2;11;58;3
2023-04-15;Avda. Francia;2023;21;4;8;74;3
2023-04-15;Viveros;2023;24;13;6;74;4
2023-04-15;Pista Silla;2023;14;2;7;76;3
2023-04-15;Politecnico;2023;13;6;8;73;3
2023-04-15;Moli del Sol;2023;14;3;4;70;3
2023-04-16;Avda. Francia;2023;13;4;6;82;3
2023-04-16;Viveros;2023;19;11;8;76;3
2023-04-16;Pista Silla;2023;4;1;8;83;3
2023-04-16;Politecnico;2023;9;5;9;74;3
2023-04-16;Moli del Sol;2023;5;2;6;77;3
2023-04-17;Avda. Francia;2023;14;6;5;82;4
2023-04-17;Viveros;2023;23;11;7;80;3
2023-04-17;Pista Silla;2023;5;1;9;81;3
2023-04-17;Politecnico;2023;10;7;9;79;3
2023-04-17;Moli del Sol;2023;5;2;8;76;3
2023-04-18;Avda. Francia;2023;14;6;9;90;4
2023-04-18;Viveros;2023;21;11;6;94;4
2023-04-18;Pista Silla;2023;6;2;17;81;3
2023-04-18;Politecnico;2023;10;7;8;92;3
2023-04-18;Moli del Sol;2023;10;5;11;76;3
2023-04-19;Avda. Francia;2023;15;8;8;86;5
2023-04-19;Viveros;2023;17;11;11;80;3
2023-04-19;Pista Silla;2023;8;3;21;70;4
2023-04-19;Politecnico;2023;11;9;11;80;3
2023-04-19;Moli del Sol;2023;11;5;18;65;3
2023-04-20;Avda. Francia;2023;31;9;13;81;4
2023-04-20;Viveros;2023;27;16;16;76;3
2023-04-20;Pista Silla;2023;10;4;22;70;4
2023-04-20;Politecnico;2023;15;9;13;83;3
2023-04-20;Moli del Sol;2023;14;5;21;65;3
2023-04-21;Avda. Francia;2023;20;11;5;96;5
2023-04-21;Viveros;2023;10;17;4;16;0.1
2023-04-21;Pista Silla;2023;10;5;13;89;3
2023-04-21;Politecnico;2023;16;12;8;94;3
2023-04-21;Moli del Sol;2023;15;7;17;74;3
2023-04-22;Avda. Francia;2023;25;17;6;95;4
2023-04-22;Viveros;2023;29;18;9;88;3
2023-04-22;Pista Silla;2023;14;10;12;88;3
2023-04-22;Politecnico;2023;20;17;9;88;3
2023-04-22;Moli del Sol;2023;22;11;14;75;3
2023-04-23;Avda. Francia;2023;19;14;5;82;6
2023-04-23;Viveros;2023;25;18;10;76;3
2023-04-23;Pista Silla;2023;12;7;9;80;3
2023-04-23;Politecnico;2023;17;15;9;80;3
2023-04-23;Moli del Sol;2023;20;10;12;67;3
2023-04-24;Avda. Francia;2023;17;11;9;73;4
2023-04-24;Viveros;2023;23;16;11;66;3
2023-04-24;Pista Silla;2023;10;6;13;68;3
2023-04-24;Politecnico;2023;16;12;12;68;4
2023-04-24;Moli del Sol;2023;16;8;14;58;3
2023-04-25;Avda. Francia;2023;30;11;19;67;5
2023-04-25;Viveros;2023;29;15;17;65;4
2023-04-25;Pista Silla;2023;10;5;20;64;4
2023-04-25;Politecnico;2023;19;12;18;66;3
2023-04-25;Moli del Sol;2023;13;5;20;62;3
2023-04-26;Avda. Francia;2023;17;14;5;88;4
2023-04-26;Viveros;2023;23;15;6;84;3
2023-04-26;Pista Silla;2023;12;9;11;84;3
2023-04-26;Politecnico;2023;17;15;9;79;3
2023-04-26;Moli del Sol;2023;26;13;11;77;3
2023-04-27;Avda. Francia;2023;18;14;11;64;5
2023-04-27;Viveros;2023;23;14;10;60;3
2023-04-27;Pista Silla;2023;14;10;20;52;4
2023-04-27;Politecnico;2023;18;16;10;61;3
2023-04-27;Moli del Sol;2023;27;14;17;50;3
2023-04-28;Avda. Francia;2023;15;12;7;69;4
2023-04-28;Viveros;2023;24;13;13;53;3
2023-04-28;Pista Silla;2023;14;10;16;57;3
2023-04-28;Politecnico;2023;16;14;13;56;3
2023-04-28;Moli del Sol;2023;22;11;18;47;3
2023-04-29;Avda. Francia;2023;16;10;10;62;4
2023-04-29;Viveros;2023;28;13;12;56;3
2023-04-29;Pista Silla;2023;9;5;14;59;3
2023-04-29;Politecnico;2023;14;11;11;59;3
2023-04-29;Moli del Sol;2023;17;8;16;54;3
2023-04-30;Avda. Francia;2023;12;7;7;70;4
2023-04-30;Viveros;2023;26;13;7;66;3
2023-04-30;Pista Silla;2023;7;3;9;66;3
2023-04-30;Politecnico;2023;11;8;8;68;3
2023-04-30;Moli del Sol;2023;10;5;7;63;3
2023-05-01;Avda. Francia;2023;10;8;6;73;4
2023-05-01;Viveros;2023;24;13;8;67;3
2023-05-01;Pista Silla;2023;6;3;8;72;3
2023-05-01;Politecnico;2023;12;10;9;66;4
2023-05-01;Moli del Sol;2023;13;6;8;64;3
2023-05-02;Avda. Francia;2023;15;6;10;66;4
2023-05-02;Viveros;2023;26;14;10;61;3
2023-05-02;Pista Silla;2023;7;2;19;52;3
2023-05-02;Politecnico;2023;11;7;10;61;4
2023-05-02;Moli del Sol;2023;10;4;13;58;3
2023-05-03;Avda. Francia;2023;23;9;15;67;5
2023-05-03;Viveros;2023;32;16;15;62;3
2023-05-03;Pista Silla;2023;7;3;19;60;3
2023-05-03;Politecnico;2023;14;9;12;66;4
2023-05-03;Moli del Sol;2023;9;3;18;60;3
2023-05-04;Avda. Francia;2023;16;7;11;78;4
2023-05-04;Viveros;2023;25;11;9;76;3
2023-05-04;Pista Silla;2023;6;2;17;70;3
2023-05-04;Politecnico;2023;11;8;12;74;4
2023-05-04;Moli del Sol;2023;8;4;16;68;3
2023-05-05;Avda. Francia;2023;18;13;7;90;4
2023-05-05;Viveros;2023;28;15;7;85;3
2023-05-05;Pista Silla;2023;13;9;15;80;3
2023-05-05;Politecnico;2023;19;16;9;83;4
2023-05-05;Moli del Sol;2023;21;10;12;74;3
2023-05-06;Avda. Francia;2023;16;11;6;81;4
2023-05-06;Viveros;2023;29;13;8;73;3
2023-05-06;Pista Silla;2023;10;6;13;71;3
2023-05-06;Politecnico;2023;16;13;8;73;4
2023-05-06;Moli del Sol;2023;16;8;11;67;3
2023-05-07;Avda. Francia;2023;10;7;4;80;4
2023-05-07;Viveros;2023;22;9;6;69;3
2023-05-07;Pista Silla;2023;7;3;7;74;3
2023-05-07;Politecnico;2023;10;8;7;69;4
2023-05-07;Moli del Sol;2023;11;6;8;64;3
2023-05-08;Avda. Francia;2023;31;13;9;77;5
2023-05-08;Viveros;2023;28;13;12;65;3
2023-05-08;Pista Silla;2023;10;6;18;63;3
2023-05-08;Politecnico;2023;16;13;12;64;4
2023-05-08;Moli del Sol;2023;18;9;15;58;3
2023-05-09;Avda. Francia;2023;34;11;18;67;4
2023-05-09;Viveros;2023;33;17;14;66;3
2023-05-09;Pista Silla;2023;10;4;20;64;4
2023-05-09;Politecnico;2023;17;12;16;65;4
2023-05-09;Moli del Sol;2023;15;6;16;67;3
2023-05-10;Avda. Francia;2023;17;6;8;70;4
2023-05-10;Viveros;2023;24;14;9;66;3
2023-05-10;Pista Silla;2023;6;2;15;61;3
2023-05-10;Politecnico;2023;12;8;10;65;4
2023-05-10;Moli del Sol;2023;9;4;10;63;3
2023-05-11;Avda. Francia;2023;11;4;5;83;5
2023-05-11;Viveros;2023;23;13;8;77;5
2023-05-11;Pista Silla;2023;4;1;16;69;3
2023-05-11;Politecnico;2023;9;6;9;74;4
2023-05-11;Moli del Sol;2023;4;2;10;74;3
2023-05-12;Avda. Francia;2023;10;3;5;74;4
2023-05-12;Viveros;2023;19;12;9;68;4
2023-05-12;Pista Silla;2023;3;1;13;67;3
2023-05-12;Politecnico;2023;6;4;8;66;4
2023-05-12;Moli del Sol;2023;5;2;9;66;3
2023-05-13;Avda. Francia;2023;7;4;3;72;4
2023-05-13;Viveros;2023;17;10;6;67;4
2023-05-13;Pista Silla;2023;3;1;8;66;3
2023-05-13;Politecnico;2023;5;4;7;66;3
2023-05-13;Moli del Sol;2023;4;2;5;64;3
2023-05-14;Avda. Francia;2023;6;3;5;73;5
2023-05-14;Viveros;2023;20;13;7;68;3
2023-05-14;Pista Silla;2023;3;1;7;71;3
2023-05-14;Politecnico;2023;5;4;9;67;3
2023-05-14;Moli del Sol;2023;5;2;4;69;3
2023-05-15;Avda. Francia;2023;24;8;14;83;4
2023-05-15;Viveros;2023;25;18;14;77;3
2023-05-15;Pista Silla;2023;8;3;17;78;3
2023-05-15;Politecnico;2023;13;9;13;78;4
2023-05-15;Moli del Sol;2023;11;5;10;76;3
2023-05-16;Avda. Francia;2023;18;3;5;90;4
2023-05-16;Viveros;2023;23;11;7;86;4
2023-05-16;Pista Silla;2023;6;1;15;78;3
2023-05-16;Politecnico;2023;9;5;9;81;3
2023-05-16;Moli del Sol;2023;6;2;8;78;3
2023-05-17;Avda. Francia;2023;22;7;6;83;4
2023-05-17;Viveros;2023;27;15;11;75;3
2023-05-17;Pista Silla;2023;6;1;15;75;3
2023-05-17;Politecnico;2023;11;7;9;75;4
2023-05-17;Moli del Sol;2023;9;3;9;76;3
2023-05-18;Avda. Francia;2023;22;7;6;85;4
2023-05-18;Viveros;2023;25;12;9;79;3
2023-05-18;Pista Silla;2023;6;2;14;77;3
2023-05-18;Politecnico;2023;12;8;6;80;4
2023-05-18;Moli del Sol;2023;7;3;8;75;3
2023-05-19;Avda. Francia;2023;16;7;5;89;4
2023-05-19;Viveros;2023;22;13;9;84;4
2023-05-19;Pista Silla;2023;7;3;16;77;3
2023-05-19;Politecnico;2023;11;8;7;79;4
2023-05-19;Moli del Sol;2023;10;4;12;72;3
2023-05-20;Avda. Francia;2023;16;8;7;87;5
2023-05-20;Viveros;2023;22;16;12;77;3
2023-05-20;Pista Silla;2023;8;4;13;82;3
2023-05-20;Politecnico;2023;12;9;7;77;3
2023-05-20;Moli del Sol;2023;10;4;12;73;3
2023-05-21;Avda. Francia;2023;11;8;3;101;5
2023-05-21;Viveros;2023;21;13;6;91;3
2023-05-21;Pista Silla;2023;7;3;11;90;3
2023-05-21;Politecnico;2023;10;9;4;93;3
2023-05-21;Moli del Sol;2023;8;4;7;85;3
2023-05-22;Avda. Francia;2023;18;10;3;89;4
2023-05-22;Viveros;2023;20;12;4;90;4
2023-05-22;Pista Silla;2023;8;4;7;95;3
2023-05-22;Politecnico;2023;13;11;5;85;3
2023-05-22;Moli del Sol;2023;10;5;7;84;3
2023-05-23;Avda. Francia;2023;19;13;13;69;3
2023-05-23;Viveros;2023;25;NA;13;67;4
2023-05-23;Pista Silla;2023;10;6;16;72;3
2023-05-23;Politecnico;2023;16;13;10;71;4
2023-05-23;Moli del Sol;2023;11;5;13;68;3
2023-05-24;Avda. Francia;2023;21;16;18;59;4
2023-05-24;Viveros;2023;22;14;13;62;4
2023-05-24;Pista Silla;2023;14;9;22;56;3
2023-05-24;Politecnico;2023;18;16;8;73;4
2023-05-24;Moli del Sol;2023;17;8;14;58;3
2023-05-25;Avda. Francia;2023;21;15;15;59;4
2023-05-25;Viveros;2023;22;14;13;60;4
2023-05-25;Pista Silla;2023;13;9;22;53;4
2023-05-25;Politecnico;2023;18;15;11;63;4
2023-05-25;Moli del Sol;2023;17;8;16;57;3
2023-05-26;Avda. Francia;2023;15;11;8;69;4
2023-05-26;Viveros;2023;18;11;8;69;3
2023-05-26;Pista Silla;2023;8;5;11;73;3
2023-05-26;Politecnico;2023;14;12;6;68;4
2023-05-26;Moli del Sol;2023;14;7;9;63;3
2023-05-27;Avda. Francia;2023;31;19;7;56;4
2023-05-27;Viveros;2023;28;17;8;58;3
2023-05-27;Pista Silla;2023;14;10;11;57;3
2023-05-27;Politecnico;2023;22;19;6;58;4
2023-05-27;Moli del Sol;2023;17;8;9;56;3
2023-05-28;Avda. Francia;2023;16;12;6;65;4
2023-05-28;Viveros;2023;26;12;8;65;3
2023-05-28;Pista Silla;2023;9;5;9;70;3
2023-05-28;Politecnico;2023;14;12;8;68;4
2023-05-28;Moli del Sol;2023;11;5;7;65;3
2023-05-29;Avda. Francia;2023;15;11;11;60;4
2023-05-29;Viveros;2023;26;14;11;63;3
2023-05-29;Pista Silla;2023;8;4;18;58;3
2023-05-29;Politecnico;2023;14;13;11;67;4
2023-05-29;Moli del Sol;2023;9;4;13;61;3
2023-05-30;Avda. Francia;2023;16;10;12;62;5
2023-05-30;Viveros;2023;27;12;14;58;3
2023-05-30;Pista Silla;2023;8;4;17;58;3
2023-05-30;Politecnico;2023;13;11;14;62;4
2023-05-30;Moli del Sol;2023;8;4;13;58;3
2023-05-31;Avda. Francia;2023;23;11;17;62;4
2023-05-31;Viveros;2023;31;18;13;65;3
2023-05-31;Pista Silla;2023;9;4;19;64;4
2023-05-31;Politecnico;2023;15;12;15;65;4
2023-05-31;Moli del Sol;2023;8;4;15;65;3
2023-06-01;Avda. Francia;2023;21;16;5;91;4
2023-06-01;Viveros;2023;29;21;7;92;3
2023-06-01;Pista Silla;2023;13;9;12;93;3
2023-06-01;Politecnico;2023;20;18;7;86;4
2023-06-01;Moli del Sol;2023;14;7;9;81;3
2023-06-02;Avda. Francia;2023;17;13;4;87;4
2023-06-02;Viveros;2023;24;16;10;82;3
2023-06-02;Pista Silla;2023;12;8;16;81;3
2023-06-02;Politecnico;2023;17;15;6;87;4
2023-06-02;Moli del Sol;2023;12;6;11;76;3
2023-06-03;Avda. Francia;2023;14;11;4;77;4
2023-06-03;Viveros;2023;23;14;8;72;3
2023-06-03;Pista Silla;2023;11;7;14;68;3
2023-06-03;Politecnico;2023;14;13;5;79;4
2023-06-03;Moli del Sol;2023;9;4;10;65;3
2023-06-04;Avda. Francia;2023;10;8;4;73;4
2023-06-04;Viveros;2023;20;11;6;73;3
2023-06-04;Pista Silla;2023;8;4;9;74;3
2023-06-04;Politecnico;2023;11;9;5;75;4
2023-06-04;Moli del Sol;2023;6;3;7;66;3
2023-06-05;Avda. Francia;2023;11;7;5;77;5
2023-06-05;Viveros;2023;23;11;7;75;3
2023-06-05;Pista Silla;2023;6;3;16;68;3
2023-06-05;Politecnico;2023;10;9;8;71;4
2023-06-05;Moli del Sol;2023;4;2;11;64;3
2023-06-06;Avda. Francia;2023;11;6;6;70;5
2023-06-06;Viveros;2023;23;11;9;67;3
2023-06-06;Pista Silla;2023;5;2;15;63;3
2023-06-06;Politecnico;2023;9;7;6;70;4
2023-06-06;Moli del Sol;2023;3;1;13;61;3
2023-06-07;Avda. Francia;2023;11;7;7;52;4
2023-06-07;Viveros;2023;21;9;10;52;3
2023-06-07;Pista Silla;2023;6;2;13;53;3
2023-06-07;Politecnico;2023;10;8;11;52;5
2023-06-07;Moli del Sol;2023;2;1;12;52;3
2023-06-08;Avda. Francia;2023;16;10;13;51;4
2023-06-08;Viveros;2023;23;11;12;50;3
2023-06-08;Pista Silla;2023;8;4;18;48;3
2023-06-08;Politecnico;2023;13;10;13;55;5
2023-06-08;Moli del Sol;2023;2;1;13;51;3
2023-06-09;Avda. Francia;2023;14;7;10;54;4
2023-06-09;Viveros;2023;25;12;9;56;3
2023-06-09;Pista Silla;2023;6;2;10;56;3
2023-06-09;Politecnico;2023;10;7;13;54;5
2023-06-09;Moli del Sol;2023;2;1;7;58;3
2023-06-10;Avda. Francia;2023;12;6;9;62;4
2023-06-10;Viveros;2023;24;13;7;66;3
2023-06-10;Pista Silla;2023;5;1;13;62;3
2023-06-10;Politecnico;2023;9;7;7;66;5
2023-06-10;Moli del Sol;2023;NA;NA;11;64;4
2023-06-11;Avda. Francia;2023;13;9;3;67;4
2023-06-11;Viveros;2023;24;11;5;61;3
2023-06-11;Pista Silla;2023;7;3;7;69;3
2023-06-11;Politecnico;2023;12;10;6;60;5
2023-06-11;Moli del Sol;2023;NA;NA;8;61;3
2023-06-12;Avda. Francia;2023;13;9;8;55;4
2023-06-12;Viveros;2023;21;12;8;53;3
2023-06-12;Pista Silla;2023;8;3;15;53;3
2023-06-12;Politecnico;2023;11;9;8;56;5
2023-06-12;Moli del Sol;2023;NA;NA;10;57;3
2023-06-13;Avda. Francia;2023;15;8;10;62;4
2023-06-13;Viveros;2023;21;12;12;62;3
2023-06-13;Pista Silla;2023;7;3;18;56;3
2023-06-13;Politecnico;2023;12;9;9;66;5
2023-06-13;Moli del Sol;2023;NA;NA;12;60;3
2023-06-14;Avda. Francia;2023;17;5;14;61;4
2023-06-14;Viveros;2023;14;9;14;59;3
2023-06-14;Pista Silla;2023;5;2;19;56;3
2023-06-14;Politecnico;2023;8;6;19;58;6
2023-06-14;Moli del Sol;2023;NA;NA;15;58;3
2023-06-15;Avda. Francia;2023;19;9;17;73;5
2023-06-15;Viveros;2023;25;16;14;76;3
2023-06-15;Pista Silla;2023;8;4;22;67;4
2023-06-15;Politecnico;2023;13;10;13;79;5
2023-06-15;Moli del Sol;2023;NA;NA;16;70;4
2023-06-16;Avda. Francia;2023;20;10;11;83;4
2023-06-16;Viveros;2023;24;17;8;89;3
2023-06-16;Pista Silla;2023;9;5;18;81;3
2023-06-16;Politecnico;2023;13;11;9;86;5
2023-06-16;Moli del Sol;2023;NA;NA;13;82;3
2023-06-17;Avda. Francia;2023;21;11;9;90;4
2023-06-17;Viveros;2023;27;17;11;89;3
2023-06-17;Pista Silla;2023;8;4;13;94;3
2023-06-17;Politecnico;2023;16;13;9;88;5
2023-06-17;Moli del Sol;2023;NA;NA;11;84;3
2023-06-18;Avda. Francia;2023;19;11;4;104;4
2023-06-18;Viveros;2023;24;15;6;103;3
2023-06-18;Pista Silla;2023;9;5;11;106;3
2023-06-18;Politecnico;2023;14;12;6;102;5
2023-06-18;Moli del Sol;2023;NA;NA;8;91;3
2023-06-19;Avda. Francia;2023;30;13;11;88;4
2023-06-19;Viveros;2023;28;17;11;86;3
2023-06-19;Pista Silla;2023;10;6;16;85;3
2023-06-19;Politecnico;2023;18;14;13;88;5
2023-06-19;Moli del Sol;2023;NA;NA;12;80;3
2023-06-20;Avda. Francia;2023;32;15;13;80;4
2023-06-20;Viveros;2023;34;19;12;76;3
2023-06-20;Pista Silla;2023;11;6;20;77;3
2023-06-20;Politecnico;2023;22;17;12;82;4
2023-06-20;Moli del Sol;2023;NA;NA;15;73;3
2023-06-21;Avda. Francia;2023;27;14;7;75;4
2023-06-21;Viveros;2023;33;14;6;71;3
2023-06-21;Pista Silla;2023;9;5;12;74;3
2023-06-21;Politecnico;2023;19;15;5;76;3
2023-06-21;Moli del Sol;2023;NA;NA;7;70;3
2023-06-22;Avda. Francia;2023;12;4;11;84;4
2023-06-22;Viveros;2023;17;NA;10;79;3
2023-06-22;Pista Silla;2023;4;1;18;77;3
2023-06-22;Politecnico;2023;9;6;8;84;3
2023-06-22;Moli del Sol;2023;NA;NA;12;76;3
2023-06-23;Avda. Francia;2023;15;6;16;67;4
2023-06-23;Viveros;2023;18;NA;12;67;3
2023-06-23;Pista Silla;2023;4;1;18;68;3
2023-06-23;Politecnico;2023;9;7;10;69;3
2023-06-23;Moli del Sol;2023;3;2;12;69;3
2023-06-24;Avda. Francia;2023;15;6;11;67;4
2023-06-24;Viveros;2023;20;NA;9;68;3
2023-06-24;Pista Silla;2023;5;2;11;70;3
2023-06-24;Politecnico;2023;11;8;6;71;3
2023-06-24;Moli del Sol;2023;4;2;7;70;3
2023-06-25;Avda. Francia;2023;16;9;9;72;4
2023-06-25;Viveros;2023;25;NA;9;69;3
2023-06-25;Pista Silla;2023;6;3;12;72;3
2023-06-25;Politecnico;2023;13;10;5;78;3
2023-06-25;Moli del Sol;2023;6;3;8;70;3
2023-06-26;Avda. Francia;2023;13;7;4;86;4
2023-06-26;Viveros;2023;19;NA;5;74;3
2023-06-26;Pista Silla;2023;5;1;10;87;3
2023-06-26;Politecnico;2023;11;8;4;86;3
2023-06-26;Moli del Sol;2023;6;3;9;82;3
2023-06-27;Avda. Francia;2023;13;8;6;77;3
2023-06-27;Viveros;2023;NA;NA;6;71;3
2023-06-27;Pista Silla;2023;6;2;12;77;3
2023-06-27;Politecnico;2023;11;9;6;76;3
2023-06-27;Moli del Sol;2023;7;3;11;69;3
2023-06-28;Avda. Francia;2023;13;9;6;83;3
2023-06-28;Viveros;2023;24;15;5;74;3
2023-06-28;Pista Silla;2023;7;3;13;80;3
2023-06-28;Politecnico;2023;12;10;5;80;3
2023-06-28;Moli del Sol;2023;7;3;10;68;3
2023-06-29;Avda. Francia;2023;16;9;6;79;4
2023-06-29;Viveros;2023;24;15;6;72;3
2023-06-29;Pista Silla;2023;6;3;15;73;3
2023-06-29;Politecnico;2023;13;11;5;75;3
2023-06-29;Moli del Sol;2023;7;3;10;69;3
2023-06-30;Avda. Francia;2023;14;6;3;68;4
2023-06-30;Viveros;2023;NA;NA;10;60;3
2023-06-30;Pista Silla;2023;5;2;13;64;3
2023-06-30;Politecnico;2023;10;8;5;63;3
2023-06-30;Moli del Sol;2023;4;2;8;66;3
2023-07-01;Avda. Francia;2023;12;7;4;67;4
2023-07-01;Viveros;2023;23;NA;8;61;3
2023-07-01;Pista Silla;2023;5;1;10;68;3
2023-07-01;Politecnico;2023;12;9;6;62;3
2023-07-01;Moli del Sol;2023;4;2;7;62;3
2023-07-02;Avda. Francia;2023;14;7;9;59;4
2023-07-02;Viveros;2023;26;NA;7;61;3
2023-07-02;Pista Silla;2023;5;1;9;63;3
2023-07-02;Politecnico;2023;11;9;6;67;3
2023-07-02;Moli del Sol;2023;NA;NA;6;60;3
2023-07-03;Avda. Francia;2023;14;8;7;54;4
2023-07-03;Viveros;2023;27;NA;7;51;3
2023-07-03;Pista Silla;2023;5;2;10;60;3
2023-07-03;Politecnico;2023;13;9;5;56;3
2023-07-03;Moli del Sol;2023;NA;NA;8;54;3
2023-07-04;Avda. Francia;2023;10;6;5;50;4
2023-07-04;Viveros;2023;21;NA;6;43;3
2023-07-04;Pista Silla;2023;5;2;13;47;3
2023-07-04;Politecnico;2023;9;7;6;48;3
2023-07-04;Moli del Sol;2023;NA;NA;8;46;3
2023-07-05;Avda. Francia;2023;8;5;3;56;4
2023-07-05;Viveros;2023;18;NA;4;48;3
2023-07-05;Pista Silla;2023;4;2;8;NA;3
2023-07-05;Politecnico;2023;9;7;4;51;3
2023-07-05;Moli del Sol;2023;NA;NA;7;46;3
2023-07-06;Avda. Francia;2023;11;6;4;56;4
2023-07-06;Viveros;2023;19;NA;7;48;3
2023-07-06;Pista Silla;2023;5;3;9;NA;3
2023-07-06;Politecnico;2023;9;7;4;55;3
2023-07-06;Moli del Sol;2023;11;5;7;50;3
2023-07-07;Avda. Francia;2023;11;6;6;59;4
2023-07-07;Viveros;2023;20;NA;7;51;3
2023-07-07;Pista Silla;2023;6;4;8;62;3
2023-07-07;Politecnico;2023;8;7;5;61;3
2023-07-07;Moli del Sol;2023;10;5;8;52;3
2023-07-08;Avda. Francia;2023;13;8;7;64;4
2023-07-08;Viveros;2023;24;NA;7;57;3
2023-07-08;Pista Silla;2023;10;7;11;66;4
2023-07-08;Politecnico;2023;11;9;4;71;3
2023-07-08;Moli del Sol;2023;13;6;8;58;3
2023-07-09;Avda. Francia;2023;16;10;4;75;4
2023-07-09;Viveros;2023;28;NA;4;61;3
2023-07-09;Pista Silla;2023;11;9;8;76;4
2023-07-09;Politecnico;2023;13;11;3;76;3
2023-07-09;Moli del Sol;2023;17;9;5;60;3
2023-07-10;Avda. Francia;2023;23;10;5;65;4
2023-07-10;Viveros;2023;NA;NA;4;NA;4
2023-07-10;Pista Silla;2023;9;7;10;61;3
2023-07-10;Politecnico;2023;14;11;4;59;3
2023-07-10;Moli del Sol;2023;17;9;6;52;3
2023-07-11;Avda. Francia;2023;30;15;11;54;5
2023-07-11;Viveros;2023;49;20;10;59;3
2023-07-11;Pista Silla;2023;15;12;13;NA;3
2023-07-11;Politecnico;2023;18;15;4;52;3
2023-07-11;Moli del Sol;2023;24;12;11;46;3
2023-07-12;Avda. Francia;2023;27;14;5;57;4
2023-07-12;Viveros;2023;47;17;6;57;5
2023-07-12;Pista Silla;2023;19;14;7;57;3
2023-07-12;Politecnico;2023;NA;NA;3;51;3
2023-07-12;Moli del Sol;2023;18;9;7;46;3
2023-07-13;Avda. Francia;2023;19;10;6;59;5
2023-07-13;Viveros;2023;36;14;6;59;4
2023-07-13;Pista Silla;2023;12;8;10;49;3
2023-07-13;Politecnico;2023;NA;NA;2;49;3
2023-07-13;Moli del Sol;2023;10;5;8;49;3
2023-07-14;Avda. Francia;2023;17;8;NA;71;4
2023-07-14;Viveros;2023;32;NA;7;64;3
2023-07-14;Pista Silla;2023;11;6;12;56;3
2023-07-14;Politecnico;2023;NA;NA;6;51;3
2023-07-14;Moli del Sol;2023;4;2;11;56;3
2023-07-15;Avda. Francia;2023;21;12;NA;63;4
2023-07-15;Viveros;2023;35;NA;5;75;3
2023-07-15;Pista Silla;2023;13;9;7;68;3
2023-07-15;Politecnico;2023;NA;NA;2;63;3
2023-07-15;Moli del Sol;2023;4;2;10;62;3
2023-07-16;Avda. Francia;2023;18;10;NA;NA;4
2023-07-16;Viveros;2023;29;NA;4;70;3
2023-07-16;Pista Silla;2023;11;7;4;67;3
2023-07-16;Politecnico;2023;NA;NA;3;60;3
2023-07-16;Moli del Sol;2023;NA;NA;7;62;3
2023-07-17;Avda. Francia;2023;16;9;4;58;4
2023-07-17;Viveros;2023;27;NA;4;64;3
2023-07-17;Pista Silla;2023;10;6;10;55;3
2023-07-17;Politecnico;2023;NA;NA;3;52;3
2023-07-17;Moli del Sol;2023;NA;NA;7;55;3
2023-07-18;Avda. Francia;2023;23;13;9;55;4
2023-07-18;Viveros;2023;36;NA;9;56;3
2023-07-18;Pista Silla;2023;14;10;12;52;3
2023-07-18;Politecnico;2023;14;12;4;52;3
2023-07-18;Moli del Sol;2023;NA;NA;14;48;3
2023-07-19;Avda. Francia;2023;26;15;10;56;4
2023-07-19;Viveros;2023;39;NA;10;56;3
2023-07-19;Pista Silla;2023;17;11;15;51;3
2023-07-19;Politecnico;2023;17;14;6;NA;3
2023-07-19;Moli del Sol;2023;NA;NA;15;50;3
2023-07-20;Avda. Francia;2023;20;11;7;67;5
2023-07-20;Viveros;2023;NA;NA;7;71;3
2023-07-20;Pista Silla;2023;13;9;13;63;NA
2023-07-20;Politecnico;2023;14;11;5;64;3
2023-07-20;Moli del Sol;2023;28;13;12;64;3
2023-07-21;Avda. Francia;2023;19;10;9;60;4
2023-07-21;Viveros;2023;29;NA;7;68;3
2023-07-21;Pista Silla;2023;12;8;13;54;NA
2023-07-21;Politecnico;2023;14;11;5;56;3
2023-07-21;Moli del Sol;2023;29;13;14;55;3
2023-07-22;Avda. Francia;2023;14;7;7;55;4
2023-07-22;Viveros;2023;27;NA;5;72;3
2023-07-22;Pista Silla;2023;8;5;6;63;NA
2023-07-22;Politecnico;2023;11;8;3;63;3
2023-07-22;Moli del Sol;2023;19;9;8;68;3
2023-07-23;Avda. Francia;2023;16;8;7;51;5
2023-07-23;Viveros;2023;30;NA;6;61;3
2023-07-23;Pista Silla;2023;9;6;8;53;NA
2023-07-23;Politecnico;2023;NA;NA;3;50;3
2023-07-23;Moli del Sol;2023;22;10;9;58;3
2023-07-24;Avda. Francia;2023;24;9;16;49;4
2023-07-24;Viveros;2023;36;NA;11;60;3
2023-07-24;Pista Silla;2023;15;8;14;51;NA
2023-07-24;Politecnico;2023;NA;NA;11;51;3
2023-07-24;Moli del Sol;2023;27;11;19;56;3
2023-07-25;Avda. Francia;2023;12;5;7;54;5
2023-07-25;Viveros;2023;24;15;5;69;4
2023-07-25;Pista Silla;2023;8;3;10;52;NA
2023-07-25;Politecnico;2023;9;6;5;51;3
2023-07-25;Moli del Sol;2023;11;4;10;71;3
2023-07-26;Avda. Francia;2023;10;4;7;56;4
2023-07-26;Viveros;2023;NA;NA;6;70;4
2023-07-26;Pista Silla;2023;7;3;13;51;NA
2023-07-26;Politecnico;2023;8;5;5;51;3
2023-07-26;Moli del Sol;2023;9;4;12;69;3
2023-07-27;Avda. Francia;2023;11;5;11;52;4
2023-07-27;Viveros;2023;NA;NA;7;68;3
2023-07-27;Pista Silla;2023;8;3;11;59;NA
2023-07-27;Politecnico;2023;10;7;5;54;3
2023-07-27;Moli del Sol;2023;12;5;13;77;3
2023-07-28;Avda. Francia;2023;8;5;7;56;4
2023-07-28;Viveros;2023;NA;NA;5;71;3
2023-07-28;Pista Silla;2023;7;3;11;56;NA
2023-07-28;Politecnico;2023;8;6;3;58;3
2023-07-28;Moli del Sol;2023;15;6;9;73;3
2023-07-29;Avda. Francia;2023;7;4;6;55;5
2023-07-29;Viveros;2023;NA;NA;5;69;4
2023-07-29;Pista Silla;2023;6;3;5;62;4
2023-07-29;Politecnico;2023;8;6;4;54;3
2023-07-29;Moli del Sol;2023;14;6;9;60;3
2023-07-30;Avda. Francia;2023;9;5;4;55;4
2023-07-30;Viveros;2023;NA;NA;3;67;4
2023-07-30;Pista Silla;2023;6;4;5;59;4
2023-07-30;Politecnico;2023;9;7;4;54;3
2023-07-30;Moli del Sol;2023;15;7;8;57;3
2023-07-31;Avda. Francia;2023;10;6;7;53;4
2023-07-31;Viveros;2023;NA;NA;5;66;3
2023-07-31;Pista Silla;2023;8;4;10;57;4
2023-07-31;Politecnico;2023;11;8;5;50;3
2023-07-31;Moli del Sol;2023;16;8;11;65;3
2023-08-01;Avda. Francia;2023;12;7;12;46;5
2023-08-01;Viveros;2023;28;17;6;62;3
2023-08-01;Pista Silla;2023;10;6;14;46;5
2023-08-01;Politecnico;2023;12;10;4;50;3
2023-08-01;Moli del Sol;2023;18;9;14;62;3
2023-08-02;Avda. Francia;2023;17;8;16;56;5
2023-08-02;Viveros;2023;NA;NA;12;72;3
2023-08-02;Pista Silla;2023;10;6;16;60;5
2023-08-02;Politecnico;2023;14;10;10;59;3
2023-08-02;Moli del Sol;2023;22;10;21;NA;3
2023-08-03;Avda. Francia;2023;11;4;5;56;5
2023-08-03;Viveros;2023;32;NA;4;69;3
2023-08-03;Pista Silla;2023;7;3;8;55;4
2023-08-03;Politecnico;2023;12;8;4;52;3
2023-08-03;Moli del Sol;2023;16;7;12;NA;3
2023-08-04;Avda. Francia;2023;13;3;6;53;4
2023-08-04;Viveros;2023;NA;NA;6;65;4
2023-08-04;Pista Silla;2023;7;1;9;49;6
2023-08-04;Politecnico;2023;8;4;4;51;3
2023-08-04;Moli del Sol;2023;10;2;10;55;3
2023-08-05;Avda. Francia;2023;8;3;9;60;4
2023-08-05;Viveros;2023;NA;NA;6;75;3
2023-08-05;Pista Silla;2023;7;2;8;62;7
2023-08-05;Politecnico;2023;7;4;4;59;3
2023-08-05;Moli del Sol;2023;7;2;10;64;3
2023-08-06;Avda. Francia;2023;7;3;8;51;4
2023-08-06;Viveros;2023;NA;NA;6;66;3
2023-08-06;Pista Silla;2023;4;2;6;53;6
2023-08-06;Politecnico;2023;8;5;4;51;3
2023-08-06;Moli del Sol;2023;7;3;11;53;3
2023-08-07;Avda. Francia;2023;8;4;9;55;4
2023-08-07;Viveros;2023;NA;NA;5;71;3
2023-08-07;Pista Silla;2023;4;1;7;59;5
2023-08-07;Politecnico;2023;9;6;5;56;3
2023-08-07;Moli del Sol;2023;9;4;11;57;3
2023-08-08;Avda. Francia;2023;7;4;10;51;4
2023-08-08;Viveros;2023;30;13;5;69;3
2023-08-08;Pista Silla;2023;5;2;9;54;5
2023-08-08;Politecnico;2023;9;6;4;57;3
2023-08-08;Moli del Sol;2023;9;4;10;62;3
2023-08-09;Avda. Francia;2023;6;3;10;53;4
2023-08-09;Viveros;2023;26;NA;7;64;3
2023-08-09;Pista Silla;2023;6;2;12;50;5
2023-08-09;Politecnico;2023;7;5;5;50;3
2023-08-09;Moli del Sol;2023;9;4;15;53;3
2023-08-10;Avda. Francia;2023;15;5;12;56;4
2023-08-10;Viveros;2023;46;NA;7;72;4
2023-08-10;Pista Silla;2023;12;4;9;66;6
2023-08-10;Politecnico;2023;12;8;10;49;3
2023-08-10;Moli del Sol;2023;21;7;NA;63;3
2023-08-11;Avda. Francia;2023;6;5;10;65;4
2023-08-11;Viveros;2023;23;NA;3;87;5
2023-08-11;Pista Silla;2023;7;4;15;64;6
2023-08-11;Politecnico;2023;9;7;3;72;3
2023-08-11;Moli del Sol;2023;16;8;NA;71;3
2023-08-12;Avda. Francia;2023;8;7;9;63;4
2023-08-12;Viveros;2023;29;NA;5;81;3
2023-08-12;Pista Silla;2023;8;5;7;70;6
2023-08-12;Politecnico;2023;12;10;6;61;3
2023-08-12;Moli del Sol;2023;20;10;NA;65;3
2023-08-13;Avda. Francia;2023;5;5;4;66;4
2023-08-13;Viveros;2023;24;NA;3;83;4
2023-08-13;Pista Silla;2023;7;4;5;68;6
2023-08-13;Politecnico;2023;9;8;4;65;3
2023-08-13;Moli del Sol;2023;13;6;NA;71;3
2023-08-14;Avda. Francia;2023;4;3;4;61;4
2023-08-14;Viveros;2023;20;NA;3;75;3
2023-08-14;Pista Silla;2023;5;2;6;63;7
2023-08-14;Politecnico;2023;8;6;4;58;3
2023-08-14;Moli del Sol;2023;10;4;NA;63;3
2023-08-15;Avda. Francia;2023;5;4;3;67;4
2023-08-15;Viveros;2023;20;11;3;85;3
2023-08-15;Pista Silla;2023;5;3;3;73;6
2023-08-15;Politecnico;2023;9;7;4;65;3
2023-08-15;Moli del Sol;2023;12;5;NA;69;3
2023-08-16;Avda. Francia;2023;8;6;6;69;4
2023-08-16;Viveros;2023;24;15;3;88;3
2023-08-16;Pista Silla;2023;6;4;7;74;7
2023-08-16;Politecnico;2023;14;11;5;65;3
2023-08-16;Moli del Sol;2023;15;7;NA;68;3
2023-08-17;Avda. Francia;2023;9;7;7;60;4
2023-08-17;Viveros;2023;22;NA;4;79;4
2023-08-17;Pista Silla;2023;8;6;9;62;7
2023-08-17;Politecnico;2023;13;11;5;60;3
2023-08-17;Moli del Sol;2023;18;9;NA;57;3
2023-08-18;Avda. Francia;2023;11;9;12;48;3
2023-08-18;Viveros;2023;18;NA;8;60;3
2023-08-18;Pista Silla;2023;10;8;11;50;6
2023-08-18;Politecnico;2023;16;14;8;47;3
2023-08-18;Moli del Sol;2023;29;14;22;49;3
2023-08-19;Avda. Francia;2023;10;9;10;48;4
2023-08-19;Viveros;2023;NA;NA;4;65;3
2023-08-19;Pista Silla;2023;10;7;7;53;5
2023-08-19;Politecnico;2023;14;13;4;50;3
2023-08-19;Moli del Sol;2023;28;14;13;54;3
2023-08-20;Avda. Francia;2023;9;8;7;48;4
2023-08-20;Viveros;2023;24;NA;4;62;3
2023-08-20;Pista Silla;2023;8;6;7;51;5
2023-08-20;Politecnico;2023;13;11;4;47;3
2023-08-20;Moli del Sol;2023;22;11;11;52;3
2023-08-21;Avda. Francia;2023;13;8;21;36;4
2023-08-21;Viveros;2023;32;NA;11;51;4
2023-08-21;Pista Silla;2023;11;7;15;38;6
2023-08-21;Politecnico;2023;15;13;9;42;3
2023-08-21;Moli del Sol;2023;24;11;24;41;3
2023-08-22;Avda. Francia;2023;23;9;24;40;NA
2023-08-22;Viveros;2023;41;25;11;60;6
2023-08-22;Pista Silla;2023;13;7;22;37;7
2023-08-22;Politecnico;2023;NA;NA;8;53;3
2023-08-22;Moli del Sol;2023;22;8;27;47;3
2023-08-23;Avda. Francia;2023;29;9;32;35;3
2023-08-23;Viveros;2023;45;29;16;56;7
2023-08-23;Pista Silla;2023;17;8;23;40;6
2023-08-23;Politecnico;2023;19;8;17;44;3
2023-08-23;Moli del Sol;2023;26;9;28;48;4
2023-08-24;Avda. Francia;2023;39;10;28;44;3
2023-08-24;Viveros;2023;41;NA;13;67;7
2023-08-24;Pista Silla;2023;13;7;20;49;5
2023-08-24;Politecnico;2023;22;10;20;45;3
2023-08-24;Moli del Sol;2023;22;8;26;58;5
2023-08-25;Avda. Francia;2023;21;10;17;61;3
2023-08-25;Viveros;2023;38;NA;10;81;4
2023-08-25;Pista Silla;2023;12;8;11;73;4
2023-08-25;Politecnico;2023;14;9;13;57;3
2023-08-25;Moli del Sol;2023;26;11;22;66;4
2023-08-26;Avda. Francia;2023;13;10;8;53;3
2023-08-26;Viveros;2023;32;NA;5;66;4
2023-08-26;Pista Silla;2023;10;7;6;59;3
2023-08-26;Politecnico;2023;11;9;5;50;3
2023-08-26;Moli del Sol;2023;27;13;14;54;3
2023-08-27;Avda. Francia;2023;6;4;5;47;4
2023-08-27;Viveros;2023;16;NA;4;57;5
2023-08-27;Pista Silla;2023;7;2;4;48;4
2023-08-27;Politecnico;2023;7;4;6;40;3
2023-08-27;Moli del Sol;2023;9;4;12;45;3
2023-08-28;Avda. Francia;2023;4;2;NA;45;NA
2023-08-28;Viveros;2023;NA;NA;8;58;4
2023-08-28;Pista Silla;2023;5;1;10;46;4
2023-08-28;Politecnico;2023;5;2;5;49;3
2023-08-28;Moli del Sol;2023;5;2;20;46;3
2023-08-29;Avda. Francia;2023;6;2;NA;49;NA
2023-08-29;Viveros;2023;16;10;6;64;3
2023-08-29;Pista Silla;2023;6;1;10;48;4
2023-08-29;Politecnico;2023;6;3;6;49;3
2023-08-29;Moli del Sol;2023;5;2;18;51;3
2023-08-30;Avda. Francia;2023;6;2;NA;48;4
2023-08-30;Viveros;2023;16;10;7;62;4
2023-08-30;Pista Silla;2023;6;2;11;47;4
2023-08-30;Politecnico;2023;6;3;6;49;3
2023-08-30;Moli del Sol;2023;6;2;18;52;3
2023-08-31;Avda. Francia;2023;6;3;NA;51;3
2023-08-31;Viveros;2023;18;9;7;65;4
2023-08-31;Pista Silla;2023;5;2;11;50;4
2023-08-31;Politecnico;2023;6;3;8;53;3
2023-08-31;Moli del Sol;2023;6;3;17;55;3
2023-09-01;Avda. Francia;2023;8;4;NA;50;3
2023-09-01;Viveros;2023;21;9;7;70;3
2023-09-01;Pista Silla;2023;6;2;13;51;3
2023-09-01;Politecnico;2023;5;3;6;57;3
2023-09-01;Moli del Sol;2023;7;3;16;59;3
2023-09-02;Avda. Francia;2023;4;3;10;62;4
2023-09-02;Viveros;2023;14;NA;4;78;3
2023-09-02;Pista Silla;2023;4;1;5;65;3
2023-09-02;Politecnico;2023;4;3;4;64;3
2023-09-02;Moli del Sol;2023;6;3;10;66;3
2023-09-03;Avda. Francia;2023;6;5;5;69;3
2023-09-03;Viveros;2023;NA;NA;3;NA;5
2023-09-03;Pista Silla;2023;6;3;2;76;4
2023-09-03;Politecnico;2023;6;5;4;68;3
2023-09-03;Moli del Sol;2023;13;6;5;72;3
2023-09-04;Avda. Francia;2023;14;8;11;62;3
2023-09-04;Viveros;2023;35;11;4;76;5
2023-09-04;Pista Silla;2023;10;6;3;70;3
2023-09-04;Politecnico;2023;9;7;4;65;3
2023-09-04;Moli del Sol;2023;23;11;8;67;3
2023-09-05;Avda. Francia;2023;12;7;12;58;3
2023-09-05;Viveros;2023;31;10;4;72;3
2023-09-05;Pista Silla;2023;10;6;7;61;4
2023-09-05;Politecnico;2023;9;6;5;58;3
2023-09-05;Moli del Sol;2023;26;12;14;57;4
2023-09-06;Avda. Francia;2023;7;5;12;59;4
2023-09-06;Viveros;2023;17;8;4;75;3
2023-09-06;Pista Silla;2023;7;4;9;61;4
2023-09-06;Politecnico;2023;6;4;5;57;3
2023-09-06;Moli del Sol;2023;14;7;15;54;3
2023-09-07;Avda. Francia;2023;8;6;18;60;3
2023-09-07;Viveros;2023;19;10;6;74;3
2023-09-07;Pista Silla;2023;10;6;15;55;5
2023-09-07;Politecnico;2023;7;6;6;59;3
2023-09-07;Moli del Sol;2023;18;8;21;55;3
2023-09-08;Avda. Francia;2023;8;6;22;53;4
2023-09-08;Viveros;2023;19;11;9;65;3
2023-09-08;Pista Silla;2023;12;6;20;45;5
2023-09-08;Politecnico;2023;7;5;12;51;3
2023-09-08;Moli del Sol;2023;17;8;27;46;3
2023-09-09;Viveros;2023;18;8;6;63;3
2023-09-09;Pista Silla;2023;9;5;10;50;5
2023-09-09;Politecnico;2023;5;4;6;53;3
2023-09-09;Moli del Sol;2023;15;7;19;48;3
2023-09-10;Viveros;2023;17;9;4;70;4
2023-09-10;Pista Silla;2023;10;6;7;55;5
2023-09-10;Politecnico;2023;6;5;4;55;3
2023-09-10;Moli del Sol;2023;16;8;15;53;3
2023-09-11;Viveros;2023;18;12;8;68;3
2023-09-11;Pista Silla;2023;13;7;15;51;5
2023-09-11;Politecnico;2023;8;6;9;54;3
2023-09-11;Moli del Sol;2023;20;9;20;54;3
2023-09-12;Avda. Francia;2023;11;8;19;51;3
2023-09-12;Viveros;2023;17;NA;5;NA;3
2023-09-12;Pista Silla;2023;15;8;13;51;5
2023-09-12;Politecnico;2023;9;7;9;51;3
2023-09-12;Moli del Sol;2023;19;9;23;51;3
2023-09-13;Avda. Francia;2023;9;6;17;47;4
2023-09-13;Viveros;2023;12;NA;6;NA;3
2023-09-13;Pista Silla;2023;11;6;12;45;6
2023-09-13;Politecnico;2023;7;5;8;46;3
2023-09-13;Moli del Sol;2023;14;7;14;51;3
2023-09-14;Avda. Francia;2023;6;5;12;55;4
2023-09-14;Viveros;2023;16;6;4;NA;3
2023-09-14;Pista Silla;2023;8;4;12;56;4
2023-09-14;Politecnico;2023;9;5;5;60;3
2023-09-14;Moli del Sol;2023;12;6;17;53;3
2023-09-15;Avda. Francia;2023;5;4;19;NA;4
2023-09-15;Viveros;2023;13;6;6;69;3
2023-09-15;Pista Silla;2023;6;3;12;52;3
2023-09-15;Politecnico;2023;6;4;6;53;3
2023-09-15;Moli del Sol;2023;9;4;16;58;3
2023-09-16;Avda. Francia;2023;10;6;14;NA;3
2023-09-16;Viveros;2023;23;7;5;66;4
2023-09-16;Pista Silla;2023;10;5;8;52;4
2023-09-16;Politecnico;2023;11;6;6;49;3
2023-09-16;Moli del Sol;2023;12;6;11;53;3
2023-09-17;Avda. Francia;2023;15;9;15;NA;4
2023-09-17;Viveros;2023;30;12;5;58;3
2023-09-17;Pista Silla;2023;14;8;7;45;3
2023-09-17;Politecnico;2023;15;8;5;48;3
2023-09-17;Moli del Sol;2023;18;9;12;46;3
2023-09-18;Avda. Francia;2023;8;4;22;NA;3
2023-09-18;Viveros;2023;16;9;10;59;3
2023-09-18;Pista Silla;2023;10;3;13;42;5
2023-09-18;Politecnico;2023;12;4;11;44;4
2023-09-18;Moli del Sol;2023;8;3;18;44;3
2023-09-19;Avda. Francia;2023;12;5;27;39;3
2023-09-19;Viveros;2023;19;NA;9;47;5
2023-09-19;Pista Silla;2023;10;4;14;37;5
2023-09-19;Politecnico;2023;15;5;13;39;3
2023-09-19;Moli del Sol;2023;9;4;18;44;3
2023-09-20;Avda. Francia;2023;6;4;23;44;3
2023-09-20;Viveros;2023;17;9;12;53;4
2023-09-20;Pista Silla;2023;10;3;16;43;5
2023-09-20;Politecnico;2023;11;4;12;45;3
2023-09-20;Moli del Sol;2023;7;3;17;48;3
2023-09-21;Avda. Francia;2023;8;3;17;50;4
2023-09-21;Viveros;2023;19;12;7;64;4
2023-09-21;Pista Silla;2023;13;3;9;52;4
2023-09-21;Politecnico;2023;14;4;6;51;3
2023-09-21;Moli del Sol;2023;9;2;11;57;3
2023-09-22;Avda. Francia;2023;5;2;22;48;3
2023-09-22;Viveros;2023;18;8;7;62;4
2023-09-22;Pista Silla;2023;8;2;15;43;5
2023-09-22;Politecnico;2023;8;3;7;50;3
2023-09-22;Moli del Sol;2023;5;2;15;53;3
2023-09-23;Avda. Francia;2023;5;3;22;43;3
2023-09-23;Viveros;2023;18;8;7;51;4
2023-09-23;Pista Silla;2023;7;2;10;43;5
2023-09-23;Politecnico;2023;8;3;11;39;3
2023-09-23;Moli del Sol;2023;6;2;12;49;3
2023-09-24;Avda. Francia;2023;4;3;19;48;3
2023-09-24;Viveros;2023;17;6;7;53;5
2023-09-24;Pista Silla;2023;6;2;11;47;4
2023-09-24;Politecnico;2023;7;3;8;47;3
2023-09-24;Moli del Sol;2023;7;3;13;53;3
2023-09-25;Avda. Francia;2023;6;4;22;46;3
2023-09-25;Viveros;2023;15;8;7;52;4
2023-09-25;Pista Silla;2023;9;4;17;38;5
2023-09-25;Politecnico;2023;7;4;8;46;3
2023-09-25;Moli del Sol;2023;9;4;19;45;3
2023-09-26;Avda. Francia;2023;6;4;23;47;4
2023-09-26;Viveros;2023;14;8;8;54;3
2023-09-26;Pista Silla;2023;11;4;15;43;5
2023-09-26;Politecnico;2023;9;4;8;47;3
2023-09-26;Moli del Sol;2023;8;3;17;48;4
2023-09-27;Avda. Francia;2023;6;4;23;50;3
2023-09-27;Viveros;2023;18;9;9;53;4
2023-09-27;Pista Silla;2023;11;5;16;45;5
2023-09-27;Politecnico;2023;10;5;9;48;3
2023-09-27;Moli del Sol;2023;8;4;18;49;4
2023-09-28;Avda. Francia;2023;8;5;27;46;3
2023-09-28;Viveros;2023;21;11;12;49;4
2023-09-28;Pista Silla;2023;14;6;24;39;6
2023-09-28;Politecnico;2023;10;5;11;47;3
2023-09-28;Moli del Sol;2023;9;4;22;44;4
2023-09-29;Avda. Francia;2023;8;6;32;46;3
2023-09-29;Viveros;2023;23;12;12;49;4
2023-09-29;Pista Silla;2023;13;7;26;35;6
2023-09-29;Politecnico;2023;8;6;10;49;3
2023-09-29;Moli del Sol;2023;12;6;27;40;3
2023-09-30;Avda. Francia;2023;13;8;38;33;4
2023-09-30;Viveros;2023;26;17;16;39;3
2023-09-30;Pista Silla;2023;15;9;22;32;5
2023-09-30;Politecnico;2023;13;6;24;32;3
2023-09-30;Moli del Sol;2023;12;6;27;35;4
2023-10-01;Avda. Francia;2023;10;7;26;49;3
2023-10-01;Viveros;2023;25;15;10;58;3
2023-10-01;Pista Silla;2023;12;6;13;49;5
2023-10-01;Politecnico;2023;12;5;9;54;3
2023-10-01;Moli del Sol;2023;11;5;18;54;3
2023-10-02;Avda. Francia;2023;9;7;20;57;3
2023-10-02;Viveros;2023;22;17;8;59;3
2023-10-02;Pista Silla;2023;14;8;16;50;5
2023-10-02;Politecnico;2023;15;6;10;51;3
2023-10-02;Moli del Sol;2023;11;5;20;49;3
2023-10-03;Avda. Francia;2023;12;9;22;52;4
2023-10-03;Viveros;2023;20;8;8;57;3
2023-10-03;Pista Silla;2023;17;10;16;46;5
2023-10-03;Politecnico;2023;13;8;10;46;3
2023-10-03;Moli del Sol;2023;16;8;NA;55;4
2023-10-04;Avda. Francia;2023;11;10;25;51;3
2023-10-04;Viveros;2023;NA;NA;11;48;3
2023-10-04;Pista Silla;2023;22;11;19;45;5
2023-10-04;Politecnico;2023;12;8;10;48;3
2023-10-04;Moli del Sol;2023;18;9;NA;46;3
2023-10-05;Avda. Francia;2023;14;11;26;46;3
2023-10-05;Viveros;2023;NA;NA;11;49;3
2023-10-05;Pista Silla;2023;20;13;21;37;8
2023-10-05;Politecnico;2023;15;9;11;43;3
2023-10-05;Moli del Sol;2023;18;9;NA;48;3
2023-10-06;Avda. Francia;2023;16;12;28;43;3
2023-10-06;Viveros;2023;24;16;12;45;3
2023-10-06;Pista Silla;2023;24;14;21;38;6
2023-10-06;Politecnico;2023;20;13;17;36;3
2023-10-06;Moli del Sol;2023;19;9;NA;44;3
2023-10-07;Avda. Francia;2023;13;11;20;47;3
2023-10-07;Viveros;2023;24;18;7;48;4
2023-10-07;Pista Silla;2023;17;12;14;41;5
2023-10-07;Politecnico;2023;15;11;8;42;3
2023-10-07;Moli del Sol;2023;18;9;NA;55;3
2023-10-08;Avda. Francia;2023;13;12;19;41;3
2023-10-08;Viveros;2023;27;16;7;43;4
2023-10-08;Pista Silla;2023;17;12;13;36;5
2023-10-08;Politecnico;2023;17;12;7;39;3
2023-10-08;Moli del Sol;2023;18;9;NA;47;3
2023-10-09;Avda. Francia;2023;12;11;18;47;3
2023-10-09;Viveros;2023;23;17;7;50;3
2023-10-09;Pista Silla;2023;15;10;11;43;5
2023-10-09;Politecnico;2023;13;9;8;42;3
2023-10-09;Moli del Sol;2023;16;8;NA;61;3
2023-10-10;Avda. Francia;2023;14;9;25;45;3
2023-10-10;Viveros;2023;23;13;9;49;4
2023-10-10;Pista Silla;2023;17;10;21;36;5
2023-10-10;Politecnico;2023;11;6;11;44;3
2023-10-10;Moli del Sol;2023;13;7;NA;59;3
2023-10-11;Avda. Francia;2023;14;11;27;45;3
2023-10-11;Viveros;2023;NA;15;9;50;4
2023-10-11;Pista Silla;2023;19;12;20;39;5
2023-10-11;Politecnico;2023;8;5;13;43;3
2023-10-11;Moli del Sol;2023;16;8;NA;62;3
2023-10-12;Avda. Francia;2023;13;12;19;53;4
2023-10-12;Viveros;2023;20;14;7;55;4
2023-10-12;Pista Silla;2023;16;12;12;51;4
2023-10-12;Politecnico;2023;8;5;8;48;3
2023-10-12;Moli del Sol;2023;20;10;NA;NA;3
2023-10-13;Avda. Francia;2023;15;12;27;46;3
2023-10-13;Viveros;2023;21;15;9;51;4
2023-10-13;Pista Silla;2023;18;12;18;42;5
2023-10-13;Politecnico;2023;9;5;12;42;3
2023-10-13;Moli del Sol;2023;17;8;NA;48;3
2023-10-14;Avda. Francia;2023;19;12;30;31;3
2023-10-14;Viveros;2023;34;25;10;38;3
2023-10-14;Pista Silla;2023;25;12;16;31;6
2023-10-14;Politecnico;2023;11;5;12;32;4
2023-10-14;Moli del Sol;2023;16;8;NA;35;3
2023-10-15;Avda. Francia;2023;10;8;17;50;3
2023-10-15;Viveros;2023;24;14;5;59;3
2023-10-15;Pista Silla;2023;15;9;9;48;5
2023-10-15;Politecnico;2023;6;3;5;52;3
2023-10-15;Moli del Sol;2023;11;5;NA;51;3
2023-10-16;Avda. Francia;2023;12;9;25;46;3
2023-10-16;Viveros;2023;24;16;8;53;5
2023-10-16;Pista Silla;2023;18;10;17;43;5
2023-10-16;Politecnico;2023;8;4;16;41;4
2023-10-16;Moli del Sol;2023;13;6;NA;49;3
2023-10-17;Avda. Francia;2023;12;10;25;53;3
2023-10-17;Viveros;2023;29;17;8;55;6
2023-10-17;Pista Silla;2023;17;12;19;44;6
2023-10-17;Politecnico;2023;8;5;10;52;3
2023-10-17;Moli del Sol;2023;16;8;NA;48;3
2023-10-18;Avda. Francia;2023;15;5;15;43;3
2023-10-18;Viveros;2023;35;30;5;55;5
2023-10-18;Pista Silla;2023;35;8;9;44;5
2023-10-18;Politecnico;2023;10;3;5;44;4
2023-10-18;Moli del Sol;2023;8;3;10;48;3
2023-10-19;Avda. Francia;2023;16;7;18;52;4
2023-10-19;Viveros;2023;21;20;7;60;5
2023-10-19;Pista Silla;2023;29;5;16;47;5
2023-10-19;Politecnico;2023;13;4;10;52;4
2023-10-19;Moli del Sol;2023;3;1;12;58;3
2023-10-20;Avda. Francia;2023;9;2;11;58;3
2023-10-20;Viveros;2023;26;NA;4;74;6
2023-10-20;Pista Silla;2023;38;5;5;65;5
2023-10-20;Politecnico;2023;9;2;5;57;3
2023-10-20;Moli del Sol;2023;4;1;8;70;4
2023-10-21;Avda. Francia;2023;4;2;17;47;3
2023-10-21;Viveros;2023;13;9;7;61;5
2023-10-21;Pista Silla;2023;11;2;9;50;5
2023-10-21;Politecnico;2023;7;2;9;44;3
2023-10-21;Moli del Sol;2023;3;1;13;53;3
2023-10-22;Avda. Francia;2023;4;2;16;51;3
2023-10-22;Viveros;2023;14;9;5;66;4
2023-10-22;Pista Silla;2023;7;2;7;54;5
2023-10-22;Politecnico;2023;6;2;8;48;3
2023-10-22;Moli del Sol;2023;3;2;9;60;3
2023-10-23;Avda. Francia;2023;5;2;20;50;3
2023-10-23;Viveros;2023;13;9;7;60;3
2023-10-23;Pista Silla;2023;10;3;13;50;5
2023-10-23;Politecnico;2023;6;2;12;46;3
2023-10-23;Moli del Sol;2023;3;2;12;59;3
2023-10-24;Avda. Francia;2023;2;1;14;49;4
2023-10-24;Viveros;2023;10;9;5;64;3
2023-10-24;Pista Silla;2023;12;2;7;54;5
2023-10-24;Politecnico;2023;3;1;7;47;3
2023-10-24;Moli del Sol;2023;1;1;9;60;3
2023-10-25;Avda. Francia;2023;3;1;14;47;3
2023-10-25;Viveros;2023;16;13;5;60;3
2023-10-25;Pista Silla;2023;13;2;9;48;5
2023-10-25;Politecnico;2023;4;1;5;47;3
2023-10-25;Moli del Sol;2023;1;1;9;60;3
2023-10-26;Avda. Francia;2023;12;2;12;40;3
2023-10-26;Viveros;2023;18;14;4;52;4
2023-10-26;Pista Silla;2023;17;2;6;44;4
2023-10-26;Politecnico;2023;4;1;NA;NA;NA
2023-10-26;Moli del Sol;2023;2;1;9;52;3
2023-10-27;Avda. Francia;2023;12;3;19;47;3
2023-10-27;Viveros;2023;15;14;7;60;5
2023-10-27;Pista Silla;2023;14;3;11;50;6
2023-10-27;Politecnico;2023;3;1;8;48;3
2023-10-27;Moli del Sol;2023;2;1;11;63;3
2023-10-28;Avda. Francia;2023;4;2;13;50;3
2023-10-28;Viveros;2023;10;9;6;64;4
2023-10-28;Pista Silla;2023;10;2;6;57;6
2023-10-28;Politecnico;2023;2;1;6;49;3
2023-10-28;Moli del Sol;2023;2;1;10;65;3
2023-10-29;Avda. Francia;2023;5;4;27;42;3
2023-10-29;Viveros;2023;26;13;8;56;6
2023-10-29;Pista Silla;2023;8;2;13;51;6
2023-10-29;Politecnico;2023;3;1;15;40;3
2023-10-29;Moli del Sol;2023;2;1;14;61;3
2023-10-30;Avda. Francia;2023;7;3;21;44;3
2023-10-30;Viveros;2023;21;18;7;58;5
2023-10-30;Pista Silla;2023;22;4;12;45;6
2023-10-30;Politecnico;2023;3;1;9;44;3
2023-10-30;Moli del Sol;2023;3;1;13;58;3
2023-10-31;Avda. Francia;2023;11;4;35;28;3
2023-10-31;Viveros;2023;20;16;12;36;4
2023-10-31;Pista Silla;2023;18;5;23;26;8
2023-10-31;Politecnico;2023;5;2;18;28;3
2023-10-31;Moli del Sol;2023;4;2;26;35;3
2023-11-01;Avda. Francia;2023;12;4;17;43;3
2023-11-01;Viveros;2023;22;17;6;54;4
2023-11-01;Pista Silla;2023;20;4;8;46;6
2023-11-01;Politecnico;2023;4;2;8;42;3
2023-11-01;Moli del Sol;2023;4;2;12;58;3
2023-11-02;Avda. Francia;2023;43;4;9;58;3
2023-11-02;Viveros;2023;97;68;4;73;4
2023-11-02;Pista Silla;2023;80;12;5;63;5
2023-11-02;Politecnico;2023;13;2;4;60;3
2023-11-02;Moli del Sol;2023;20;2;9;74;3
2023-11-03;Avda. Francia;2023;11;2;12;53;3
2023-11-03;Viveros;2023;43;36;4;66;4
2023-11-03;Pista Silla;2023;25;4;6;60;6
2023-11-03;Politecnico;2023;4;1;5;57;4
2023-11-03;Moli del Sol;2023;3;1;9;60;3
2023-11-04;Avda. Francia;2023;9;2;7;67;3
2023-11-04;Viveros;2023;18;17;3;80;4
2023-11-04;Pista Silla;2023;27;4;3;72;5
2023-11-04;Politecnico;2023;3;1;4;66;3
2023-11-04;Moli del Sol;2023;2;1;9;73;3
2023-11-05;Avda. Francia;2023;4;3;9;63;3
2023-11-05;Viveros;2023;20;11;4;76;5
2023-11-05;Pista Silla;2023;9;2;4;67;6
2023-11-05;Politecnico;2023;2;2;5;62;3
2023-11-05;Moli del Sol;2023;1;1;9;68;3
2023-11-06;Avda. Francia;2023;7;3;19;50;4
2023-11-06;Viveros;2023;16;12;6;61;4
2023-11-06;Pista Silla;2023;18;4;11;48;6
2023-11-06;Politecnico;2023;4;1;7;51;4
2023-11-06;Moli del Sol;2023;2;1;14;53;3
2023-11-07;Avda. Francia;2023;7;3;21;49;3
2023-11-07;Viveros;2023;19;14;6;60;6
2023-11-07;Pista Silla;2023;17;3;11;46;5
2023-11-07;Politecnico;2023;4;1;9;49;4
2023-11-07;Moli del Sol;2023;2;1;13;54;3
2023-11-08;Avda. Francia;2023;10;5;28;40;3
2023-11-08;Viveros;2023;18;14;10;45;5
2023-11-08;Pista Silla;2023;18;5;15;38;6
2023-11-08;Politecnico;2023;5;2;16;40;4
2023-11-08;Moli del Sol;2023;4;2;NA;NA;3
2023-11-09;Avda. Francia;2023;8;4;25;47;3
2023-11-09;Viveros;2023;15;12;8;56;4
2023-11-09;Pista Silla;2023;18;4;13;49;5
2023-11-09;Politecnico;2023;7;2;13;47;3
2023-11-09;Moli del Sol;2023;2;1;NA;NA;3
2023-11-10;Avda. Francia;2023;8;3;18;51;3
2023-11-10;Viveros;2023;18;15;6;63;4
2023-11-10;Pista Silla;2023;21;4;9;52;5
2023-11-10;Politecnico;2023;4;1;5;54;3
2023-11-10;Moli del Sol;2023;3;1;11;NA;3
2023-11-11;Avda. Francia;2023;7;3;10;48;3
2023-11-11;Viveros;2023;16;15;3;56;4
2023-11-11;Pista Silla;2023;17;2;3;52;4
2023-11-11;Politecnico;2023;3;1;3;48;3
2023-11-11;Moli del Sol;2023;2;1;7;NA;3
2023-11-12;Avda. Francia;2023;4;3;12;51;3
2023-11-12;Viveros;2023;12;11;5;58;5
2023-11-12;Pista Silla;2023;10;2;6;52;4
2023-11-12;Politecnico;2023;2;1;5;51;3
2023-11-12;Moli del Sol;2023;1;1;10;NA;3
2023-11-13;Avda. Francia;2023;9;4;29;28;3
2023-11-13;Viveros;2023;14;12;11;30;4
2023-11-13;Pista Silla;2023;18;4;15;27;5
2023-11-13;Politecnico;2023;3;1;16;29;4
2023-11-13;Moli del Sol;2023;3;2;23;28;3
2023-11-14;Avda. Francia;2023;13;6;35;23;3
2023-11-14;Viveros;2023;24;18;11;26;6
2023-11-14;Pista Silla;2023;29;7;21;17;7
2023-11-14;Politecnico;2023;4;2;18;23;4
2023-11-14;Moli del Sol;2023;4;2;28;22;4
2023-11-15;Avda. Francia;2023;18;7;40;22;3
2023-11-15;Viveros;2023;31;18;12;27;6
2023-11-15;Pista Silla;2023;25;9;24;17;7
2023-11-15;Politecnico;2023;3;2;28;18;4
2023-11-15;Moli del Sol;2023;5;2;32;24;3
2023-11-16;Avda. Francia;2023;25;14;55;15;4
2023-11-16;Viveros;2023;21;22;15;26;4
2023-11-16;Pista Silla;2023;32;14;32;12;9
2023-11-16;Politecnico;2023;4;2;29;18;4
2023-11-16;Moli del Sol;2023;12;5;40;18;3
2023-11-17;Avda. Francia;2023;22;13;47;14;3
2023-11-17;Viveros;2023;23;19;14;21;5
2023-11-17;Pista Silla;2023;28;13;29;9;7
2023-11-17;Politecnico;2023;NA;NA;24;16;4
2023-11-17;Moli del Sol;2023;11;5;36;18;3
2023-11-18;Avda. Francia;2023;19;17;37;26;4
2023-11-18;Viveros;2023;14;17;9;37;4
2023-11-18;Pista Silla;2023;20;15;18;25;6
2023-11-18;Politecnico;2023;NA;NA;17;24;4
2023-11-18;Moli del Sol;2023;13;6;24;29;3
2023-11-19;Avda. Francia;2023;NA;NA;29;29;4
2023-11-19;Viveros;2023;19;18;8;39;4
2023-11-19;Pista Silla;2023;23;18;16;24;6
2023-11-19;Politecnico;2023;NA;NA;12;30;4
2023-11-19;Moli del Sol;2023;14;7;24;27;3
2023-11-20;Avda. Francia;2023;NA;NA;42;28;3
2023-11-20;Viveros;2023;30;22;13;34;4
2023-11-20;Pista Silla;2023;33;27;26;21;7
2023-11-20;Politecnico;2023;NA;NA;20;31;4
2023-11-20;Moli del Sol;2023;30;15;32;26;3
2023-11-21;Avda. Francia;2023;20;9;24;35;3
2023-11-21;Viveros;2023;32;30;6;50;4
2023-11-21;Pista Silla;2023;37;10;13;30;5
2023-11-21;Politecnico;2023;10;2;8;39;4
2023-11-21;Moli del Sol;2023;15;5;15;38;3
2023-11-22;Avda. Francia;2023;17;3;30;41;3
2023-11-22;Viveros;2023;19;19;7;58;4
2023-11-22;Pista Silla;2023;25;5;19;36;5
2023-11-22;Politecnico;2023;11;2;9;48;3
2023-11-22;Moli del Sol;2023;4;2;20;46;3
2023-11-23;Avda. Francia;2023;25;7;42;30;3
2023-11-23;Viveros;2023;28;22;13;37;6
2023-11-23;Pista Silla;2023;37;10;29;21;7
2023-11-23;Politecnico;2023;30;4;26;28;3
2023-11-23;Moli del Sol;2023;8;4;34;31;3
2023-11-24;Avda. Francia;2023;26;8;38;26;3
2023-11-24;Viveros;2023;32;27;13;30;7
2023-11-24;Pista Silla;2023;39;11;21;21;6
2023-11-24;Politecnico;2023;20;3;22;24;3
2023-11-24;Moli del Sol;2023;11;4;31;24;3
2023-11-25;Avda. Francia;2023;21;10;36;24;3
2023-11-25;Viveros;2023;31;20;10;32;6
2023-11-25;Pista Silla;2023;22;10;18;23;6
2023-11-25;Politecnico;2023;12;4;16;26;3
2023-11-25;Moli del Sol;2023;13;6;28;23;3
2023-11-26;Avda. Francia;2023;17;11;29;28;3
2023-11-26;Viveros;2023;24;15;7;39;5
2023-11-26;Pista Silla;2023;15;9;14;25;5
2023-11-26;Politecnico;2023;9;5;11;27;3
2023-11-26;Moli del Sol;2023;13;6;19;29;3
2023-11-27;Avda. Francia;2023;37;13;31;29;3
2023-11-27;Viveros;2023;42;NA;8;40;5
2023-11-27;Pista Silla;2023;48;15;15;30;7
2023-11-27;Politecnico;2023;21;5;15;28;3
2023-11-27;Moli del Sol;2023;17;6;19;33;3
2023-11-28;Avda. Francia;2023;21;9;16;37;3
2023-11-28;Viveros;2023;19;18;5;45;5
2023-11-28;Pista Silla;2023;38;11;7;37;5
2023-11-28;Politecnico;2023;11;3;6;36;3
2023-11-28;Moli del Sol;2023;12;4;13;40;3
2023-11-29;Avda. Francia;2023;11;4;23;35;3
2023-11-29;Viveros;2023;11;11;17;39;5
2023-11-29;Pista Silla;2023;23;6;13;34;6
2023-11-29;Politecnico;2023;6;2;10;36;3
2023-11-29;Moli del Sol;2023;4;2;13;45;3
2023-11-30;Avda. Francia;2023;14;2;20;45;3
2023-11-30;Viveros;2023;18;15;14;51;4
2023-11-30;Pista Silla;2023;33;6;14;48;7
2023-11-30;Politecnico;2023;8;2;8;48;3
2023-11-30;Moli del Sol;2023;5;1;10;55;3
2023-12-01;Avda. Francia;2023;25;4;19;50;3
2023-12-01;Viveros;2023;39;38;17;54;4
2023-12-01;Pista Silla;2023;54;9;16;49;9
2023-12-01;Politecnico;2023;13;2;8;51;3
2023-12-01;Moli del Sol;2023;14;3;15;54;3
2023-12-02;Avda. Francia;2023;6;3;20;42;3
2023-12-02;Viveros;2023;13;12;16;48;4
2023-12-02;Pista Silla;2023;16;4;13;45;9
2023-12-02;Politecnico;2023;4;1;6;47;3
2023-12-02;Moli del Sol;2023;4;2;14;46;3
2023-12-03;Avda. Francia;2023;6;4;29;29;3
2023-12-03;Viveros;2023;11;10;23;33;NA
2023-12-03;Pista Silla;2023;16;7;22;27;10
2023-12-03;Politecnico;2023;5;2;9;36;3
2023-12-03;Moli del Sol;2023;7;3;22;30;3
2023-12-04;Avda. Francia;2023;5;3;23;40;4
2023-12-04;Viveros;2023;9;8;19;44;4
2023-12-04;Pista Silla;2023;15;4;15;44;NA
2023-12-04;Politecnico;2023;4;2;10;41;3
2023-12-04;Moli del Sol;2023;5;2;16;45;3
2023-12-05;Avda. Francia;2023;8;3;35;33;3
2023-12-05;Viveros;2023;14;10;30;34;5
2023-12-05;Pista Silla;2023;16;5;40;24;NA
2023-12-05;Politecnico;2023;7;2;14;37;3
2023-12-05;Moli del Sol;2023;6;3;32;31;3
2023-12-06;Avda. Francia;2023;6;5;30;36;4
2023-12-06;Viveros;2023;15;11;23;33;4
2023-12-06;Pista Silla;2023;13;9;26;28;NA
2023-12-06;Politecnico;2023;4;3;11;35;3
2023-12-06;Moli del Sol;2023;13;6;21;34;3
2023-12-07;Avda. Francia;2023;9;7;29;29;3
2023-12-07;Viveros;2023;14;12;23;30;NA
2023-12-07;Pista Silla;2023;15;9;23;27;NA
2023-12-07;Politecnico;2023;5;3;13;29;3
2023-12-07;Moli del Sol;2023;10;5;19;34;3
2023-12-08;Avda. Francia;2023;2;1;11;58;3
2023-12-08;Viveros;2023;1;5;7;64;3
2023-12-08;Pista Silla;2023;5;1;8;58;3
2023-12-08;Politecnico;2023;2;1;3;60;3
2023-12-08;Moli del Sol;2023;2;1;6;65;3
2023-12-09;Avda. Francia;2023;4;3;16;44;3
2023-12-09;Viveros;2023;5;7;16;44;4
2023-12-09;Pista Silla;2023;9;2;10;46;3
2023-12-09;Politecnico;2023;3;1;5;46;3
2023-12-09;Moli del Sol;2023;3;1;15;48;3
2023-12-10;Avda. Francia;2023;3;2;12;39;3
2023-12-10;Viveros;2023;1;5;9;41;4
2023-12-10;Pista Silla;2023;6;1;6;41;3
2023-12-10;Politecnico;2023;2;1;3;40;3
2023-12-10;Moli del Sol;2023;2;1;8;46;3
2023-12-11;Avda. Francia;2023;11;5;32;30;3
2023-12-11;Viveros;2023;21;12;33;22;5
2023-12-11;Pista Silla;2023;25;7;34;26;5
2023-12-11;Politecnico;2023;8;2;17;24;3
2023-12-11;Moli del Sol;2023;7;3;32;25;3
2023-12-12;Avda. Francia;2023;12;4;24;40;3
2023-12-12;Viveros;2023;9;9;23;38;5
2023-12-12;Pista Silla;2023;34;8;20;40;3
2023-12-12;Politecnico;2023;8;2;9;41;3
2023-12-12;Moli del Sol;2023;7;2;23;40;3
2023-12-13;Avda. Francia;2023;7;3;27;41;3
2023-12-13;Viveros;2023;8;6;19;48;4
2023-12-13;Pista Silla;2023;22;5;24;40;3
2023-12-13;Politecnico;2023;6;2;11;42;3
2023-12-13;Moli del Sol;2023;4;1;19;50;3
2023-12-14;Avda. Francia;2023;12;3;23;43;3
2023-12-14;Viveros;2023;6;6;15;51;4
2023-12-14;Pista Silla;2023;26;5;20;41;3
2023-12-14;Politecnico;2023;7;2;6;47;3
2023-12-14;Moli del Sol;2023;4;1;15;50;3
2023-12-15;Avda. Francia;2023;20;8;50;26;4
2023-12-15;Viveros;2023;22;12;44;19;NA
2023-12-15;Pista Silla;2023;33;11;51;17;4
2023-12-15;Politecnico;2023;14;3;31;19;3
2023-12-15;Moli del Sol;2023;10;5;42;24;4
2023-12-16;Avda. Francia;2023;10;6;39;30;3
2023-12-16;Viveros;2023;6;8;25;38;NA
2023-12-16;Pista Silla;2023;12;6;33;27;3
2023-12-16;Politecnico;2023;6;3;15;32;3
2023-12-16;Moli del Sol;2023;7;4;26;38;3
2023-12-17;Avda. Francia;2023;13;8;31;33;3
2023-12-17;Viveros;2023;8;10;20;38;NA
2023-12-17;Pista Silla;2023;13;7;28;27;3
2023-12-17;Politecnico;2023;5;3;11;33;3
2023-12-17;Moli del Sol;2023;11;5;20;41;3
2023-12-18;Avda. Francia;2023;24;13;53;18;3
2023-12-18;Viveros;2023;27;16;39;24;NA
2023-12-18;Pista Silla;2023;28;14;48;13;5
2023-12-18;Politecnico;2023;9;4;21;23;3
2023-12-18;Moli del Sol;2023;17;8;37;23;3
2023-12-19;Avda. Francia;2023;42;14;53;19;4
2023-12-19;Viveros;2023;32;18;48;17;7
2023-12-19;Pista Silla;2023;45;17;52;11;5
2023-12-19;Politecnico;2023;21;4;32;16;3
2023-12-19;Moli del Sol;2023;14;6;44;19;4
2023-12-20;Avda. Francia;2023;29;7;37;30;3
2023-12-20;Viveros;2023;17;11;25;40;4
2023-12-20;Pista Silla;2023;33;9;31;30;3
2023-12-20;Politecnico;2023;13;3;13;35;3
2023-12-20;Moli del Sol;2023;15;4;21;42;3
2023-12-21;Avda. Francia;2023;25;6;45;26;4
2023-12-21;Viveros;2023;13;9;38;25;5
2023-12-21;Pista Silla;2023;31;8;35;27;3
2023-12-21;Politecnico;2023;10;2;22;28;3
2023-12-21;Moli del Sol;2023;25;6;38;24;4
2023-12-22;Avda. Francia;2023;25;6;50;20;3
2023-12-22;Viveros;2023;21;13;41;23;4
2023-12-22;Pista Silla;2023;42;12;46;20;5
2023-12-22;Politecnico;2023;14;2;27;23;3
2023-12-22;Moli del Sol;2023;29;7;36;25;4
2023-12-23;Avda. Francia;2023;14;7;44;25;3
2023-12-23;Viveros;2023;12;11;34;26;4
2023-12-23;Pista Silla;2023;18;7;37;22;3
2023-12-23;Politecnico;2023;6;3;20;26;3
2023-12-23;Moli del Sol;2023;22;8;33;25;3
2023-12-24;Avda. Francia;2023;18;14;39;22;3
2023-12-24;Viveros;2023;18;16;27;27;3
2023-12-24;Pista Silla;2023;18;12;33;18;3
2023-12-24;Politecnico;2023;7;4;14;25;3
2023-12-24;Moli del Sol;2023;31;13;29;23;3
2023-12-25;Avda. Francia;2023;18;15;43;18;3
2023-12-25;Viveros;2023;15;15;28;23;4
2023-12-25;Pista Silla;2023;18;13;35;13;3
2023-12-25;Politecnico;2023;6;4;18;20;3
2023-12-25;Moli del Sol;2023;29;12;28;22;4
2023-12-26;Avda. Francia;2023;29;17;60;9;4
2023-12-26;Viveros;2023;27;17;38;17;3
2023-12-26;Pista Silla;2023;28;16;51;8;6
2023-12-26;Politecnico;2023;11;5;25;18;3
2023-12-26;Moli del Sol;2023;39;14;40;15;5
2023-12-27;Avda. Francia;2023;28;19;58;15;3
2023-12-27;Viveros;2023;26;19;41;19;3
2023-12-27;Pista Silla;2023;32;19;50;12;4
2023-12-27;Politecnico;2023;13;6;27;19;3
2023-12-27;Moli del Sol;2023;45;16;44;20;5
2023-12-28;Avda. Francia;2023;36;23;57;15;3
2023-12-28;Viveros;2023;40;27;39;19;3
2023-12-28;Pista Silla;2023;34;23;52;10;6
2023-12-28;Politecnico;2023;17;8;30;17;3
2023-12-28;Moli del Sol;2023;36;23;40;18;3
2023-12-29;Avda. Francia;2023;51;38;56;9;3
2023-12-29;Viveros;2023;52;36;46;5;3
2023-12-29;Pista Silla;2023;46;37;53;3;6
2023-12-29;Politecnico;2023;22;13;30;8;3
2023-12-29;Moli del Sol;2023;44;35;47;8;4
2023-12-30;Avda. Francia;2023;46;35;56;12;4
2023-12-30;Viveros;2023;47;32;41;13;3
2023-12-30;Pista Silla;2023;38;30;47;9;4
2023-12-30;Politecnico;2023;19;11;29;11;3
2023-12-30;Moli del Sol;2023;30;26;38;18;3
2023-12-31;Avda. Francia;2023;22;14;19;44;3
2023-12-31;Viveros;2023;19;17;11;49;3
2023-12-31;Pista Silla;2023;37;15;10;46;4
2023-12-31;Politecnico;2023;9;4;5;47;3
2023-12-31;Moli del Sol;2023;15;10;12;51;3
2024-01-01;Avda. Francia;2024;10;6;24;33;3
2024-01-01;Viveros;2024;13;10;20;34;3
2024-01-01;Pista Silla;2024;12;6;25;29;3
2024-01-01;Politecnico;2024;4;2;11;36;3
2024-01-01;Moli del Sol;2024;8;7;23;35;3
2024-01-02;Avda. Francia;2024;17;6;20;41;3
2024-01-02;Viveros;2024;18;10;18;41;3
2024-01-02;Pista Silla;2024;30;6;19;41;3
2024-01-02;Politecnico;2024;11;3;8;43;3
2024-01-02;Moli del Sol;2024;11;5;17;48;3
2024-01-03;Avda. Francia;2024;12;5;19;46;3
2024-01-03;Viveros;2024;14;10;11;51;3
2024-01-03;Pista Silla;2024;27;6;12;50;3
2024-01-03;Politecnico;2024;10;3;5;48;3
2024-01-03;Moli del Sol;2024;9;4;12;57;3
2024-01-04;Avda. Francia;2024;14;10;34;23;3
2024-01-04;Viveros;2024;16;13;23;23;3
2024-01-04;Pista Silla;2024;17;8;31;21;3
2024-01-04;Politecnico;2024;11;5;13;27;3
2024-01-04;Moli del Sol;2024;12;9;33;24;3
2024-01-05;Avda. Francia;2024;6;3;17;46;3
2024-01-05;Viveros;2024;6;5;9;54;3
2024-01-05;Pista Silla;2024;10;2;11;49;3
2024-01-05;Politecnico;2024;5;2;6;51;3
2024-01-05;Moli del Sol;2024;5;3;11;57;3
2024-01-06;Avda. Francia;2024;7;2;7;56;3
2024-01-06;Viveros;2024;12;7;5;64;3
2024-01-06;Pista Silla;2024;14;2;6;59;3
2024-01-06;Politecnico;2024;6;2;3;60;3
2024-01-06;Moli del Sol;2024;5;2;5;66;3
2024-01-07;Avda. Francia;2024;3;1;8;59;3
2024-01-07;Viveros;2024;7;4;5;67;4
2024-01-07;Pista Silla;2024;8;1;9;61;3
2024-01-07;Politecnico;2024;3;2;3;63;3
2024-01-07;Moli del Sol;2024;3;1;6;68;3
2024-01-08;Avda. Francia;2024;13;4;22;41;3
2024-01-08;Viveros;2024;12;9;18;49;4
2024-01-08;Pista Silla;2024;18;4;27;43;4
2024-01-08;Politecnico;2024;12;3;18;44;3
2024-01-08;Moli del Sol;2024;11;4;21;52;3
2024-01-09;Avda. Francia;2024;14;5;25;34;3
2024-01-09;Viveros;2024;19;13;20;36;4
2024-01-09;Pista Silla;2024;18;6;32;29;4
2024-01-09;Politecnico;2024;22;5;19;30;3
2024-01-09;Moli del Sol;2024;12;8;31;33;4
2024-01-10;Avda. Francia;2024;16;10;29;27;3
2024-01-10;Viveros;2024;20;14;21;28;3
2024-01-10;Pista Silla;2024;18;8;25;28;3
2024-01-10;Politecnico;2024;11;5;16;27;3
2024-01-10;Moli del Sol;2024;13;10;27;33;4
2024-01-11;Avda. Francia;2024;8;6;19;32;3
2024-01-11;Viveros;2024;7;9;14;32;4
2024-01-11;Pista Silla;2024;11;4;27;23;3
2024-01-11;Politecnico;2024;9;4;11;30;3
2024-01-11;Moli del Sol;2024;7;6;23;30;4
2024-01-12;Avda. Francia;2024;15;10;25;25;4
2024-01-12;Viveros;2024;22;18;22;25;5
2024-01-12;Pista Silla;2024;22;9;35;19;3
2024-01-12;Politecnico;2024;15;7;20;21;3
2024-01-12;Moli del Sol;2024;14;11;30;27;4
2024-01-13;Avda. Francia;2024;24;21;35;15;3
2024-01-13;Viveros;2024;23;18;24;16;4
2024-01-13;Pista Silla;2024;16;10;42;8;3
2024-01-13;Politecnico;2024;16;11;23;14;3
2024-01-13;Moli del Sol;2024;22;19;34;16;4
2024-01-14;Avda. Francia;2024;20;8;16;39;3
2024-01-14;Viveros;2024;26;15;8;43;3
2024-01-14;Pista Silla;2024;22;5;14;37;3
2024-01-14;Politecnico;2024;16;5;5;40;3
2024-01-14;Moli del Sol;2024;16;10;12;NA;3
2024-01-15;Avda. Francia;2024;12;4;15;43;3
2024-01-15;Viveros;2024;26;13;8;45;4
2024-01-15;Pista Silla;2024;14;3;10;45;3
2024-01-15;Politecnico;2024;10;3;5;42;3
2024-01-15;Moli del Sol;2024;8;4;11;NA;3
2024-01-16;Avda. Francia;2024;30;6;17;42;3
2024-01-16;Viveros;2024;33;15;12;41;4
2024-01-16;Pista Silla;2024;31;7;17;41;3
2024-01-16;Politecnico;2024;19;4;9;40;3
2024-01-16;Moli del Sol;2024;12;5;16;NA;3
2024-01-17;Avda. Francia;2024;54;7;16;52;4
2024-01-17;Viveros;2024;91;41;10;56;3
2024-01-17;Pista Silla;2024;61;12;16;55;3
2024-01-17;Politecnico;2024;27;4;9;53;3
2024-01-17;Moli del Sol;2024;24;7;13;NA;3
2024-01-18;Avda. Francia;2024;10;3;12;57;3
2024-01-18;Viveros;2024;NA;16;6;61;4
2024-01-18;Pista Silla;2024;14;2;9;62;3
2024-01-18;Politecnico;2024;8;2;4;59;3
2024-01-18;Moli del Sol;2024;5;2;9;67;3
2024-01-19;Avda. Francia;2024;4;3;12;44;3
2024-01-19;Viveros;2024;13;4;7;46;3
2024-01-19;Pista Silla;2024;3;1;14;43;3
2024-01-19;Politecnico;2024;4;2;4;49;5
2024-01-19;Moli del Sol;2024;4;3;16;41;4
2024-01-20;Avda. Francia;2024;10;5;13;43;4
2024-01-20;Viveros;2024;16;7;8;45;4
2024-01-20;Pista Silla;2024;3;1;17;42;3
2024-01-20;Politecnico;2024;12;4;5;46;5
2024-01-20;Moli del Sol;2024;5;4;14;40;4
2024-01-21;Avda. Francia;2024;15;11;18;36;3
2024-01-21;Viveros;2024;19;13;10;37;4
2024-01-21;Pista Silla;2024;5;2;20;34;3
2024-01-21;Politecnico;2024;9;6;7;37;5
2024-01-21;Moli del Sol;2024;12;11;20;33;4
2024-01-22;Avda. Francia;2024;17;13;27;19;3
2024-01-22;Viveros;2024;18;15;14;19;4
2024-01-22;Pista Silla;2024;6;2;31;16;4
2024-01-22;Politecnico;2024;10;6;13;23;6
2024-01-22;Moli del Sol;2024;15;12;31;18;5
2024-01-23;Avda. Francia;2024;23;15;36;12;4
2024-01-23;Viveros;2024;23;16;16;14;4
2024-01-23;Pista Silla;2024;10;3;40;10;3
2024-01-23;Politecnico;2024;12;7;19;13;6
2024-01-23;Moli del Sol;2024;15;12;33;NA;4
2024-01-24;Avda. Francia;2024;27;20;38;14;3
2024-01-24;Viveros;2024;27;21;17;15;5
2024-01-24;Pista Silla;2024;12;5;47;8;5
2024-01-24;Politecnico;2024;20;9;25;9;4
2024-01-24;Moli del Sol;2024;23;17;41;NA;5
2024-01-25;Avda. Francia;2024;54;37;45;12;3
2024-01-25;Viveros;2024;28;31;18;12;4
2024-01-25;Pista Silla;2024;15;8;58;6;7
2024-01-25;Politecnico;2024;28;17;31;10;4
2024-01-25;Moli del Sol;2024;29;24;44;16;5
2024-01-26;Avda. Francia;2024;46;28;48;16;4
2024-01-26;Viveros;2024;13;26;NA;18;4
2024-01-26;Pista Silla;2024;NA;NA;56;10;6
2024-01-26;Politecnico;2024;28;14;31;19;4
2024-01-26;Moli del Sol;2024;22;17;40;16;4
2024-01-27;Avda. Francia;2024;40;34;40;14;4
2024-01-27;Viveros;2024;34;28;NA;17;4
2024-01-27;Pista Silla;2024;NA;NA;47;10;3
2024-01-27;Politecnico;2024;24;18;25;13;3
2024-01-27;Moli del Sol;2024;26;24;37;16;4
2024-01-28;Avda. Francia;2024;34;32;20;37;3
2024-01-28;Viveros;2024;30;26;NA;38;4
2024-01-28;Pista Silla;2024;NA;NA;21;35;3
2024-01-28;Politecnico;2024;22;19;10;34;3
2024-01-28;Moli del Sol;2024;28;26;20;31;4
2024-01-29;Avda. Francia;2024;26;19;20;39;3
2024-01-29;Viveros;2024;NA;17;NA;37;4
2024-01-29;Pista Silla;2024;NA;NA;23;36;3
2024-01-29;Politecnico;2024;15;11;7;37;3
2024-01-29;Moli del Sol;2024;20;17;25;27;4
2024-01-30;Avda. Francia;2024;35;20;29;23;3
2024-01-30;Viveros;2024;35;20;NA;31;3
2024-01-30;Pista Silla;2024;NA;NA;41;13;4
2024-01-30;Politecnico;2024;27;12;16;19;3
2024-01-30;Moli del Sol;2024;27;22;39;13;5
2024-01-31;Avda. Francia;2024;25;20;30;29;4
2024-01-31;Viveros;2024;31;19;NA;42;4
2024-01-31;Pista Silla;2024;23;14;36;28;4
2024-01-31;Politecnico;2024;15;11;17;24;3
2024-01-31;Moli del Sol;2024;24;21;38;16;5
2024-02-01;Avda. Francia;2024;38;26;28;23;3
2024-02-01;Viveros;2024;31;20;41;32;5
2024-02-01;Pista Silla;2024;30;19;40;14;4
2024-02-01;Politecnico;2024;39;15;26;16;3
2024-02-01;Moli del Sol;2024;24;20;36;18;4
2024-02-02;Avda. Francia;2024;31;20;29;22;4
2024-02-02;Viveros;2024;38;19;41;32;6
2024-02-02;Pista Silla;2024;24;14;41;14;5
2024-02-02;Politecnico;2024;20;12;24;20;3
2024-02-02;Moli del Sol;2024;20;17;33;20;5
2024-02-03;Avda. Francia;2024;26;20;28;22;4
2024-02-03;Viveros;2024;33;19;37;36;5
2024-02-03;Pista Silla;2024;21;14;35;20;4
2024-02-03;Politecnico;2024;16;11;18;22;3
2024-02-03;Moli del Sol;2024;21;17;33;22;4
2024-02-04;Avda. Francia;2024;20;17;25;27;3
2024-02-04;Viveros;2024;30;19;33;42;5
2024-02-04;Pista Silla;2024;19;12;29;25;3
2024-02-04;Politecnico;2024;13;9;13;32;3
2024-02-04;Moli del Sol;2024;18;16;28;23;4
2024-02-05;Avda. Francia;2024;32;22;34;22;4
2024-02-05;Viveros;2024;38;22;45;36;5
2024-02-05;Pista Silla;2024;28;16;46;18;5
2024-02-05;Politecnico;2024;27;11;22;23;3
2024-02-05;Moli del Sol;2024;26;20;42;18;5
2024-02-06;Avda. Francia;2024;42;27;43;9;4
2024-02-06;Viveros;2024;47;26;58;20;5
2024-02-06;Pista Silla;2024;36;19;55;6;7
2024-02-06;Politecnico;2024;32;14;35;8;3
2024-02-06;Moli del Sol;2024;28;20;45;12;5
2024-02-07;Avda. Francia;2024;30;13;15;40;3
2024-02-07;Viveros;2024;39;18;22;55;4
2024-02-07;Pista Silla;2024;36;11;11;44;3
2024-02-07;Politecnico;2024;23;7;7;41;3
2024-02-07;Moli del Sol;2024;22;13;18;46;3
2024-02-08;Avda. Francia;2024;31;11;13;44;3
2024-02-08;Viveros;2024;41;16;20;61;3
2024-02-08;Pista Silla;2024;34;9;14;48;3
2024-02-08;Politecnico;2024;19;6;10;44;3
2024-02-08;Moli del Sol;2024;18;10;16;57;3
2024-02-09;Avda. Francia;2024;16;8;20;32;3
2024-02-09;Viveros;2024;18;10;32;41;3
2024-02-09;Pista Silla;2024;13;5;29;29;3
2024-02-09;Politecnico;2024;10;4;17;33;3
2024-02-09;Moli del Sol;2024;10;8;28;37;4
2024-02-10;Avda. Francia;2024;3;2;7;64;3
2024-02-10;Viveros;2024;3;3;7;88;3
2024-02-10;Pista Silla;2024;6;1;3;71;3
2024-02-10;Politecnico;2024;3;2;3;69;3
2024-02-10;Moli del Sol;2024;2;1;6;86;4
2024-02-11;Avda. Francia;2024;4;3;6;58;3
2024-02-11;Viveros;2024;4;3;8;79;5
2024-02-11;Pista Silla;2024;5;1;3;63;3
2024-02-11;Politecnico;2024;3;2;3;61;3
2024-02-11;Moli del Sol;2024;3;2;7;76;3
2024-02-12;Avda. Francia;2024;7;3;11;48;3
2024-02-12;Viveros;2024;13;7;22;62;4
2024-02-12;Pista Silla;2024;10;1;15;47;3
2024-02-12;Politecnico;2024;5;2;6;54;3
2024-02-12;Moli del Sol;2024;6;3;16;53;3
2024-02-13;Avda. Francia;2024;10;6;20;37;3
2024-02-13;Viveros;2024;24;12;31;48;3
2024-02-13;Pista Silla;2024;12;4;25;37;3
2024-02-13;Politecnico;2024;10;4;12;38;3
2024-02-13;Moli del Sol;2024;8;6;25;38;3
2024-02-14;Avda. Francia;2024;22;15;38;9;4
2024-02-14;Viveros;2024;31;8;53;17;4
2024-02-14;Pista Silla;2024;19;9;54;4;8
2024-02-14;Politecnico;2024;13;8;24;13;3
2024-02-14;Moli del Sol;2024;17;13;46;6;5
2024-02-15;Avda. Francia;2024;22;17;23;28;3
2024-02-15;Viveros;2024;27;17;33;37;4
2024-02-15;Pista Silla;2024;13;8;33;24;5
2024-02-15;Politecnico;2024;13;9;16;29;4
2024-02-15;Moli del Sol;2024;16;14;30;33;5
2024-02-16;Avda. Francia;2024;NA;NA;23;31;3
2024-02-16;Viveros;2024;21;14;39;36;4
2024-02-16;Pista Silla;2024;15;10;38;22;3
2024-02-16;Politecnico;2024;10;9;14;33;3
2024-02-16;Moli del Sol;2024;19;17;35;30;4
2024-02-17;Avda. Francia;2024;7;5;20;37;4
2024-02-17;Viveros;2024;14;13;31;55;5
2024-02-17;Pista Silla;2024;12;3;31;33;4
2024-02-17;Politecnico;2024;6;3;9;41;3
2024-02-17;Moli del Sol;2024;4;4;24;NA;4
2024-02-18;Avda. Francia;2024;9;9;19;32;4
2024-02-18;Viveros;2024;20;11;26;50;5
2024-02-18;Pista Silla;2024;11;5;21;36;3
2024-02-18;Politecnico;2024;7;5;10;32;3
2024-02-18;Moli del Sol;2024;7;6;21;NA;3
2024-02-19;Avda. Francia;2024;16;12;27;25;4
2024-02-19;Viveros;2024;20;14;37;41;5
2024-02-19;Pista Silla;2024;20;7;44;19;6
2024-02-19;Politecnico;2024;11;6;12;32;4
2024-02-19;Moli del Sol;2024;12;8;34;31;5
2024-02-20;Avda. Francia;2024;10;6;19;38;3
2024-02-20;Viveros;2024;17;10;29;56;4
2024-02-20;Pista Silla;2024;17;5;34;30;4
2024-02-20;Politecnico;2024;9;4;10;42;3
2024-02-20;Moli del Sol;2024;11;7;32;36;5
2024-02-21;Avda. Francia;2024;20;16;23;35;3
2024-02-21;Viveros;2024;27;19;39;47;5
2024-02-21;Pista Silla;2024;20;11;35;31;4
2024-02-21;Politecnico;2024;15;8;14;37;3
2024-02-21;Moli del Sol;2024;18;14;36;30;6
2024-02-22;Avda. Francia;2024;32;13;17;41;3
2024-02-22;Viveros;2024;48;28;26;56;3
2024-02-22;Pista Silla;2024;41;11;19;44;3
2024-02-22;Politecnico;2024;27;8;10;41;3
2024-02-22;Moli del Sol;2024;24;12;21;43;5
2024-02-23;Avda. Francia;2024;8;2;8;64;3
2024-02-23;Viveros;2024;22;12;13;85;3
2024-02-23;Pista Silla;2024;16;2;7;70;3
2024-02-23;Politecnico;2024;6;2;3;67;3
2024-02-23;Moli del Sol;2024;9;2;9;67;4
2024-02-24;Avda. Francia;2024;4;2;8;62;3
2024-02-24;Viveros;2024;12;6;10;86;4
2024-02-24;Pista Silla;2024;9;1;8;67;3
2024-02-24;Politecnico;2024;4;2;3;68;3
2024-02-24;Moli del Sol;2024;4;2;9;65;4
2024-02-25;Avda. Francia;2024;9;3;7;58;4
2024-02-25;Viveros;2024;14;7;8;76;4
2024-02-25;Pista Silla;2024;13;2;4;62;3
2024-02-25;Politecnico;2024;5;2;3;60;3
2024-02-25;Moli del Sol;2024;6;3;6;61;4
2024-02-26;Avda. Francia;2024;8;2;9;58;3
2024-02-26;Viveros;2024;9;7;13;78;3
2024-02-26;Pista Silla;2024;13;2;10;62;3
2024-02-26;Politecnico;2024;6;2;5;60;3
2024-02-26;Moli del Sol;2024;5;2;10;62;4
2024-02-27;Avda. Francia;2024;8;2;8;62;3
2024-02-27;Viveros;2024;13;11;8;86;3
2024-02-27;Pista Silla;2024;16;2;8;67;3
2024-02-27;Politecnico;2024;6;2;3;67;3
2024-02-27;Moli del Sol;2024;7;2;8;66;4
2024-02-28;Avda. Francia;2024;24;4;18;51;4
2024-02-28;Viveros;2024;15;11;29;71;4
2024-02-28;Pista Silla;2024;22;4;32;48;4
2024-02-28;Politecnico;2024;15;3;14;53;3
2024-02-28;Moli del Sol;2024;10;4;25;54;5
2024-02-29;Avda. Francia;2024;17;4;15;50;3
2024-02-29;Viveros;2024;21;17;25;72;4
2024-02-29;Pista Silla;2024;23;5;22;54;3
2024-02-29;Politecnico;2024;14;3;10;55;3
2024-02-29;Moli del Sol;2024;12;4;23;52;3
2024-03-01;Avda. Francia;2024;11;3;8;69;3
2024-03-01;Viveros;2024;16;13;13;85;5
2024-03-01;Pista Silla;2024;18;3;10;72;3
2024-03-01;Politecnico;2024;7;2;3;72;3
2024-03-01;Moli del Sol;2024;10;4;9;71;3
2024-03-02;Avda. Francia;2024;16;5;7;70;4
2024-03-02;Viveros;2024;25;17;8;86;3
2024-03-02;Pista Silla;2024;23;4;3;77;3
2024-03-02;Politecnico;2024;9;3;3;72;3
2024-03-02;Moli del Sol;2024;10;5;7;71;3
2024-03-03;Avda. Francia;2024;5;2;6;74;3
2024-03-03;Viveros;2024;9;9;5;93;4
2024-03-03;Pista Silla;2024;13;2;2;82;3
2024-03-03;Politecnico;2024;3;2;3;79;3
2024-03-03;Moli del Sol;2024;6;2;5;77;3
2024-03-04;Avda. Francia;2024;7;3;9;52;3
2024-03-04;Viveros;2024;19;10;18;65;3
2024-03-04;Pista Silla;2024;13;2;10;56;3
2024-03-04;Politecnico;2024;8;3;6;52;3
2024-03-04;Moli del Sol;2024;6;3;13;56;3
2024-03-05;Avda. Francia;2024;9;4;13;56;3
2024-03-05;Viveros;2024;24;NA;21;72;3
2024-03-05;Pista Silla;2024;13;3;23;53;4
2024-03-05;Politecnico;2024;9;3;9;53;3
2024-03-05;Moli del Sol;2024;8;4;20;55;3
2024-03-06;Avda. Francia;2024;8;5;14;57;4
2024-03-06;Viveros;2024;24;13;24;70;4
2024-03-06;Pista Silla;2024;13;4;26;54;3
2024-03-06;Politecnico;2024;24;14;8;59;3
2024-03-06;Moli del Sol;2024;9;7;24;51;3
2024-03-07;Avda. Francia;2024;7;6;10;66;4
2024-03-07;Viveros;2024;25;10;18;79;3
2024-03-07;Pista Silla;2024;11;5;18;63;3
2024-03-07;Politecnico;2024;28;20;4;71;3
2024-03-07;Moli del Sol;2024;10;7;20;59;3
2024-03-08;Avda. Francia;2024;6;2;8;64;3
2024-03-08;Viveros;2024;20;12;15;80;4
2024-03-08;Pista Silla;2024;13;2;12;67;3
2024-03-08;Politecnico;2024;10;6;4;66;3
2024-03-08;Moli del Sol;2024;4;2;12;66;3
2024-03-09;Avda. Francia;2024;4;3;8;57;3
2024-03-09;Viveros;2024;13;8;17;70;4
2024-03-09;Pista Silla;2024;6;1;14;57;3
2024-03-09;Politecnico;2024;10;7;5;60;3
2024-03-09;Moli del Sol;2024;3;2;15;55;3
2024-03-10;Avda. Francia;2024;2;2;7;70;3
2024-03-10;Viveros;2024;8;6;8;86;4
2024-03-10;Pista Silla;2024;6;1;6;73;3
2024-03-10;Politecnico;2024;7;5;3;73;3
2024-03-10;Moli del Sol;2024;2;1;7;70;3
2024-03-11;Avda. Francia;2024;4;2;10;56;3
2024-03-11;Viveros;2024;18;10;17;73;3
2024-03-11;Pista Silla;2024;13;2;16;58;3
2024-03-11;Politecnico;2024;12;6;6;59;3
2024-03-11;Moli del Sol;2024;4;2;15;58;3
2024-03-12;Avda. Francia;2024;8;3;14;52;3
2024-03-12;Viveros;2024;19;12;24;67;3
2024-03-12;Pista Silla;2024;14;4;29;46;4
2024-03-12;Politecnico;2024;21;10;8;54;4
2024-03-12;Moli del Sol;2024;7;4;25;49;3
2024-03-13;Avda. Francia;2024;16;8;22;44;3
2024-03-13;Viveros;2024;25;NA;35;50;4
2024-03-13;Pista Silla;2024;16;7;38;39;5
2024-03-13;Politecnico;2024;31;20;12;47;4
2024-03-13;Moli del Sol;2024;12;8;34;39;3
2024-03-14;Avda. Francia;2024;16;10;19;46;3
2024-03-14;Viveros;2024;31;NA;34;45;4
2024-03-14;Pista Silla;2024;21;11;40;34;5
2024-03-14;Politecnico;2024;39;26;13;48;5
2024-03-14;Moli del Sol;2024;17;12;38;36;3
2024-03-15;Avda. Francia;2024;27;10;19;42;3
2024-03-15;Viveros;2024;37;NA;39;45;3
2024-03-15;Pista Silla;2024;30;11;38;40;5
2024-03-15;Politecnico;2024;44;24;11;50;4
2024-03-15;Moli del Sol;2024;13;8;30;47;3
2024-03-16;Avda. Francia;2024;26;17;13;50;4
2024-03-16;Viveros;2024;34;NA;24;57;3
2024-03-16;Pista Silla;2024;28;16;31;44;8
2024-03-16;Politecnico;2024;33;23;6;61;5
2024-03-16;Moli del Sol;2024;12;9;23;50;3
2024-03-17;Avda. Francia;2024;31;25;12;49;3
2024-03-17;Viveros;2024;36;26;30;49;3
2024-03-17;Pista Silla;2024;29;21;27;43;6
2024-03-17;Politecnico;2024;53;42;11;49;5
2024-03-17;Moli del Sol;2024;20;18;28;42;3
2024-03-18;Avda. Francia;2024;44;39;12;60;3
2024-03-18;Viveros;2024;43;33;27;60;3
2024-03-18;Pista Silla;2024;32;26;26;54;5
2024-03-18;Politecnico;2024;63;54;9;62;5
2024-03-18;Moli del Sol;2024;37;35;27;50;3
2024-03-19;Avda. Francia;2024;38;34;6;68;3
2024-03-19;Viveros;2024;33;25;18;69;3
2024-03-19;Pista Silla;2024;31;25;17;60;5
2024-03-19;Politecnico;2024;43;38;6;68;5
2024-03-19;Moli del Sol;2024;32;30;18;57;3
2024-03-20;Avda. Francia;2024;31;25;5;76;4
2024-03-20;Viveros;2024;22;19;14;81;3
2024-03-20;Pista Silla;2024;16;10;13;76;4
2024-03-20;Politecnico;2024;32;27;5;75;5
2024-03-20;Moli del Sol;2024;22;21;18;70;3
2024-03-21;Avda. Francia;2024;19;14;5;63;4
2024-03-21;Viveros;2024;19;12;15;64;3
2024-03-21;Pista Silla;2024;10;5;13;62;4
2024-03-21;Politecnico;2024;28;20;5;65;5
2024-03-21;Moli del Sol;2024;16;14;22;51;3
2024-03-22;Avda. Francia;2024;42;26;14;43;4
2024-03-22;Viveros;2024;42;22;29;45;4
2024-03-22;Pista Silla;2024;21;10;38;29;7
2024-03-22;Politecnico;2024;37;25;12;42;6
2024-03-22;Moli del Sol;2024;22;18;33;33;3
2024-03-23;Avda. Francia;2024;48;22;15;39;4
2024-03-23;Viveros;2024;40;24;30;44;3
2024-03-23;Pista Silla;2024;22;9;31;35;6
2024-03-23;Politecnico;2024;34;21;12;42;6
2024-03-23;Moli del Sol;2024;20;13;31;37;3
2024-03-24;Avda. Francia;2024;20;14;7;53;3
2024-03-24;Viveros;2024;24;14;14;59;3
2024-03-24;Pista Silla;2024;11;5;12;54;4
2024-03-24;Politecnico;2024;27;19;8;52;5
2024-03-24;Moli del Sol;2024;13;10;16;49;3
2024-03-25;Avda. Francia;2024;8;7;8;51;3
2024-03-25;Viveros;2024;9;6;24;49;4
2024-03-25;Pista Silla;2024;6;2;24;48;4
2024-03-25;Politecnico;2024;17;12;8;59;5
2024-03-25;Moli del Sol;2024;9;9;26;48;3
2024-03-26;Avda. Francia;2024;10;5;3;57;3
2024-03-26;Viveros;2024;13;8;13;65;3
2024-03-26;Pista Silla;2024;9;2;7;63;3
2024-03-26;Politecnico;2024;7;4;4;60;5
2024-03-26;Moli del Sol;2024;6;3;12;58;3
2024-03-27;Avda. Francia;2024;13;3;3;63;3
2024-03-27;Viveros;2024;17;9;9;71;4
2024-03-27;Pista Silla;2024;13;2;5;68;3
2024-03-27;Politecnico;2024;7;3;4;66;4
2024-03-27;Moli del Sol;2024;6;2;9;64;3
2024-03-28;Avda. Francia;2024;10;5;13;53;3
2024-03-28;Viveros;2024;22;11;24;60;3
2024-03-28;Pista Silla;2024;8;2;19;59;4
2024-03-28;Politecnico;2024;12;7;11;59;5
2024-03-28;Moli del Sol;2024;6;4;19;56;3
2024-03-29;Avda. Francia;2024;11;4;4;55;4
2024-03-29;Viveros;2024;28;12;13;60;3
2024-03-29;Pista Silla;2024;8;1;10;54;4
2024-03-29;Politecnico;2024;10;6;4;59;4
2024-03-29;Moli del Sol;2024;5;3;NA;50;3
2024-03-30;Avda. Francia;2024;5;3;5;58;3
2024-03-30;Viveros;2024;12;6;15;66;4
2024-03-30;Pista Silla;2024;4;1;12;62;4
2024-03-30;Politecnico;2024;6;4;5;66;5
2024-03-30;Moli del Sol;2024;3;2;NA;58;3
2024-03-31;Avda. Francia;2024;3;2;3;68;3
2024-03-31;Viveros;2024;7;4;8;76;3
2024-03-31;Pista Silla;2024;3;1;3;75;3
2024-03-31;Politecnico;2024;3;2;3;73;5
2024-03-31;Moli del Sol;2024;1;1;NA;70;3
2024-04-01;Avda. Francia;2024;3;2;3;74;3
2024-04-01;Viveros;2024;11;6;7;82;4
2024-04-01;Pista Silla;2024;5;1;2;81;4
2024-04-01;Politecnico;2024;3;2;3;78;4
2024-04-01;Moli del Sol;2024;2;1;NA;74;3
2024-04-02;Avda. Francia;2024;16;5;8;54;3
2024-04-02;Viveros;2024;19;9;20;63;3
2024-04-02;Pista Silla;2024;9;2;21;56;5
2024-04-02;Politecnico;2024;12;6;5;62;5
2024-04-02;Moli del Sol;2024;6;4;NA;56;3
2024-04-03;Avda. Francia;2024;15;7;8;52;3
2024-04-03;Viveros;2024;20;11;26;52;3
2024-04-03;Pista Silla;2024;14;3;23;48;5
2024-04-03;Politecnico;2024;16;8;14;45;5
2024-04-03;Moli del Sol;2024;8;5;21;48;3
2024-04-04;Avda. Francia;2024;18;9;12;55;3
2024-04-04;Viveros;2024;24;14;27;61;3
2024-04-04;Pista Silla;2024;14;4;36;47;6
2024-04-04;Politecnico;2024;18;11;11;60;5
2024-04-04;Moli del Sol;2024;10;7;26;55;3
2024-04-05;Avda. Francia;2024;18;13;9;66;4
2024-04-05;Viveros;2024;25;17;22;68;3
2024-04-05;Pista Silla;2024;13;7;28;59;6
2024-04-05;Politecnico;2024;26;19;10;61;5
2024-04-05;Moli del Sol;2024;15;13;27;55;3
2024-04-06;Avda. Francia;2024;16;14;5;78;3
2024-04-06;Viveros;2024;22;13;14;80;3
2024-04-06;Pista Silla;2024;12;7;11;82;4
2024-04-06;Moli del Sol;2024;14;13;19;65;3
2024-04-07;Avda. Francia;2024;20;15;4;77;3
2024-04-07;Viveros;2024;37;17;13;82;3
2024-04-07;Pista Silla;2024;13;8;11;76;4
2024-04-07;Moli del Sol;2024;19;17;16;70;3
2024-04-08;Avda. Francia;2024;24;8;9;56;4
2024-04-08;Viveros;2024;38;26;16;68;3
2024-04-08;Pista Silla;2024;22;5;16;58;5
2024-04-08;Moli del Sol;2024;17;9;18;56;3
2024-04-09;Avda. Francia;2024;15;3;6;68;4
2024-04-09;Viveros;2024;15;8;14;79;3
2024-04-09;Pista Silla;2024;15;2;17;69;4
2024-04-09;Moli del Sol;2024;6;2;15;68;3
2024-04-10;Avda. Francia;2024;21;6;8;66;3
2024-04-10;Viveros;2024;21;13;20;76;3
2024-04-10;Pista Silla;2024;15;2;21;71;5
2024-04-10;Politecnico;2024;18;8;9;73;3
2024-04-10;Moli del Sol;2024;9;4;21;64;3
2024-04-11;Avda. Francia;2024;14;7;8;68;4
2024-04-11;Viveros;2024;21;12;14;79;3
2024-04-11;Pista Silla;2024;9;2;26;60;5
2024-04-11;Politecnico;2024;18;11;9;72;3
2024-04-11;Moli del Sol;2024;8;5;22;58;3
2024-04-12;Avda. Francia;2024;24;9;22;34;3
2024-04-12;Viveros;2024;23;15;41;44;3
2024-04-12;Pista Silla;2024;20;4;44;34;6
2024-04-12;Politecnico;2024;25;9;17;45;3
2024-04-12;Moli del Sol;2024;9;5;32;48;3
2024-04-13;Avda. Francia;2024;28;12;22;41;3
2024-04-13;Viveros;2024;25;17;33;62;3
2024-04-13;Pista Silla;2024;17;5;41;43;6
2024-04-13;Politecnico;2024;23;10;15;57;3
2024-04-13;Moli del Sol;2024;12;7;30;54;3
2024-04-14;Avda. Francia;2024;25;10;7;70;4
2024-04-14;Viveros;2024;25;17;18;81;3
2024-04-14;Pista Silla;2024;15;5;19;70;5
2024-04-14;Politecnico;2024;23;10;8;70;3
2024-04-14;Moli del Sol;2024;10;6;18;70;3
2024-04-15;Avda. Francia;2024;38;18;16;58;3
2024-04-15;Viveros;2024;40;25;23;79;3
2024-04-15;Pista Silla;2024;30;11;41;52;7
2024-04-15;Politecnico;2024;30;16;13;67;3
2024-04-15;Moli del Sol;2024;17;12;35;56;3
2024-04-16;Avda. Francia;2024;26;13;12;55;3
2024-04-16;Viveros;2024;30;17;18;65;3
2024-04-16;Pista Silla;2024;19;7;31;50;5
2024-04-16;Politecnico;2024;26;15;14;54;3
2024-04-16;Moli del Sol;2024;13;9;25;57;3
2024-04-17;Avda. Francia;2024;17;7;8;61;3
2024-04-17;Viveros;2024;29;17;19;68;3
2024-04-17;Pista Silla;2024;13;3;24;57;5
2024-04-17;Politecnico;2024;21;10;8;60;3
2024-04-17;Moli del Sol;2024;9;6;23;57;3
2024-04-18;Avda. Francia;2024;10;6;7;65;4
2024-04-18;Viveros;2024;25;14;24;62;3
2024-04-18;Pista Silla;2024;16;4;31;53;5
2024-04-18;Politecnico;2024;17;9;9;61;3
2024-04-18;Moli del Sol;2024;8;6;25;57;3
2024-04-19;Avda. Francia;2024;10;4;6;71;3
2024-04-19;Viveros;2024;18;10;NA;70;3
2024-04-19;Pista Silla;2024;9;1;21;63;4
2024-04-19;Politecnico;2024;21;10;6;70;3
2024-04-19;Moli del Sol;2024;5;4;19;68;3
2024-04-20;Avda. Francia;2024;8;5;6;69;3
2024-04-20;Viveros;2024;19;11;NA;76;3
2024-04-20;Pista Silla;2024;8;2;19;68;4
2024-04-20;Politecnico;2024;16;9;7;70;3
2024-04-20;Moli del Sol;2024;6;4;19;68;3
2024-04-21;Avda. Francia;2024;7;4;4;76;4
2024-04-21;Viveros;2024;23;10;NA;82;3
2024-04-21;Pista Silla;2024;6;1;10;78;4
2024-04-21;Politecnico;2024;17;10;6;71;3
2024-04-21;Moli del Sol;2024;5;4;12;85;3
2024-04-22;Avda. Francia;2024;11;5;4;71;3
2024-04-22;Viveros;2024;24;14;11;82;3
2024-04-22;Pista Silla;2024;8;2;12;75;4
2024-04-22;Politecnico;2024;18;11;6;73;3
2024-04-22;Moli del Sol;2024;6;4;15;79;3
2024-04-23;Avda. Francia;2024;12;4;4;77;4
2024-04-23;Viveros;2024;20;15;14;87;3
2024-04-23;Pista Silla;2024;15;2;19;76;4
2024-04-23;Politecnico;2024;12;5;4;83;3
2024-04-23;Moli del Sol;2024;6;3;17;84;3
2024-04-24;Avda. Francia;2024;14;5;5;79;3
2024-04-24;Viveros;2024;23;17;16;89;3
2024-04-24;Pista Silla;2024;16;2;14;85;3
2024-04-24;Politecnico;2024;18;6;5;84;3
2024-04-24;Moli del Sol;2024;8;3;13;83;4
2024-04-25;Avda. Francia;2024;9;5;6;68;3
2024-04-25;Viveros;2024;18;12;17;77;3
2024-04-25;Pista Silla;2024;12;3;19;68;3
2024-04-25;Politecnico;2024;15;8;9;70;3
2024-04-25;Moli del Sol;2024;6;4;17;70;4
2024-04-26;Avda. Francia;2024;12;10;6;76;4
2024-04-26;Viveros;2024;20;13;17;83;3
2024-04-26;Pista Silla;2024;14;7;21;72;3
2024-04-26;Politecnico;2024;20;14;6;80;3
2024-04-26;Moli del Sol;2024;11;9;19;68;4
2024-04-27;Avda. Francia;2024;11;8;6;69;3
2024-04-27;Viveros;2024;20;14;19;76;3
2024-04-27;Pista Silla;2024;12;5;16;71;3
2024-04-27;Politecnico;2024;19;13;7;73;3
2024-04-27;Moli del Sol;2024;9;7;16;62;3
2024-04-28;Avda. Francia;2024;5;3;4;67;3
2024-04-28;Viveros;2024;20;17;15;75;3
2024-04-28;Pista Silla;2024;7;1;12;72;3
2024-04-28;Politecnico;2024;9;5;4;74;3
2024-04-28;Moli del Sol;2024;4;3;13;64;3
2024-04-29;Avda. Francia;2024;5;4;7;63;3
2024-04-29;Viveros;2024;12;7;26;68;3
2024-04-29;Pista Silla;2024;6;3;27;59;3
2024-04-29;Politecnico;2024;11;8;5;77;3
2024-04-29;Moli del Sol;2024;6;5;20;63;3
2024-04-30;Avda. Francia;2024;9;5;6;49;3
2024-04-30;Viveros;2024;17;17;22;58;3
2024-04-30;Pista Silla;2024;10;3;18;50;3
2024-04-30;Politecnico;2024;11;6;5;55;3
2024-04-30;Moli del Sol;2024;7;5;17;52;3
2024-05-01;Avda. Francia;2024;6;2;3;74;3
2024-05-01;Viveros;2024;12;10;6;85;3
2024-05-01;Pista Silla;2024;7;1;3;81;3
2024-05-01;Politecnico;2024;5;3;3;78;3
2024-05-01;Moli del Sol;2024;4;2;6;76;3
2024-05-02;Avda. Francia;2024;8;3;4;66;3
2024-05-02;Viveros;2024;16;14;16;77;3
2024-05-02;Pista Silla;2024;10;1;11;72;3
2024-05-02;Politecnico;2024;5;3;4;73;3
2024-05-02;Moli del Sol;2024;4;2;11;70;3
2024-05-03;Avda. Francia;2024;17;4;7;64;4
2024-05-03;Viveros;2024;35;29;25;71;3
2024-05-03;Pista Silla;2024;14;2;20;66;3
2024-05-03;Politecnico;2024;16;7;9;68;3
2024-05-03;Moli del Sol;2024;7;3;20;64;4
2024-05-04;Avda. Francia;2024;9;4;5;75;3
2024-05-04;Viveros;2024;23;17;21;77;3
2024-05-04;Pista Silla;2024;8;2;14;75;3
2024-05-04;Politecnico;2024;16;9;5;76;3
2024-05-04;Moli del Sol;2024;7;5;18;64;4
2024-05-05;Avda. Francia;2024;12;6;7;70;3
2024-05-05;Viveros;2024;33;25;24;75;3
2024-05-05;Pista Silla;2024;11;4;26;63;3
2024-05-05;Politecnico;2024;22;13;8;72;3
2024-05-05;Moli del Sol;2024;10;8;21;59;4
2024-05-06;Avda. Francia;2024;10;4;5;56;4
2024-05-06;Viveros;2024;27;20;18;61;3
2024-05-06;Pista Silla;2024;16;2;14;57;3
2024-05-06;Politecnico;2024;12;7;5;61;3
2024-05-06;Moli del Sol;2024;6;3;14;58;4
2024-05-07;Avda. Francia;2024;8;4;7;56;3
2024-05-07;Viveros;2024;NA;NA;22;65;3
2024-05-07;Pista Silla;2024;9;2;21;59;3
2024-05-07;Politecnico;2024;19;9;7;57;3
2024-05-07;Moli del Sol;2024;7;5;19;61;4
2024-05-08;Avda. Francia;2024;17;5;9;60;3
2024-05-08;Viveros;2024;NA;NA;22;74;3
2024-05-08;Pista Silla;2024;11;2;24;67;4
2024-05-08;Politecnico;2024;14;6;10;62;3
2024-05-08;Moli del Sol;2024;6;3;20;67;4
2024-05-09;Avda. Francia;2024;28;6;9;61;3
2024-05-09;Viveros;2024;NA;NA;26;70;3
2024-05-09;Pista Silla;2024;13;3;26;62;3
2024-05-09;Politecnico;2024;22;10;9;61;3
2024-05-09;Moli del Sol;2024;8;5;21;62;4
2024-05-10;Avda. Francia;2024;9;5;6;78;4
2024-05-10;Viveros;2024;NA;NA;23;77;3
2024-05-10;Pista Silla;2024;13;4;29;66;4
2024-05-10;Politecnico;2024;15;9;8;67;3
2024-05-10;Moli del Sol;2024;9;6;26;62;4
2024-05-11;Avda. Francia;2024;9;5;6;78;3
2024-05-11;Viveros;2024;NA;NA;16;84;3
2024-05-11;Pista Silla;2024;9;2;20;71;3
2024-05-11;Politecnico;2024;14;9;6;77;3
2024-05-11;Moli del Sol;2024;6;4;NA;73;4
2024-05-12;Avda. Francia;2024;8;8;3;88;3
2024-05-12;Viveros;2024;NA;NA;10;88;3
2024-05-12;Pista Silla;2024;9;4;11;77;3
2024-05-12;Politecnico;2024;14;11;3;84;3
2024-05-12;Moli del Sol;2024;7;6;NA;72;4
2024-05-13;Avda. Francia;2024;8;5;7;82;3
2024-05-13;Viveros;2024;NA;NA;17;88;3
2024-05-13;Pista Silla;2024;11;3;22;77;3
2024-05-13;Politecnico;2024;14;10;5;83;3
2024-05-13;Moli del Sol;2024;7;5;NA;71;4
2024-05-14;Avda. Francia;2024;10;7;7;65;3
2024-05-14;Viveros;2024;NA;NA;22;66;3
2024-05-14;Pista Silla;2024;11;4;22;58;3
2024-05-14;Politecnico;2024;20;13;7;67;3
2024-05-14;Moli del Sol;2024;9;7;NA;61;4
2024-05-15;Avda. Francia;2024;5;3;5;61;3
2024-05-15;Viveros;2024;29;10;13;70;3
2024-05-15;Pista Silla;2024;7;1;18;57;3
2024-05-15;Politecnico;2024;14;8;5;64;3
2024-05-15;Moli del Sol;2024;6;5;NA;58;4
2024-05-16;Avda. Francia;2024;19;4;4;68;3
2024-05-16;Viveros;2024;41;20;17;73;3
2024-05-16;Pista Silla;2024;24;3;10;70;3
2024-05-16;Politecnico;2024;18;7;4;69;3
2024-05-16;Moli del Sol;2024;12;4;13;63;4
2024-05-17;Avda. Francia;2024;15;4;6;66;3
2024-05-17;Viveros;2024;32;17;31;62;3
2024-05-17;Pista Silla;2024;13;2;21;63;3
2024-05-17;Politecnico;2024;22;9;8;65;3
2024-05-17;Moli del Sol;2024;11;5;26;58;4
2024-05-18;Avda. Francia;2024;8;5;3;83;3
2024-05-18;Viveros;2024;25;11;8;89;3
2024-05-18;Pista Silla;2024;7;2;10;81;3
2024-05-18;Politecnico;2024;20;13;3;83;3
2024-05-18;Moli del Sol;2024;7;6;10;77;4
2024-05-19;Avda. Francia;2024;6;5;3;81;3
2024-05-19;Viveros;2024;23;10;8;86;3
2024-05-19;Pista Silla;2024;6;2;12;76;3
2024-05-19;Politecnico;2024;19;13;3;80;3
2024-05-19;Moli del Sol;2024;7;6;9;76;4
2024-05-20;Avda. Francia;2024;9;5;4;71;3
2024-05-20;Viveros;2024;25;11;14;78;3
2024-05-20;Pista Silla;2024;7;2;14;72;3
2024-05-20;Politecnico;2024;14;9;4;74;3
2024-05-20;Moli del Sol;2024;5;4;11;71;4
2024-05-21;Avda. Francia;2024;14;7;5;65;3
2024-05-21;Viveros;2024;29;15;17;70;3
2024-05-21;Pista Silla;2024;10;3;13;66;3
2024-05-21;Politecnico;2024;18;10;6;66;3
2024-05-21;Moli del Sol;2024;9;7;17;60;4
2024-05-22;Avda. Francia;2024;10;5;4;81;3
2024-05-22;Viveros;2024;28;16;16;88;3
2024-05-22;Pista Silla;2024;9;2;20;75;3
2024-05-22;Politecnico;2024;12;7;4;84;3
2024-05-22;Moli del Sol;2024;5;4;17;75;4
2024-05-23;Avda. Francia;2024;10;6;5;79;3
2024-05-23;Viveros;2024;29;13;14;83;3
2024-05-23;Pista Silla;2024;9;2;18;72;3
2024-05-23;Politecnico;2024;15;9;5;78;3
2024-05-23;Moli del Sol;2024;7;5;17;69;4
2024-05-24;Avda. Francia;2024;9;7;3;75;3
2024-05-24;Viveros;2024;26;10;9;80;3
2024-05-24;Pista Silla;2024;8;3;13;73;3
2024-05-24;Politecnico;2024;18;13;5;70;3
2024-05-24;Moli del Sol;2024;7;6;12;69;4
2024-05-25;Avda. Francia;2024;8;7;3;73;3
2024-05-25;Viveros;2024;25;9;10;78;3
2024-05-25;Pista Silla;2024;7;2;8;74;3
2024-05-25;Politecnico;2024;18;13;3;72;3
2024-05-25;Moli del Sol;2024;7;6;10;65;4
2024-05-26;Avda. Francia;2024;10;8;3;71;3
2024-05-26;Viveros;2024;24;10;8;76;3
2024-05-26;Pista Silla;2024;9;4;9;69;3
2024-05-26;Politecnico;2024;22;16;3;71;3
2024-05-26;Moli del Sol;2024;9;9;7;65;4
2024-05-27;Avda. Francia;2024;10;7;3;73;3
2024-05-27;Viveros;2024;34;11;8;83;3
2024-05-27;Pista Silla;2024;8;3;11;74;3
2024-05-27;Politecnico;2024;26;19;4;73;3
2024-05-27;Moli del Sol;2024;10;9;8;72;4
2024-05-28;Avda. Francia;2024;7;4;4;65;3
2024-05-28;Viveros;2024;29;9;10;71;3
2024-05-28;Pista Silla;2024;7;1;18;60;3
2024-05-28;Politecnico;2024;21;13;3;70;3
2024-05-28;Moli del Sol;2024;6;5;12;63;4
2024-05-29;Avda. Francia;2024;11;7;5;58;3
2024-05-29;Viveros;2024;34;14;18;65;3
2024-05-29;Pista Silla;2024;8;2;20;55;4
2024-05-29;Politecnico;2024;24;14;5;62;3
2024-05-29;Moli del Sol;2024;9;7;19;56;4
2024-05-30;Avda. Francia;2024;10;6;8;66;3
2024-05-30;Viveros;2024;30;15;19;75;3
2024-05-30;Pista Silla;2024;9;2;26;61;4
2024-05-30;Politecnico;2024;20;13;6;72;3
2024-05-30;Moli del Sol;2024;8;6;21;60;5
2024-05-31;Avda. Francia;2024;7;3;6;71;3
2024-05-31;Viveros;2024;20;7;14;77;3
2024-05-31;Pista Silla;2024;6;1;21;64;4
2024-05-31;Politecnico;2024;21;12;3;77;3
2024-05-31;Moli del Sol;2024;6;5;16;70;5
2024-06-01;Avda. Francia;2024;4;3;6;79;3
2024-06-01;Viveros;2024;18;7;13;85;3
2024-06-01;Pista Silla;2024;5;1;16;73;3
2024-06-01;Politecnico;2024;20;12;3;84;3
2024-06-01;Moli del Sol;2024;5;4;10;79;5
2024-06-02;Avda. Francia;2024;4;3;6;73;3
2024-06-02;Viveros;2024;19;8;11;78;3
2024-06-02;Pista Silla;2024;17;8;12;69;3
2024-06-02;Politecnico;2024;20;11;3;76;3
2024-06-02;Moli del Sol;2024;5;4;10;67;5
2024-06-03;Avda. Francia;2024;5;3;22;70;3
2024-06-03;Viveros;2024;20;8;13;76;3
2024-06-03;Pista Silla;2024;7;2;16;67;3
2024-06-03;Politecnico;2024;20;11;4;71;3
2024-06-03;Moli del Sol;2024;5;4;14;67;5
2024-06-04;Avda. Francia;2024;6;3;24;58;3
2024-06-04;Viveros;2024;25;11;19;64;3
2024-06-04;Pista Silla;2024;7;2;24;53;4
2024-06-04;Politecnico;2024;18;10;7;60;3
2024-06-04;Moli del Sol;2024;6;5;23;55;6
2024-06-05;Avda. Francia;2024;5;3;11;68;3
2024-06-05;Viveros;2024;23;10;16;71;3
2024-06-05;Pista Silla;2024;6;2;17;64;3
2024-06-05;Politecnico;2024;21;13;7;66;3
2024-06-05;Moli del Sol;2024;7;6;16;62;5
2024-06-06;Avda. Francia;2024;6;4;16;67;3
2024-06-06;Viveros;2024;30;12;18;73;3
2024-06-06;Pista Silla;2024;7;2;21;64;4
2024-06-06;Politecnico;2024;19;13;8;73;3
2024-06-06;Moli del Sol;2024;7;6;18;64;5
2024-06-07;Avda. Francia;2024;7;3;17;67;3
2024-06-07;Viveros;2024;30;14;17;75;3
2024-06-07;Pista Silla;2024;14;3;23;62;4
2024-06-07;Politecnico;2024;19;10;11;70;3
2024-06-07;Moli del Sol;2024;8;5;14;68;5
2024-06-08;Avda. Francia;2024;10;5;13;77;3
2024-06-08;Viveros;2024;32;16;11;88;3
2024-06-08;Pista Silla;2024;14;3;12;78;3
2024-06-08;Politecnico;2024;24;14;7;82;3
2024-06-08;Moli del Sol;2024;9;6;3;81;5
2024-06-09;Avda. Francia;2024;6;3;12;73;4
2024-06-09;Viveros;2024;17;8;7;86;3
2024-06-09;Pista Silla;2024;6;1;9;74;3
2024-06-09;Politecnico;2024;10;6;6;81;3
2024-06-09;Moli del Sol;2024;4;4;2;79;5
2024-06-10;Avda. Francia;2024;5;4;14;54;3
2024-06-10;Viveros;2024;19;8;13;60;3
2024-06-10;Pista Silla;2024;7;2;20;48;4
2024-06-10;Politecnico;2024;15;9;6;59;3
2024-06-10;Moli del Sol;2024;5;5;8;49;5
2024-06-11;Avda. Francia;2024;7;6;18;42;3
2024-06-11;Viveros;2024;14;7;15;46;3
2024-06-11;Pista Silla;2024;9;5;16;41;3
2024-06-11;Politecnico;2024;15;12;10;45;3
2024-06-11;Moli del Sol;2024;7;7;8;43;5
2024-06-12;Avda. Francia;2024;10;8;17;41;3
2024-06-12;Viveros;2024;13;8;18;44;3
2024-06-12;Pista Silla;2024;11;6;16;42;3
2024-06-12;Politecnico;2024;13;10;11;41;3
2024-06-12;Moli del Sol;2024;7;6;9;39;5
2024-06-13;Avda. Francia;2024;17;12;19;51;3
2024-06-13;Viveros;2024;16;9;20;55;3
2024-06-13;Pista Silla;2024;16;10;21;48;4
2024-06-13;Politecnico;2024;17;12;11;50;6
2024-06-13;Moli del Sol;2024;13;12;10;52;6
2024-06-14;Avda. Francia;2024;30;18;21;61;3
2024-06-14;Viveros;2024;25;13;24;67;3
2024-06-14;Pista Silla;2024;25;17;24;57;4
2024-06-14;Politecnico;2024;28;17;13;61;4
2024-06-14;Moli del Sol;2024;27;24;13;58;5
2024-06-15;Avda. Francia;2024;19;11;11;71;3
2024-06-15;Viveros;2024;27;9;11;78;3
2024-06-15;Pista Silla;2024;17;12;14;67;3
2024-06-15;Politecnico;2024;25;15;9;71;3
2024-06-15;Moli del Sol;2024;20;18;6;67;NA
2024-06-16;Avda. Francia;2024;9;7;3;68;3
2024-06-16;Viveros;2024;16;5;4;76;3
2024-06-16;Pista Silla;2024;13;8;6;68;3
2024-06-16;Politecnico;2024;20;13;6;69;3
2024-06-16;Moli del Sol;2024;16;15;1;70;NA
2024-06-17;Avda. Francia;2024;13;11;6;65;3
2024-06-17;Viveros;2024;18;7;9;72;3
2024-06-17;Pista Silla;2024;22;15;15;61;3
2024-06-17;Politecnico;2024;23;17;7;64;3
2024-06-17;Moli del Sol;2024;NA;NA;4;65;NA
2024-06-18;Avda. Francia;2024;17;14;11;63;3
2024-06-18;Viveros;2024;25;11;9;74;3
2024-06-18;Pista Silla;2024;32;21;19;60;3
2024-06-18;Politecnico;2024;29;22;7;65;3
2024-06-18;Moli del Sol;2024;NA;NA;NA;64;NA
2024-06-19;Avda. Francia;2024;11;8;24;45;3
2024-06-19;Viveros;2024;35;15;25;52;3
2024-06-19;Pista Silla;2024;33;13;21;48;4
2024-06-19;Politecnico;2024;26;16;11;56;3
2024-06-19;Moli del Sol;2024;NA;NA;NA;50;3
2024-06-20;Avda. Francia;2024;18;5;12;65;3
2024-06-20;Viveros;2024;34;17;13;75;3
2024-06-20;Pista Silla;2024;37;9;9;67;3
2024-06-20;Politecnico;2024;17;9;9;68;3
2024-06-20;Moli del Sol;2024;19;11;NA;67;3
2024-06-21;Avda. Francia;2024;5;3;15;74;3
2024-06-21;Viveros;2024;23;12;14;81;3
2024-06-21;Pista Silla;2024;22;7;21;67;4
2024-06-21;Politecnico;2024;15;8;10;76;3
2024-06-21;Moli del Sol;2024;12;8;15;69;3
2024-06-22;Avda. Francia;2024;7;4;19;70;3
2024-06-22;Viveros;2024;20;11;13;87;3
2024-06-22;Pista Silla;2024;14;5;11;78;3
2024-06-22;Politecnico;2024;15;7;10;79;3
2024-06-22;Moli del Sol;2024;15;12;13;78;3
2024-06-23;Avda. Francia;2024;8;5;12;62;3
2024-06-23;Viveros;2024;19;10;8;73;3
2024-06-23;Pista Silla;2024;13;7;9;66;3
2024-06-23;Politecnico;2024;16;8;7;65;3
2024-06-23;Moli del Sol;2024;13;12;11;66;3
2024-06-24;Avda. Francia;2024;5;4;19;49;3
2024-06-24;Viveros;2024;14;6;12;60;3
2024-06-24;Pista Silla;2024;11;6;12;54;3
2024-06-24;Politecnico;2024;18;10;8;60;3
2024-06-24;Moli del Sol;2024;15;14;13;58;3
2024-06-25;Avda. Francia;2024;6;4;14;59;3
2024-06-25;Viveros;2024;17;7;11;69;3
2024-06-25;Pista Silla;2024;13;6;15;59;3
2024-06-25;Politecnico;2024;22;12;7;66;3
2024-06-25;Moli del Sol;2024;14;12;14;60;3
2024-06-26;Avda. Francia;2024;3;3;10;72;3
2024-06-26;Viveros;2024;13;5;8;81;3
2024-06-26;Pista Silla;2024;16;7;17;68;3
2024-06-26;Politecnico;2024;13;8;8;75;3
2024-06-26;Moli del Sol;2024;10;9;12;72;3
2024-06-27;Avda. Francia;2024;10;5;14;67;3
2024-06-27;Viveros;2024;20;9;11;81;3
2024-06-27;Pista Silla;2024;22;9;12;66;3
2024-06-27;Politecnico;2024;20;11;9;74;3
2024-06-27;Moli del Sol;2024;18;13;14;71;3
2024-06-28;Avda. Francia;2024;6;5;11;NA;3
2024-06-28;Viveros;2024;21;9;10;81;3
2024-06-28;Pista Silla;2024;21;13;13;74;3
2024-06-28;Politecnico;2024;23;16;7;78;3
2024-06-28;Moli del Sol;2024;20;19;13;74;3
2024-06-29;Avda. Francia;2024;17;7;8;NA;3
2024-06-29;Viveros;2024;21;14;9;85;3
2024-06-29;Pista Silla;2024;44;12;5;73;3
2024-06-29;Politecnico;2024;10;6;6;77;4
2024-06-29;Moli del Sol;2024;19;13;10;79;3
2024-06-30;Avda. Francia;2024;6;5;8;NA;3
2024-06-30;Viveros;2024;20;10;9;80;3
2024-06-30;Pista Silla;2024;20;12;7;75;3
2024-06-30;Politecnico;2024;20;13;7;74;3
2024-06-30;Moli del Sol;2024;20;18;11;72;3
2024-07-01;Avda. Francia;2024;5;4;14;NA;3
2024-07-01;Viveros;2024;15;6;16;84;3
2024-07-01;Pista Silla;2024;13;7;17;75;3
2024-07-01;Politecnico;2024;16;10;7;85;4
2024-07-01;Moli del Sol;2024;13;12;14;80;3
2024-07-02;Avda. Francia;2024;7;5;15;68;3
2024-07-02;Viveros;2024;14;8;15;64;3
2024-07-02;Pista Silla;2024;17;8;21;54;4
2024-07-02;Politecnico;2024;12;7;8;63;4
2024-07-02;Moli del Sol;2024;13;11;16;57;3
2024-07-03;Avda. Francia;2024;13;9;23;70;3
2024-07-03;Viveros;2024;20;13;22;66;3
2024-07-03;Pista Silla;2024;24;12;23;58;4
2024-07-03;Politecnico;2024;16;10;13;65;4
2024-07-03;Moli del Sol;2024;22;18;18;59;3
2024-07-04;Avda. Francia;2024;10;8;18;75;3
2024-07-04;Viveros;2024;19;10;15;73;3
2024-07-04;Pista Silla;2024;19;11;20;61;4
2024-07-04;Politecnico;2024;14;9;11;69;4
2024-07-04;Moli del Sol;2024;19;16;17;65;3
2024-07-05;Avda. Francia;2024;11;8;8;77;3
2024-07-05;Viveros;2024;17;9;10;70;3
2024-07-05;Pista Silla;2024;21;11;19;59;3
2024-07-05;Politecnico;2024;16;11;8;62;3
2024-07-05;Moli del Sol;2024;19;18;16;58;3
2024-07-06;Avda. Francia;2024;13;5;5;79;3
2024-07-06;Viveros;2024;19;9;9;71;3
2024-07-06;Pista Silla;2024;13;6;8;65;3
2024-07-06;Politecnico;2024;17;10;7;64;3
2024-07-06;Moli del Sol;2024;16;14;12;66;3
2024-07-07;Avda. Francia;2024;11;5;4;70;3
2024-07-07;Viveros;2024;18;7;7;67;3
2024-07-07;Pista Silla;2024;10;5;6;62;3
2024-07-07;Politecnico;2024;17;11;6;62;3
2024-07-07;Moli del Sol;2024;15;14;11;64;3
2024-07-08;Avda. Francia;2024;NA;NA;4;72;3
2024-07-08;Viveros;2024;19;9;8;67;3
2024-07-08;Pista Silla;2024;13;7;17;56;3
2024-07-08;Politecnico;2024;19;13;6;66;3
2024-07-08;Moli del Sol;2024;17;16;13;65;3
2024-07-09;Avda. Francia;2024;NA;NA;9;65;3
2024-07-09;Viveros;2024;21;10;12;63;3
2024-07-09;Pista Silla;2024;15;8;16;56;3
2024-07-09;Politecnico;2024;19;13;8;55;3
2024-07-09;Moli del Sol;2024;21;20;15;59;3
2024-07-10;Avda. Francia;2024;27;17;10;74;3
2024-07-10;Viveros;2024;28;14;15;77;3
2024-07-10;Pista Silla;2024;19;11;18;57;3
2024-07-10;Politecnico;2024;22;16;8;64;3
2024-07-10;Moli del Sol;2024;28;25;17;64;3
2024-07-11;Avda. Francia;2024;42;26;7;61;3
2024-07-11;Viveros;2024;30;16;6;80;3
2024-07-11;Pista Silla;2024;16;9;10;NA;3
2024-07-11;Moli del Sol;2024;46;43;15;61;3
2024-07-12;Avda. Francia;2024;41;24;8;57;3
2024-07-12;Viveros;2024;33;13;8;69;3
2024-07-12;Pista Silla;2024;18;7;13;44;3
2024-07-12;Moli del Sol;2024;38;35;13;62;3
2024-07-13;Avda. Francia;2024;32;18;5;71;3
2024-07-13;Viveros;2024;24;8;6;82;3
2024-07-13;Pista Silla;2024;13;6;9;55;3
2024-07-13;Politecnico;2024;23;15;7;67;3
2024-07-13;Moli del Sol;2024;26;23;8;91;3
2024-07-14;Avda. Francia;2024;33;18;6;64;3
2024-07-14;Viveros;2024;28;11;8;78;3
2024-07-14;Pista Silla;2024;14;7;7;54;3
2024-07-14;Politecnico;2024;27;18;6;NA;3
2024-07-14;Moli del Sol;2024;27;25;10;84;3
2024-07-15;Avda. Francia;2024;43;27;15;64;3
2024-07-15;Viveros;2024;31;18;16;78;3
2024-07-15;Pista Silla;2024;22;12;16;54;3
2024-07-15;Moli del Sol;2024;44;41;16;71;3
2024-07-16;Avda. Francia;2024;32;22;5;69;3
2024-07-16;Viveros;2024;24;13;7;79;3
2024-07-16;Pista Silla;2024;18;10;10;57;3
2024-07-16;Politecnico;2024;22;15;NA;NA;NA
2024-07-16;Moli del Sol;2024;36;35;10;55;3
2024-07-17;Avda. Francia;2024;23;13;3;83;3
2024-07-17;Viveros;2024;21;8;3;86;3
2024-07-17;Pista Silla;2024;14;6;10;64;3
2024-07-17;Politecnico;2024;21;13;6;66;3
2024-07-17;Moli del Sol;2024;23;21;8;64;3
2024-07-18;Avda. Francia;2024;22;12;11;68;3
2024-07-18;Viveros;2024;23;10;12;81;3
2024-07-18;Pista Silla;2024;19;7;17;58;3
2024-07-18;Politecnico;2024;17;11;8;60;3
2024-07-18;Moli del Sol;2024;22;20;12;58;3
2024-07-19;Avda. Francia;2024;19;10;18;66;3
2024-07-19;Viveros;2024;23;14;16;79;3
2024-07-19;Pista Silla;2024;25;8;19;59;4
2024-07-19;Politecnico;2024;15;10;9;59;3
2024-07-19;Moli del Sol;2024;27;22;NA;59;3
2024-07-20;Avda. Francia;2024;27;13;28;59;3
2024-07-20;Viveros;2024;30;17;19;86;3
2024-07-20;Pista Silla;2024;26;10;20;57;4
2024-07-20;Politecnico;2024;18;11;16;49;3
2024-07-20;Moli del Sol;2024;38;23;NA;62;3
2024-07-21;Avda. Francia;2024;32;18;17;55;3
2024-07-21;Viveros;2024;29;13;9;76;3
2024-07-21;Pista Silla;2024;17;6;11;57;3
2024-07-21;Politecnico;2024;23;14;10;57;3
2024-07-21;Moli del Sol;2024;28;24;NA;55;3
2024-07-22;Avda. Francia;2024;23;11;13;62;3
2024-07-22;Viveros;2024;27;14;8;77;3
2024-07-22;Pista Silla;2024;16;5;17;58;3
2024-07-22;Politecnico;2024;22;12;10;50;3
2024-07-22;Moli del Sol;2024;19;16;NA;55;3
2024-07-23;Avda. Francia;2024;30;12;22;56;3
2024-07-23;Viveros;2024;31;15;18;76;3
2024-07-23;Pista Silla;2024;24;7;24;50;4
2024-07-23;Politecnico;2024;23;13;12;55;3
2024-07-23;Moli del Sol;2024;9;7;14;51;3
2024-07-24;Avda. Francia;2024;23;11;16;57;3
2024-07-24;Viveros;2024;24;11;9;72;3
2024-07-24;Pista Silla;2024;15;4;14;58;3
2024-07-24;Politecnico;2024;19;11;10;55;3
2024-07-24;Moli del Sol;2024;6;5;9;56;4
2024-07-25;Avda. Francia;2024;18;9;15;66;3
2024-07-25;Viveros;2024;24;11;8;84;3
2024-07-25;Pista Silla;2024;10;4;13;65;3
2024-07-25;Moli del Sol;2024;7;6;7;63;3
2024-07-26;Avda. Francia;2024;14;8;15;64;3
2024-07-26;Viveros;2024;18;9;7;79;3
2024-07-26;Pista Silla;2024;13;4;16;58;3
2024-07-26;Politecnico;2024;13;8;9;59;3
2024-07-26;Moli del Sol;2024;6;5;7;61;3
2024-07-27;Avda. Francia;2024;13;8;17;64;3
2024-07-27;Viveros;2024;20;11;10;80;3
2024-07-27;Pista Silla;2024;13;5;12;63;3
2024-07-27;Politecnico;2024;12;8;9;57;3
2024-07-27;Moli del Sol;2024;11;10;7;62;4
2024-07-28;Avda. Francia;2024;22;13;10;63;3
2024-07-28;Viveros;2024;29;11;6;76;3
2024-07-28;Pista Silla;2024;12;6;4;67;3
2024-07-28;Politecnico;2024;22;14;8;54;3
2024-07-28;Moli del Sol;2024;10;9;4;59;4
2024-07-29;Avda. Francia;2024;30;17;17;53;3
2024-07-29;Viveros;2024;32;14;13;67;3
2024-07-29;Pista Silla;2024;21;9;18;50;3
2024-07-29;Politecnico;2024;22;15;10;48;3
2024-07-29;Moli del Sol;2024;12;11;9;48;5
2024-07-30;Avda. Francia;2024;33;13;32;54;3
2024-07-30;Viveros;2024;38;23;25;69;3
2024-07-30;Pista Silla;2024;32;13;31;48;5
2024-07-30;Politecnico;2024;23;11;19;48;3
2024-07-30;Moli del Sol;2024;19;9;16;52;4
2024-07-31;Avda. Francia;2024;36;14;34;55;3
2024-07-31;Viveros;2024;37;21;23;74;3
2024-07-31;Pista Silla;2024;34;13;29;53;5
2024-07-31;Politecnico;2024;22;13;16;59;3
2024-07-31;Moli del Sol;2024;16;10;12;61;4
2024-08-01;Avda. Francia;2024;25;17;20;59;4
2024-08-01;Viveros;2024;24;14;11;75;3
2024-08-01;Pista Silla;2024;20;11;22;53;4
2024-08-01;Politecnico;2024;19;15;12;60;3
2024-08-01;Moli del Sol;2024;13;12;8;60;5
2024-08-02;Avda. Francia;2024;40;23;17;69;3
2024-08-02;Viveros;2024;44;26;12;79;3
2024-08-02;Pista Silla;2024;28;12;12;70;3
2024-08-02;Politecnico;2024;29;19;11;59;3
2024-08-02;Moli del Sol;2024;16;14;7;65;5
2024-08-03;Avda. Francia;2024;29;17;17;68;3
2024-08-03;Viveros;2024;40;16;14;74;3
2024-08-03;Pista Silla;2024;19;10;14;64;3
2024-08-03;Politecnico;2024;24;15;9;61;3
2024-08-03;Moli del Sol;2024;12;11;6;65;5
2024-08-04;Avda. Francia;2024;28;18;13;67;3
2024-08-04;Viveros;2024;28;11;6;78;3
2024-08-04;Pista Silla;2024;13;7;6;72;3
2024-08-04;Politecnico;2024;23;16;7;61;3
2024-08-04;Moli del Sol;2024;12;11;3;68;5
2024-08-05;Avda. Francia;2024;26;15;17;66;3
2024-08-05;Viveros;2024;28;10;11;73;3
2024-08-05;Pista Silla;2024;16;7;17;60;3
2024-08-05;Politecnico;2024;21;14;8;63;3
2024-08-05;Moli del Sol;2024;12;10;7;60;5
2024-08-06;Avda. Francia;2024;22;13;13;71;3
2024-08-06;Viveros;2024;34;13;10;80;3
2024-08-06;Pista Silla;2024;15;7;12;71;3
2024-08-06;Politecnico;2024;18;12;9;63;4
2024-08-06;Moli del Sol;2024;11;10;6;66;5
2024-08-07;Avda. Francia;2024;18;11;13;61;3
2024-08-07;Viveros;2024;28;11;10;66;3
2024-08-07;Pista Silla;2024;15;6;10;60;3
2024-08-07;Politecnico;2024;15;10;10;52;5
2024-08-07;Moli del Sol;2024;8;7;7;53;5
2024-08-08;Avda. Francia;2024;18;11;17;60;3
2024-08-08;Viveros;2024;21;11;13;64;3
2024-08-08;Pista Silla;2024;17;7;16;53;3
2024-08-08;Politecnico;2024;16;10;13;53;5
2024-08-08;Moli del Sol;2024;8;7;8;56;5
2024-08-09;Avda. Francia;2024;21;14;29;46;3
2024-08-09;Viveros;2024;24;13;13;62;3
2024-08-09;Pista Silla;2024;17;8;24;43;4
2024-08-09;Politecnico;2024;14;11;10;54;4
2024-08-09;Moli del Sol;2024;10;9;10;49;6
2024-08-10;Avda. Francia;2024;15;11;21;62;3
2024-08-10;Viveros;2024;21;12;14;68;3
2024-08-10;Pista Silla;2024;15;7;18;56;3
2024-08-10;Politecnico;2024;13;10;9;57;3
2024-08-10;Moli del Sol;2024;8;7;10;55;5
2024-08-11;Avda. Francia;2024;13;9;16;75;3
2024-08-11;Viveros;2024;17;11;8;81;3
2024-08-11;Pista Silla;2024;13;6;9;74;3
2024-08-11;Politecnico;2024;13;8;8;64;3
2024-08-11;Moli del Sol;2024;6;5;4;67;5
2024-08-12;Avda. Francia;2024;16;10;17;65;3
2024-08-12;Viveros;2024;29;16;13;72;3
2024-08-12;Pista Silla;2024;16;6;14;66;3
2024-08-12;Politecnico;2024;14;9;10;59;3
2024-08-12;Moli del Sol;2024;9;7;6;61;6
2024-08-13;Avda. Francia;2024;21;13;13;64;3
2024-08-13;Viveros;2024;31;14;9;72;3
2024-08-13;Pista Silla;2024;16;7;9;66;3
2024-08-13;Politecnico;2024;20;14;9;54;3
2024-08-13;Moli del Sol;2024;10;9;6;60;6
2024-08-14;Avda. Francia;2024;20;11;23;63;3
2024-08-14;Viveros;2024;31;15;19;67;3
2024-08-14;Pista Silla;2024;24;9;17;58;3
2024-08-14;Politecnico;2024;15;10;11;56;3
2024-08-15;Avda. Francia;2024;6;4;12;60;3
2024-08-15;Viveros;2024;15;6;8;65;3
2024-08-15;Pista Silla;2024;11;3;7;59;3
2024-08-15;Politecnico;2024;8;5;7;53;3
2024-08-15;Moli del Sol;2024;4;3;3;53;5
2024-08-16;Avda. Francia;2024;11;6;21;64;3
2024-08-16;Viveros;2024;21;11;17;68;3
2024-08-16;Pista Silla;2024;15;5;17;59;3
2024-08-16;Politecnico;2024;10;6;10;58;3
2024-08-16;Moli del Sol;2024;4;3;7;58;5
2024-08-17;Avda. Francia;2024;17;10;23;67;3
2024-08-17;Viveros;2024;24;11;17;73;3
2024-08-17;Pista Silla;2024;16;7;15;62;3
2024-08-17;Politecnico;2024;16;10;10;61;3
2024-08-17;Moli del Sol;2024;6;5;8;62;5
2024-08-18;Avda. Francia;2024;15;10;17;62;3
2024-08-18;Viveros;2024;23;10;12;66;3
2024-08-18;Pista Silla;2024;10;4;10;58;3
2024-08-18;Politecnico;2024;15;10;10;52;3
2024-08-18;Moli del Sol;2024;6;5;6;53;6
2024-08-19;Avda. Francia;2024;22;17;17;57;3
2024-08-19;Viveros;2024;30;18;12;65;3
2024-08-19;Pista Silla;2024;20;12;14;54;3
2024-08-19;Politecnico;2024;19;13;15;45;3
2024-08-19;Moli del Sol;2024;10;9;6;55;NA
2024-08-20;Avda. Francia;2024;25;19;18;59;3
2024-08-20;Viveros;2024;30;15;11;68;3
2024-08-20;Pista Silla;2024;17;10;14;55;3
2024-08-20;Politecnico;2024;19;14;9;55;4
2024-08-20;Moli del Sol;2024;10;10;6;60;NA
2024-08-21;Avda. Francia;2024;31;23;16;65;3
2024-08-21;Viveros;2024;30;18;9;73;3
2024-08-21;Pista Silla;2024;18;11;13;60;3
2024-08-21;Politecnico;2024;21;16;9;55;4
2024-08-21;Moli del Sol;2024;14;13;6;59;NA
2024-08-22;Avda. Francia;2024;34;27;15;69;3
2024-08-22;Viveros;2024;33;21;13;76;3
2024-08-22;Pista Silla;2024;20;14;15;63;3
2024-08-22;Politecnico;2024;23;18;10;65;4
2024-08-22;Moli del Sol;2024;17;16;8;64;NA
2024-08-23;Avda. Francia;2024;40;31;15;77;3
2024-08-23;Viveros;2024;34;21;11;82;3
2024-08-23;Pista Silla;2024;19;13;13;70;3
2024-08-23;Politecnico;2024;23;19;8;71;4
2024-08-23;Moli del Sol;2024;17;16;7;67;NA
2024-08-24;Avda. Francia;2024;33;29;15;77;3
2024-08-24;Viveros;2024;31;21;8;81;3
2024-08-24;Pista Silla;2024;18;13;9;71;3
2024-08-24;Politecnico;2024;22;18;7;66;4
2024-08-24;Moli del Sol;2024;19;18;4;66;NA
2024-08-25;Avda. Francia;2024;31;20;10;66;3
2024-08-25;Viveros;2024;29;14;6;70;3
2024-08-25;Pista Silla;2024;12;6;4;66;3
2024-08-25;Politecnico;2024;22;15;9;51;4
2024-08-25;Moli del Sol;2024;15;14;2;58;NA
2024-08-26;Avda. Francia;2024;20;10;12;66;3
2024-08-26;Viveros;2024;25;9;10;69;3
2024-08-26;Pista Silla;2024;9;3;9;64;3
2024-08-26;Politecnico;2024;17;9;8;56;4
2024-08-26;Moli del Sol;2024;8;7;5;56;NA
2024-08-27;Avda. Francia;2024;23;12;18;60;3
2024-08-27;Viveros;2024;33;12;15;65;3
2024-08-27;Pista Silla;2024;10;3;14;56;3
2024-08-27;Politecnico;2024;19;11;9;56;4
2024-08-27;Moli del Sol;2024;21;7;7;55;NA
2024-08-28;Avda. Francia;2024;16;9;11;70;3
2024-08-28;Viveros;2024;24;9;7;75;3
2024-08-28;Pista Silla;2024;9;3;10;63;3
2024-08-28;Politecnico;2024;12;8;8;63;4
2024-08-28;Moli del Sol;2024;NA;NA;3;66;NA
2024-08-29;Avda. Francia;2024;13;8;13;72;3
2024-08-29;Viveros;2024;23;9;9;76;3
2024-08-29;Pista Silla;2024;9;3;15;63;3
2024-08-29;Politecnico;2024;12;8;8;61;4
2024-08-29;Moli del Sol;2024;NA;NA;5;64;NA
2024-08-30;Avda. Francia;2024;14;10;10;74;3
2024-08-30;Viveros;2024;26;9;8;75;3
2024-08-30;Pista Silla;2024;10;4;11;66;3
2024-08-30;Politecnico;2024;12;9;8;63;4
2024-08-30;Moli del Sol;2024;NA;NA;5;64;NA
2024-08-31;Avda. Francia;2024;15;12;10;72;3
2024-08-31;Viveros;2024;24;9;6;75;3
2024-08-31;Pista Silla;2024;9;5;7;65;3
2024-08-31;Politecnico;2024;14;11;7;61;4
2024-08-31;Moli del Sol;2024;NA;NA;3;63;NA
2024-09-01;Avda. Francia;2024;17;14;11;74;3
2024-09-01;Viveros;2024;27;11;5;76;3
2024-09-01;Pista Silla;2024;11;6;5;72;3
2024-09-01;Politecnico;2024;16;13;7;58;4
2024-09-01;Moli del Sol;2024;NA;NA;2;61;NA
2024-09-02;Avda. Francia;2024;19;15;18;69;3
2024-09-02;Viveros;2024;31;13;12;75;3
2024-09-02;Pista Silla;2024;11;6;15;63;3
2024-09-02;Politecnico;2024;17;13;10;58;4
2024-09-02;Moli del Sol;2024;NA;NA;8;56;NA
2024-09-03;Avda. Francia;2024;29;17;17;69;3
2024-09-03;Viveros;2024;37;13;14;71;3
2024-09-03;Pista Silla;2024;14;6;12;65;3
2024-09-03;Moli del Sol;2024;NA;NA;8;60;NA
2024-09-04;Avda. Francia;2024;16;11;28;51;3
2024-09-04;Viveros;2024;18;6;25;52;3
2024-09-04;Pista Silla;2024;8;4;22;48;4
2024-09-04;Politecnico;2024;11;8;14;50;3
2024-09-04;Moli del Sol;2024;6;6;12;50;NA
2024-09-05;Avda. Francia;2024;8;6;20;50;3
2024-09-05;Viveros;2024;17;5;17;56;3
2024-09-05;Pista Silla;2024;9;3;20;41;3
2024-09-05;Politecnico;2024;8;5;9;50;3
2024-09-05;Moli del Sol;2024;4;3;8;46;3
2024-09-06;Avda. Francia;2024;14;9;25;54;3
2024-09-06;Viveros;2024;20;7;18;61;3
2024-09-06;Pista Silla;2024;9;4;21;46;4
2024-09-06;Politecnico;2024;13;8;13;53;3
2024-09-06;Moli del Sol;2024;6;6;9;50;4
2024-09-07;Avda. Francia;2024;20;12;21;57;3
2024-09-07;Viveros;2024;26;10;15;66;3
2024-09-07;Pista Silla;2024;13;5;14;54;3
2024-09-07;Politecnico;2024;14;9;10;53;3
2024-09-07;Moli del Sol;2024;8;7;6;51;3
2024-09-08;Avda. Francia;2024;17;9;16;60;3
2024-09-08;Viveros;2024;28;11;12;67;3
2024-09-08;Pista Silla;2024;13;4;7;60;3
2024-09-08;Politecnico;2024;13;7;9;51;3
2024-09-08;Moli del Sol;2024;7;4;3;54;4
2024-09-09;Avda. Francia;2024;16;7;26;59;3
2024-09-09;Viveros;2024;26;12;19;61;3
2024-09-09;Pista Silla;2024;17;4;21;55;4
2024-09-09;Politecnico;2024;11;6;12;54;3
2024-09-09;Moli del Sol;2024;5;3;9;57;4
2024-09-10;Avda. Francia;2024;14;8;19;69;3
2024-09-10;Viveros;2024;24;10;15;65;3
2024-09-10;Pista Silla;2024;13;5;20;58;4
2024-09-10;Politecnico;2024;13;8;13;54;3
2024-09-10;Moli del Sol;2024;6;5;6;62;4
2024-09-11;Avda. Francia;2024;15;10;14;69;3
2024-09-11;Viveros;2024;23;8;11;64;3
2024-09-11;Pista Silla;2024;11;5;16;58;3
2024-09-11;Politecnico;2024;14;9;9;55;3
2024-09-11;Moli del Sol;2024;6;6;7;58;4
2024-09-12;Avda. Francia;2024;16;9;21;57;3
2024-09-12;Viveros;2024;NA;NA;18;50;3
2024-09-12;Pista Silla;2024;13;5;21;48;4
2024-09-12;Politecnico;2024;15;8;11;51;3
2024-09-12;Moli del Sol;2024;6;5;7;54;4
2024-09-13;Avda. Francia;2024;7;4;13;59;3
2024-09-13;Viveros;2024;NA;NA;11;52;3
2024-09-13;Pista Silla;2024;12;3;17;49;3
2024-09-13;Politecnico;2024;8;4;8;47;3
2024-09-13;Moli del Sol;2024;4;2;6;51;3
2024-09-14;Avda. Francia;2024;10;5;16;63;3
2024-09-14;Viveros;2024;21;7;15;59;3
2024-09-14;Pista Silla;2024;9;3;13;57;3
2024-09-14;Politecnico;2024;11;5;8;53;3
2024-09-14;Moli del Sol;2024;3;3;4;58;3
2024-09-15;Avda. Francia;2024;11;6;15;71;3
2024-09-15;Viveros;2024;23;7;11;70;3
2024-09-15;Pista Silla;2024;7;2;8;66;3
2024-09-15;Politecnico;2024;12;6;9;56;3
2024-09-15;Moli del Sol;2024;4;3;3;66;4
2024-09-16;Avda. Francia;2024;13;6;26;60;3
2024-09-16;Viveros;2024;24;10;22;58;3
2024-09-16;Pista Silla;2024;14;4;26;49;4
2024-09-16;Politecnico;2024;11;6;14;52;3
2024-09-16;Moli del Sol;2024;5;3;10;53;4
2024-09-17;Avda. Francia;2024;15;7;23;60;3
2024-09-17;Viveros;2024;26;11;21;59;3
2024-09-17;Pista Silla;2024;11;3;20;53;4
2024-09-17;Moli del Sol;2024;5;3;7;60;4
2024-09-18;Avda. Francia;2024;8;6;17;66;3
2024-09-18;Viveros;2024;15;3;13;64;3
2024-09-18;Pista Silla;2024;7;3;16;57;3
2024-09-18;Moli del Sol;2024;4;4;6;67;4
2024-09-19;Avda. Francia;2024;8;6;21;54;3
2024-09-19;Viveros;2024;15;3;17;53;3
2024-09-19;Pista Silla;2024;7;2;19;45;3
2024-09-19;Politecnico;2024;9;7;10;53;3
2024-09-19;Moli del Sol;2024;4;4;8;53;4
2024-09-20;Avda. Francia;2024;10;8;24;57;3
2024-09-20;Viveros;2024;16;6;20;55;3
2024-09-20;Pista Silla;2024;10;5;27;39;4
2024-09-20;Politecnico;2024;10;8;8;60;3
2024-09-20;Moli del Sol;2024;8;8;10;48;4
2024-09-21;Avda. Francia;2024;10;9;17;68;3
2024-09-21;Viveros;2024;13;NA;12;62;3
2024-09-21;Pista Silla;2024;6;3;10;62;3
2024-09-21;Politecnico;2024;12;9;8;64;3
2024-09-21;Moli del Sol;2024;6;6;6;64;4
2024-09-22;Avda. Francia;2024;10;9;15;62;3
2024-09-22;Viveros;2024;17;6;12;56;3
2024-09-22;Pista Silla;2024;9;5;8;55;3
2024-09-22;Politecnico;2024;12;9;8;53;3
2024-09-22;Moli del Sol;2024;8;8;4;54;4
2024-09-23;Avda. Francia;2024;20;17;18;58;3
2024-09-23;Viveros;2024;22;10;18;51;3
2024-09-23;Pista Silla;2024;16;11;18;45;3
2024-09-23;Politecnico;2024;18;14;9;50;3
2024-09-23;Moli del Sol;2024;13;12;8;48;4
2024-09-24;Avda. Francia;2024;33;23;22;55;3
2024-09-24;Viveros;2024;25;16;24;53;3
2024-09-24;Pista Silla;2024;25;15;16;51;3
2024-09-24;Politecnico;2024;20;14;13;48;3
2024-09-24;Moli del Sol;2024;16;13;9;54;4
2024-09-25;Avda. Francia;2024;18;9;18;52;3
2024-09-25;Viveros;2024;18;10;17;54;3
2024-09-25;Pista Silla;2024;15;6;12;51;3
2024-09-25;Politecnico;2024;11;6;10;48;3
2024-09-25;Moli del Sol;2024;8;5;5;55;4
2024-09-26;Avda. Francia;2024;17;5;12;44;3
2024-09-26;Viveros;2024;18;10;9;47;3
2024-09-26;Pista Silla;2024;27;4;7;41;3
2024-09-26;Politecnico;2024;10;4;6;40;3
2024-09-26;Moli del Sol;2024;9;3;2;47;5
2024-09-27;Avda. Francia;2024;10;4;14;60;3
2024-09-27;Viveros;2024;16;9;11;64;3
2024-09-27;Pista Silla;2024;13;2;9;58;3
2024-09-27;Politecnico;2024;8;4;7;54;3
2024-09-27;Moli del Sol;2024;5;2;1;65;4
2024-09-28;Avda. Francia;2024;6;4;18;60;3
2024-09-28;Viveros;2024;15;7;20;58;3
2024-09-28;Pista Silla;2024;7;2;16;55;3
2024-09-28;Politecnico;2024;5;3;9;52;3
2024-09-28;Moli del Sol;2024;3;2;6;56;4
2024-09-29;Avda. Francia;2024;7;5;18;57;3
2024-09-29;Viveros;2024;20;7;18;53;3
2024-09-29;Pista Silla;2024;5;1;10;54;3
2024-09-29;Politecnico;2024;9;5;9;48;3
2024-09-29;Moli del Sol;2024;3;2;3;59;4
2024-09-30;Avda. Francia;2024;5;4;16;49;3
2024-09-30;Viveros;2024;23;8;23;46;3
2024-09-30;Pista Silla;2024;7;2;24;37;4
2024-09-30;Politecnico;2024;12;7;13;44;3
2024-09-30;Moli del Sol;2024;5;3;11;45;5
2024-10-01;Avda. Francia;2024;5;5;18;48;3
2024-10-01;Viveros;2024;25;8;24;46;3
2024-10-01;Pista Silla;2024;7;2;21;40;4
2024-10-01;Politecnico;2024;13;8;16;40;3
2024-10-02;Avda. Francia;2024;13;12;23;38;3
2024-10-02;Viveros;2024;34;18;27;40;3
2024-10-02;Pista Silla;2024;22;5;23;31;4
2024-10-02;Politecnico;2024;15;7;16;39;3
2024-10-02;Moli del Sol;2024;11;4;10;43;5
2024-10-03;Avda. Francia;2024;7;6;8;61;3
2024-10-03;Viveros;2024;17;7;13;60;3
2024-10-03;Pista Silla;2024;10;2;17;50;3
2024-10-03;Politecnico;2024;7;3;9;52;3
2024-10-03;Moli del Sol;2024;5;2;7;56;5
2024-10-04;Avda. Francia;2024;13;10;17;55;3
2024-10-04;Viveros;2024;21;10;29;50;3
2024-10-04;Pista Silla;2024;14;3;29;43;4
2024-10-04;Politecnico;2024;9;4;13;50;3
2024-10-04;Moli del Sol;2024;5;3;12;50;4
2024-10-05;Avda. Francia;2024;21;NA;15;64;3
2024-10-05;Viveros;2024;21;10;20;61;3
2024-10-05;Pista Silla;2024;9;3;17;53;3
2024-10-05;Politecnico;2024;10;7;14;55;3
2024-10-05;Moli del Sol;2024;6;4;8;58;5
2024-10-06;Avda. Francia;2024;34;NA;11;31;3
2024-10-06;Viveros;2024;45;21;18;30;3
2024-10-06;Pista Silla;2024;24;7;15;24;3
2024-10-06;Politecnico;2024;28;17;9;32;3
2024-10-06;Moli del Sol;2024;13;9;7;29;5
2024-10-07;Avda. Francia;2024;38;NA;20;37;3
2024-10-07;Viveros;2024;41;NA;24;36;3
2024-10-07;Pista Silla;2024;19;6;20;29;3
2024-10-07;Politecnico;2024;31;18;13;38;3
2024-10-07;Moli del Sol;2024;14;10;12;35;5
2024-10-08;Avda. Francia;2024;10;NA;12;48;3
2024-10-08;Viveros;2024;16;NA;21;51;3
2024-10-08;Pista Silla;2024;12;2;15;46;3
2024-10-08;Politecnico;2024;10;5;11;45;3
2024-10-08;Moli del Sol;2024;4;2;4;57;4
2024-10-09;Avda. Francia;2024;11;NA;4;61;3
2024-10-09;Viveros;2024;19;NA;6;62;3
2024-10-09;Pista Silla;2024;30;4;3;57;3
2024-10-09;Politecnico;2024;10;5;6;54;3
2024-10-09;Moli del Sol;2024;8;3;1;65;4
2024-10-10;Avda. Francia;2024;15;NA;7;55;3
2024-10-10;Viveros;2024;12;NA;17;56;3
2024-10-10;Pista Silla;2024;9;2;10;51;3
2024-10-10;Politecnico;2024;7;4;8;51;3
2024-10-10;Moli del Sol;2024;5;2;3;58;NA
2024-10-11;Avda. Francia;2024;16;NA;13;58;3
2024-10-11;Viveros;2024;17;NA;22;55;3
2024-10-11;Pista Silla;2024;11;4;26;44;4
2024-10-11;Politecnico;2024;12;7;10;53;3
2024-10-11;Moli del Sol;2024;6;5;8;57;NA
2024-10-12;Avda. Francia;2024;NA;NA;19;50;3
2024-10-12;Viveros;2024;21;NA;26;51;3
2024-10-12;Pista Silla;2024;12;8;21;42;3
2024-10-12;Politecnico;2024;22;16;19;43;3
2024-10-12;Moli del Sol;2024;9;8;8;54;NA
2024-10-13;Avda. Francia;2024;NA;NA;11;55;3
2024-10-13;Viveros;2024;14;NA;11;58;3
2024-10-13;Pista Silla;2024;8;3;12;46;3
2024-10-13;Politecnico;2024;16;12;7;50;3
2024-10-13;Moli del Sol;2024;7;6;4;55;NA
2024-10-14;Avda. Francia;2024;NA;NA;8;56;3
2024-10-14;Viveros;2024;19;8;14;52;3
2024-10-14;Pista Silla;2024;8;3;12;46;3
2024-10-14;Politecnico;2024;20;15;11;45;3
2024-10-14;Moli del Sol;2024;8;7;8;49;NA
2024-10-15;Avda. Francia;2024;NA;NA;18;46;3
2024-10-15;Viveros;2024;39;NA;23;44;3
2024-10-15;Pista Silla;2024;11;3;23;34;4
2024-10-15;Politecnico;2024;31;20;11;49;3
2024-10-15;Moli del Sol;2024;13;11;10;47;NA
2024-10-16;Avda. Francia;2024;NA;NA;30;23;3
2024-10-16;Viveros;2024;29;11;42;20;3
2024-10-16;Pista Silla;2024;10;4;31;20;5
2024-10-16;Politecnico;2024;22;14;26;21;3
2024-10-16;Moli del Sol;2024;9;8;13;29;NA
2024-10-17;Avda. Francia;2024;NA;NA;7;48;3
2024-10-17;Viveros;2024;15;5;17;47;3
2024-10-17;Pista Silla;2024;12;2;10;44;3
2024-10-17;Politecnico;2024;6;3;7;44;3
2024-10-17;Moli del Sol;2024;5;3;5;46;NA
2024-10-18;Avda. Francia;2024;NA;NA;14;47;3
2024-10-18;Viveros;2024;17;7;21;53;3
2024-10-18;Pista Silla;2024;11;3;23;40;4
2024-10-18;Politecnico;2024;8;4;12;45;3
2024-10-18;Moli del Sol;2024;4;3;10;47;NA
2024-10-19;Avda. Francia;2024;NA;NA;12;43;3
2024-10-19;Viveros;2024;14;7;21;44;3
2024-10-19;Pista Silla;2024;8;3;15;37;3
2024-10-19;Politecnico;2024;8;5;12;38;3
2024-10-19;Moli del Sol;2024;4;3;7;41;NA
2024-10-20;Avda. Francia;2024;NA;NA;12;43;3
2024-10-20;Viveros;2024;15;8;21;41;3
2024-10-20;Pista Silla;2024;8;4;14;35;3
2024-10-20;Politecnico;2024;12;8;12;35;3
2024-10-20;Moli del Sol;2024;6;5;9;36;NA
2024-10-21;Avda. Francia;2024;NA;NA;12;54;3
2024-10-21;Viveros;2024;17;10;22;47;3
2024-10-21;Pista Silla;2024;8;3;20;39;4
2024-10-21;Politecnico;2024;15;11;16;42;3
2024-10-21;Moli del Sol;2024;7;6;8;50;NA
2024-10-22;Avda. Francia;2024;NA;NA;9;57;3
2024-10-22;Viveros;2024;19;10;16;52;3
2024-10-22;Pista Silla;2024;7;3;12;47;3
2024-10-22;Politecnico;2024;17;11;14;47;3
2024-10-22;Moli del Sol;2024;8;7;6;51;3
2024-10-23;Avda. Francia;2024;NA;NA;12;40;3
2024-10-23;Viveros;2024;10;4;19;43;3
2024-10-23;Pista Silla;2024;5;2;13;39;3
2024-10-23;Politecnico;2024;12;9;15;37;3
2024-10-23;Moli del Sol;2024;5;5;6;53;3
2024-10-24;Avda. Francia;2024;NA;NA;19;31;3
2024-10-24;Viveros;2024;16;7;27;29;3
2024-10-24;Pista Silla;2024;9;3;28;21;4
2024-10-24;Politecnico;2024;14;11;16;30;3
2024-10-24;Moli del Sol;2024;8;8;14;30;3
2024-10-25;Avda. Francia;2024;NA;NA;19;25;3
2024-10-25;Viveros;2024;23;12;31;26;3
2024-10-25;Pista Silla;2024;11;7;24;23;4
2024-10-25;Politecnico;2024;21;16;20;25;3
2024-10-25;Moli del Sol;2024;12;11;11;30;3
2024-10-26;Avda. Francia;2024;3;2;5;43;3
2024-10-26;Viveros;2024;9;4;13;49;3
2024-10-26;Pista Silla;2024;5;1;7;45;3
2024-10-26;Politecnico;2024;5;4;7;43;3
2024-10-26;Moli del Sol;2024;2;2;4;51;3
2024-10-27;Avda. Francia;2024;2;2;5;42;3
2024-10-27;Viveros;2024;7;NA;13;44;3
2024-10-27;Pista Silla;2024;4;1;8;40;3
2024-10-27;Politecnico;2024;4;3;7;41;3
2024-10-27;Moli del Sol;2024;2;2;3;46;3
2024-10-28;Avda. Francia;2024;4;3;11;42;3
2024-10-28;Viveros;2024;11;4;23;44;3
2024-10-28;Pista Silla;2024;5;1;15;37;4
2024-10-28;Politecnico;2024;13;9;14;44;3
2024-10-28;Moli del Sol;2024;4;3;8;47;3
2024-10-29;Avda. Francia;2024;9;7;3;65;3
2024-10-29;Viveros;2024;24;6;8;62;3
2024-10-29;Pista Silla;2024;4;1;5;51;3
2024-10-29;Politecnico;2024;41;32;5;NA;3
2024-10-29;Moli del Sol;2024;13;12;4;63;3
2024-10-30;Avda. Francia;2024;14;9;5;53;3
2024-10-30;Viveros;2024;80;14;11;53;3
2024-10-30;Pista Silla;2024;9;4;7;43;3
2024-10-30;Moli del Sol;2024;24;21;13;48;3
2024-10-31;Avda. Francia;2024;11;7;6;43;3
2024-10-31;Viveros;2024;63;15;17;43;3
2024-10-31;Pista Silla;2024;13;5;8;37;3
2024-10-31;Politecnico;2024;43;27;10;37;3
2024-10-31;Moli del Sol;2024;17;14;10;39;3
2024-11-01;Avda. Francia;2024;6;5;4;57;3
2024-11-01;Viveros;2024;19;5;12;57;3
2024-11-01;Pista Silla;2024;7;2;5;49;3
2024-11-01;Politecnico;2024;15;10;7;48;3
2024-11-01;Moli del Sol;2024;6;6;9;46;3
2024-11-02;Avda. Francia;2024;6;4;6;45;3
2024-11-02;Viveros;2024;19;5;15;45;3
2024-11-02;Pista Silla;2024;9;3;9;37;3
2024-11-02;Politecnico;2024;15;10;9;40;3
2024-11-02;Moli del Sol;2024;7;7;11;39;3
2024-11-03;Avda. Francia;2024;9;6;4;52;3
2024-11-03;Viveros;2024;20;5;12;50;3
2024-11-03;Pista Silla;2024;6;2;5;44;3
2024-11-03;Politecnico;2024;21;15;9;45;3
2024-11-03;Moli del Sol;2024;9;9;8;49;3
2024-11-04;Avda. Francia;2024;8;6;11;41;3
2024-11-04;Viveros;2024;23;6;21;36;3
2024-11-04;Pista Silla;2024;6;2;13;34;3
2024-11-04;Politecnico;2024;21;15;14;36;3
2024-11-04;Moli del Sol;2024;10;10;18;35;3
2024-11-05;Avda. Francia;2024;18;13;18;25;3
2024-11-05;Viveros;2024;32;12;31;27;3
2024-11-05;Pista Silla;2024;14;6;22;22;4
2024-11-05;Politecnico;2024;35;24;17;27;3
2024-11-05;Moli del Sol;2024;18;16;19;27;3
2024-11-06;Avda. Francia;2024;18;13;12;35;3
2024-11-06;Viveros;2024;23;11;22;33;3
2024-11-06;Pista Silla;2024;10;5;12;32;3
2024-11-06;Politecnico;2024;32;23;14;30;3
2024-11-06;Moli del Sol;2024;18;17;24;27;3
2024-11-07;Avda. Francia;2024;9;7;11;44;3
2024-11-07;Viveros;2024;14;7;23;43;3
2024-11-07;Pista Silla;2024;8;4;15;37;3
2024-11-07;Politecnico;2024;19;14;15;35;3
2024-11-07;Moli del Sol;2024;12;11;26;35;3
2024-11-08;Avda. Francia;2024;10;8;25;22;3
2024-11-08;Viveros;2024;19;8;45;19;3
2024-11-08;Pista Silla;2024;17;6;32;16;4
2024-11-08;Politecnico;2024;23;15;27;21;3
2024-11-08;Moli del Sol;2024;12;10;32;23;3
2024-11-09;Avda. Francia;2024;14;11;18;20;3
2024-11-09;Viveros;2024;22;10;28;24;3
2024-11-09;Pista Silla;2024;17;8;21;17;3
2024-11-09;Politecnico;2024;27;18;20;17;3
2024-11-09;Moli del Sol;2024;14;13;25;22;3
2024-11-10;Avda. Francia;2024;8;6;15;30;3
2024-11-10;Viveros;2024;18;7;34;26;3
2024-11-10;Pista Silla;2024;18;7;17;26;4
2024-11-10;Politecnico;2024;17;10;20;24;3
2024-11-10;Moli del Sol;2024;9;7;24;29;3
2024-11-11;Avda. Francia;2024;8;6;24;20;3
2024-11-11;Viveros;2024;15;7;44;18;3
2024-11-11;Pista Silla;2024;19;6;32;15;5
2024-11-11;Politecnico;2024;16;9;32;13;3
2024-11-11;Moli del Sol;2024;8;5;34;21;3
2024-11-12;Avda. Francia;2024;15;10;12;33;3
2024-11-12;Viveros;2024;14;8;27;35;3
2024-11-12;Pista Silla;2024;26;9;19;27;3
2024-11-12;Politecnico;2024;19;8;16;29;3
2024-11-12;Moli del Sol;2024;10;5;24;34;3
2024-11-13;Avda. Francia;2024;9;6;9;49;3
2024-11-13;Viveros;2024;5;2;22;48;3
2024-11-13;Pista Silla;2024;5;1;13;41;3
2024-11-13;Politecnico;2024;13;9;10;45;3
2024-11-13;Moli del Sol;2024;3;3;16;48;3
2024-11-14;Avda. Francia;2024;21;14;4;61;3
2024-11-14;Viveros;2024;11;4;11;60;3
2024-11-14;Pista Silla;2024;6;2;5;48;3
2024-11-14;Politecnico;2024;22;15;8;52;3
2024-11-14;Moli del Sol;2024;7;7;12;60;3
2024-11-15;Avda. Francia;2024;22;15;11;46;3
2024-11-15;Viveros;2024;13;5;21;48;3
2024-11-15;Pista Silla;2024;9;4;22;34;4
2024-11-15;Politecnico;2024;20;13;13;41;3
2024-11-15;Moli del Sol;2024;8;7;26;43;3
2024-11-16;Avda. Francia;2024;24;16;15;43;3
2024-11-16;Viveros;2024;17;7;27;35;3
2024-11-16;Pista Silla;2024;10;5;20;31;4
2024-11-16;Politecnico;2024;18;12;20;32;3
2024-11-16;Moli del Sol;2024;10;9;26;27;3
2024-11-17;Avda. Francia;2024;28;18;16;17;3
2024-11-17;Viveros;2024;22;9;30;17;3
2024-11-17;Pista Silla;2024;15;6;18;15;4
2024-11-17;Politecnico;2024;22;13;16;17;3
2024-11-17;Moli del Sol;2024;10;8;23;19;3
2024-11-18;Avda. Francia;2024;36;24;19;12;3
2024-11-18;Viveros;2024;31;14;35;13;3
2024-11-18;Pista Silla;2024;25;10;26;8;4
2024-11-18;Politecnico;2024;29;17;23;11;3
2024-11-18;Moli del Sol;2024;14;12;29;14;3
2024-11-19;Avda. Francia;2024;33;22;18;17;3
2024-11-19;Viveros;2024;34;16;33;20;3
2024-11-19;Pista Silla;2024;32;12;20;16;3
2024-11-19;Politecnico;2024;30;15;21;17;3
2024-11-19;Moli del Sol;2024;13;10;22;25;3
2024-11-20;Avda. Francia;2024;21;14;8;37;3
2024-11-20;Viveros;2024;22;13;19;41;3
2024-11-20;Pista Silla;2024;42;13;9;35;3
2024-11-20;Politecnico;2024;19;9;11;35;3
2024-11-20;Moli del Sol;2024;12;6;12;46;3
2024-11-21;Avda. Francia;2024;11;7;6;40;3
2024-11-21;Viveros;2024;17;12;14;45;3
2024-11-21;Pista Silla;2024;51;12;10;36;3
2024-11-21;Politecnico;2024;16;5;10;39;3
2024-11-21;Moli del Sol;2024;9;4;12;48;3
2024-11-22;Avda. Francia;2024;5;3;9;45;3
2024-11-22;Viveros;2024;10;5;20;45;3
2024-11-22;Pista Silla;2024;25;7;23;30;4
2024-11-22;Politecnico;2024;8;4;8;49;3
2024-11-22;Moli del Sol;2024;4;3;20;46;3
2024-11-23;Avda. Francia;2024;11;7;8;45;3
2024-11-23;Viveros;2024;12;5;14;48;3
2024-11-23;Pista Silla;2024;9;3;14;37;3
2024-11-23;Politecnico;2024;14;8;12;40;3
2024-11-23;Moli del Sol;2024;6;5;19;45;3
2024-11-24;Avda. Francia;2024;20;13;10;35;3
2024-11-24;Viveros;2024;16;5;14;36;3
2024-11-24;Pista Silla;2024;8;4;15;28;3
2024-11-24;Politecnico;2024;20;14;14;32;3
2024-11-24;Moli del Sol;2024;8;7;18;35;3
2024-11-25;Avda. Francia;2024;36;23;24;19;3
2024-11-25;Viveros;2024;53;13;35;18;3
2024-11-25;Pista Silla;2024;10;4;32;15;5
2024-11-25;Politecnico;2024;41;25;33;15;3
2024-11-25;Moli del Sol;2024;16;13;33;20;4
2024-11-26;Avda. Francia;2024;16;11;18;29;3
2024-11-26;Viveros;2024;16;10;29;27;3
2024-11-26;Pista Silla;2024;30;16;32;19;5
2024-11-26;Politecnico;2024;14;7;23;25;3
2024-11-26;Moli del Sol;2024;9;8;30;29;3
2024-11-27;Avda. Francia;2024;29;19;24;19;3
2024-11-27;Viveros;2024;21;11;35;18;3
2024-11-27;Pista Silla;2024;20;10;37;13;5
2024-11-27;Politecnico;2024;21;13;26;20;3
2024-11-27;Moli del Sol;2024;30;26;34;21;3
2024-11-28;Avda. Francia;2024;45;30;19;26;3
2024-11-28;Viveros;2024;26;14;29;25;3
2024-11-28;Pista Silla;2024;19;12;32;16;5
2024-11-28;Politecnico;2024;27;19;27;21;3
2024-11-28;Moli del Sol;2024;39;34;28;28;3
2024-11-29;Avda. Francia;2024;52;33;24;12;3
2024-11-29;Viveros;2024;36;21;38;12;4
2024-11-29;Pista Silla;2024;NA;NA;34;10;5
2024-11-29;Politecnico;2024;35;21;32;12;3
2024-11-29;Moli del Sol;2024;35;29;33;15;4
2024-11-30;Avda. Francia;2024;60;40;22;18;3
2024-11-30;Viveros;2024;33;18;26;20;3
2024-11-30;Pista Silla;2024;NA;NA;26;14;4
2024-11-30;Politecnico;2024;36;29;24;16;3
2024-11-30;Moli del Sol;2024;45;42;29;22;4
2024-12-01;Avda. Francia;2024;61;41;15;18;3
2024-12-01;Viveros;2024;36;16;22;19;3
2024-12-01;Pista Silla;2024;NA;NA;22;13;4
2024-12-01;Politecnico;2024;36;28;19;16;3
2024-12-01;Moli del Sol;2024;43;40;21;25;3
2024-12-02;Avda. Francia;2024;70;45;25;7;3
2024-12-02;Viveros;2024;57;24;35;7;4
2024-12-02;Pista Silla;2024;NA;NA;35;5;5
2024-12-02;Politecnico;2024;46;32;33;6;4
2024-12-02;Moli del Sol;2024;49;42;35;6;5
2024-12-03;Avda. Francia;2024;36;24;20;19;3
2024-12-03;Viveros;2024;33;13;25;22;3
2024-12-03;Pista Silla;2024;NA;NA;22;16;3
2024-12-03;Politecnico;2024;25;17;21;19;3
2024-12-03;Moli del Sol;2024;25;22;27;26;4
2024-12-04;Avda. Francia;2024;22;14;15;19;3
2024-12-04;Viveros;2024;18;7;26;20;3
2024-12-04;Pista Silla;2024;16;12;25;13;4
2024-12-04;Politecnico;2024;16;10;20;20;3
2024-12-04;Moli del Sol;2024;18;16;31;22;4
2024-12-05;Avda. Francia;2024;22;14;29;14;3
2024-12-05;Viveros;2024;24;12;43;16;4
2024-12-05;Pista Silla;2024;18;12;40;12;6
2024-12-05;Politecnico;2024;22;9;40;14;3
2024-12-05;Moli del Sol;2024;18;12;43;16;4
2024-12-06;Avda. Francia;2024;14;9;10;25;3
2024-12-06;Viveros;2024;15;8;23;26;3
2024-12-06;Pista Silla;2024;11;8;16;20;3
2024-12-06;Politecnico;2024;9;5;15;25;3
2024-12-06;Moli del Sol;2024;9;7;18;NA;3
2024-12-07;Avda. Francia;2024;14;9;9;27;3
2024-12-07;Viveros;2024;15;NA;15;34;3
2024-12-07;Pista Silla;2024;10;7;11;26;3
2024-12-07;Politecnico;2024;10;5;9;29;3
2024-12-07;Moli del Sol;2024;10;6;13;NA;3
2024-12-08;Avda. Francia;2024;4;3;3;59;3
2024-12-08;Viveros;2024;11;NA;6;62;4
2024-12-08;Pista Silla;2024;8;5;5;51;3
2024-12-08;Politecnico;2024;6;2;6;54;3
2024-12-08;Moli del Sol;2024;8;3;7;NA;3
2024-12-09;Avda. Francia;2024;5;3;5;42;3
2024-12-09;Viveros;2024;11;NA;14;45;5
2024-12-09;Pista Silla;2024;8;4;10;35;3
2024-12-09;Politecnico;2024;6;3;10;40;3
2024-12-09;Moli del Sol;2024;5;2;11;NA;3
2024-12-10;Avda. Francia;2024;13;8;9;30;3
2024-12-10;Viveros;2024;40;NA;28;27;7
2024-12-10;Pista Silla;2024;11;8;26;20;4
2024-12-10;Politecnico;2024;12;5;14;33;3
2024-12-10;Moli del Sol;2024;14;9;30;NA;3
2024-12-11;Avda. Francia;2024;11;7;6;31;3
2024-12-11;Viveros;2024;12;NA;15;31;5
2024-12-11;Pista Silla;2024;9;7;14;25;3
2024-12-11;Politecnico;2024;9;6;12;25;3
2024-12-11;Moli del Sol;2024;9;7;21;NA;3
2024-12-12;Avda. Francia;2024;11;8;12;29;3
2024-12-12;Viveros;2024;19;NA;24;25;4
2024-12-12;Pista Silla;2024;10;8;22;19;4
2024-12-12;Politecnico;2024;11;7;20;22;3
2024-12-12;Moli del Sol;2024;14;13;26;17;3
2024-12-13;Avda. Francia;2024;25;17;17;21;3
2024-12-13;Viveros;2024;24;NA;31;20;3
2024-12-13;Pista Silla;2024;14;11;30;13;4
2024-12-13;Politecnico;2024;19;13;27;16;3
2024-12-13;Moli del Sol;2024;20;17;31;16;3
2024-12-14;Avda. Francia;2024;20;13;12;25;3
2024-12-14;Viveros;2024;15;NA;22;29;3
2024-12-14;Pista Silla;2024;12;9;25;18;4
2024-12-14;Politecnico;2024;11;7;14;27;3
2024-12-14;Moli del Sol;2024;13;11;21;23;3
2024-12-15;Avda. Francia;2024;16;11;13;30;3
2024-12-15;Viveros;2024;14;8;21;32;3
2024-12-15;Pista Silla;2024;10;8;22;23;4
2024-12-15;Politecnico;2024;10;7;14;30;3
2024-12-15;Moli del Sol;2024;12;9;21;29;4
2024-12-16;Avda. Francia;2024;17;11;17;26;3
2024-12-16;Viveros;2024;21;9;30;26;3
2024-12-16;Pista Silla;2024;11;9;33;16;5
2024-12-16;Politecnico;2024;14;8;20;21;3
2024-12-16;Moli del Sol;2024;13;10;27;26;4
2024-12-17;Avda. Francia;2024;34;22;20;20;3
2024-12-17;Viveros;2024;27;14;34;20;3
2024-12-17;Pista Silla;2024;14;12;38;12;6
2024-12-17;Politecnico;2024;25;15;29;17;3
2024-12-17;Moli del Sol;2024;18;15;30;21;4
2024-12-18;Viveros;2024;41;19;39;9;3
2024-12-18;Pista Silla;2024;NA;NA;38;10;6
2024-12-18;Politecnico;2024;38;19;33;10;3
2024-12-18;Moli del Sol;2024;32;20;38;14;5
2024-12-19;Avda. Francia;2024;17;9;9;45;3
2024-12-19;Viveros;2024;43;20;16;47;3
2024-12-19;Pista Silla;2024;NA;NA;14;34;3
2024-12-19;Politecnico;2024;36;13;9;42;3
2024-12-19;Moli del Sol;2024;42;17;14;49;3
2024-12-20;Avda. Francia;2024;10;6;21;39;3
2024-12-20;Viveros;2024;21;10;30;36;3
2024-12-20;Pista Silla;2024;NA;NA;31;26;5
2024-12-20;Politecnico;2024;17;6;24;32;3
2024-12-20;Moli del Sol;2024;14;8;28;38;4
2024-12-21;Avda. Francia;2024;24;15;21;30;3
2024-12-21;Viveros;2024;19;10;30;29;4
2024-12-21;Pista Silla;2024;NA;NA;27;19;4
2024-12-21;Politecnico;2024;15;8;17;28;3
2024-12-21;Moli del Sol;2024;14;11;28;27;4
2024-12-22;Avda. Francia;2024;14;8;17;30;3
2024-12-22;Viveros;2024;15;7;19;32;3
2024-12-22;Pista Silla;2024;NA;NA;13;26;3
2024-12-22;Politecnico;2024;11;5;10;30;3
2024-12-22;Moli del Sol;2024;11;7;17;33;3
2024-12-23;Avda. Francia;2024;5;2;7;66;3
2024-12-23;Viveros;2024;31;17;6;68;3
2024-12-23;Pista Silla;2024;NA;NA;11;45;3
2024-12-23;Politecnico;2024;18;4;7;57;3
2024-12-24;Avda. Francia;2024;23;13;23;30;3
2024-12-24;Viveros;2024;25;13;34;25;3
2024-12-24;Pista Silla;2024;NA;NA;31;17;5
2024-12-24;Politecnico;2024;18;9;26;23;3
2024-12-25;Avda. Francia;2024;15;9;16;33;3
2024-12-25;Viveros;2024;16;5;15;38;3
2024-12-25;Pista Silla;2024;NA;NA;18;22;3
2024-12-25;Politecnico;2024;9;6;9;38;3
2024-12-25;Moli del Sol;2024;30;19;NA;24;NA
2024-12-26;Avda. Francia;2024;40;21;29;14;3
2024-12-26;Viveros;2024;26;11;30;15;3
2024-12-26;Pista Silla;2024;NA;NA;32;8;5
2024-12-26;Politecnico;2024;21;15;24;14;3
2024-12-26;Moli del Sol;2024;35;24;NA;11;NA
2024-12-27;Avda. Francia;2024;44;25;32;14;3
2024-12-27;Viveros;2024;25;12;32;14;3
2024-12-27;Pista Silla;2024;26;24;36;8;5
2024-12-27;Politecnico;2024;21;16;19;20;3
2024-12-27;Moli del Sol;2024;17;13;NA;9;NA
2024-12-28;Avda. Francia;2024;36;21;18;32;3
2024-12-28;Viveros;2024;21;11;21;30;3
2024-12-28;Pista Silla;2024;21;18;22;19;4
2024-12-28;Politecnico;2024;18;14;16;24;3
2024-12-28;Moli del Sol;2024;13;10;NA;23;NA
2024-12-29;Avda. Francia;2024;37;22;25;17;3
2024-12-29;Viveros;2024;20;12;20;25;3
2024-12-29;Pista Silla;2024;19;17;27;13;5
2024-12-29;Politecnico;2024;17;14;15;21;3
2024-12-29;Moli del Sol;2024;14;11;NA;17;NA
2024-12-30;Avda. Francia;2024;41;23;30;22;3
2024-12-30;Viveros;2024;22;12;30;24;3
2024-12-30;Pista Silla;2024;23;21;32;16;5
2024-12-30;Politecnico;2024;22;16;21;18;3
2024-12-30;Moli del Sol;2024;13;11;NA;20;NA
2024-12-31;Avda. Francia;2024;35;21;17;31;3
2024-12-31;Viveros;2024;16;10;19;32;3
2024-12-31;Pista Silla;2024;20;18;17;21;3
2024-12-31;Politecnico;2024;17;15;10;28;3
2024-12-31;Moli del Sol;2024;13;10;NA;26;NA
2025-01-01;Avda. Francia;2025;34;20;16;29;3
2025-01-01;Viveros;2025;13;9;14;27;3
2025-01-01;Pista Silla;2025;23;20;16;18;3
2025-01-01;Politecnico;2025;15;14;11;26;3
2025-01-01;Moli del Sol;2025;13;11;NA;20;NA
2025-01-02;Avda. Francia;2025;25;14;22;20;3
2025-01-02;Viveros;2025;16;8;25;20;3
2025-01-02;Pista Silla;2025;14;11;25;13;4
2025-01-02;Politecnico;2025;15;10;18;17;3
2025-01-02;Moli del Sol;2025;9;7;NA;14;NA
2025-01-03;Avda. Francia;2025;20;11;22;32;3
2025-01-03;Viveros;2025;15;8;29;29;4
2025-01-03;Pista Silla;2025;10;8;23;23;4
2025-01-03;Politecnico;2025;14;7;17;30;3
2025-01-03;Moli del Sol;2025;8;5;NA;27;NA
2025-01-04;Avda. Francia;2025;22;13;12;45;3
2025-01-04;Viveros;2025;16;9;22;40;3
2025-01-04;Pista Silla;2025;12;10;18;29;4
2025-01-04;Politecnico;2025;13;8;12;39;3
2025-01-04;Moli del Sol;2025;8;5;23;34;3
2025-01-05;Avda. Francia;2025;30;17;7;51;3
2025-01-05;Viveros;2025;21;10;16;46;3
2025-01-05;Pista Silla;2025;15;12;11;33;3
2025-01-05;Politecnico;2025;17;11;10;45;3
2025-01-05;Moli del Sol;2025;10;7;19;39;3
2025-01-06;Avda. Francia;2025;11;6;8;53;3
2025-01-06;Viveros;2025;11;5;11;53;3
2025-01-06;Pista Silla;2025;8;5;10;33;3
2025-01-06;Politecnico;2025;8;4;7;52;3
2025-01-06;Moli del Sol;2025;4;3;16;43;3
2025-01-07;Avda. Francia;2025;8;5;9;48;3
2025-01-07;Viveros;2025;12;4;14;49;3
2025-01-07;Pista Silla;2025;6;3;11;33;3
2025-01-07;Politecnico;2025;9;4;11;43;3
2025-01-07;Moli del Sol;2025;5;2;18;41;3
2025-01-08;Avda. Francia;2025;9;5;9;53;3
2025-01-08;Viveros;2025;12;5;14;52;3
2025-01-08;Pista Silla;2025;6;3;11;34;3
2025-01-08;Politecnico;2025;9;4;10;45;3
2025-01-08;Moli del Sol;2025;7;3;18;42;3
2025-01-09;Avda. Francia;2025;9;5;9;47;3
2025-01-09;Viveros;2025;14;6;14;48;3
2025-01-09;Pista Silla;2025;6;3;11;30;3
2025-01-09;Politecnico;2025;10;5;10;42;3
2025-01-09;Moli del Sol;2025;6;3;18;39;3
2025-01-10;Avda. Francia;2025;10;6;7;42;3
2025-01-10;Viveros;2025;16;6;14;41;3
2025-01-10;Pista Silla;2025;6;3;8;28;3
2025-01-10;Politecnico;2025;10;5;8;37;3
2025-01-10;Moli del Sol;2025;6;3;13;34;3
2025-01-11;Avda. Francia;2025;6;3;10;53;3
2025-01-11;Viveros;2025;12;4;6;55;3
2025-01-11;Pista Silla;2025;5;2;8;33;3
2025-01-11;Politecnico;2025;6;3;6;48;3
2025-01-11;Moli del Sol;2025;5;2;8;42;3
2025-01-12;Avda. Francia;2025;6;3;21;65;3
2025-01-12;Viveros;2025;17;6;4;70;3
2025-01-12;Pista Silla;2025;5;2;12;40;3
2025-01-12;Politecnico;2025;10;4;6;61;3
2025-01-12;Moli del Sol;2025;6;2;10;52;3
2025-01-13;Avda. Francia;2025;14;8;25;49;3
2025-01-13;Viveros;2025;23;9;21;42;3
2025-01-13;Pista Silla;2025;10;7;23;28;4
2025-01-13;Politecnico;2025;16;8;16;36;3
2025-01-13;Moli del Sol;2025;7;4;21;32;3
2025-01-14;Avda. Francia;2025;23;13;34;37;3
2025-01-14;Viveros;2025;22;13;31;34;4
2025-01-14;Pista Silla;2025;14;12;31;23;5
2025-01-14;Politecnico;2025;23;11;25;28;3
2025-01-14;Moli del Sol;2025;10;6;26;28;4
2025-01-15;Avda. Francia;2025;48;27;42;25;3
2025-01-15;Viveros;2025;34;19;38;23;4
2025-01-15;Pista Silla;2025;27;24;38;16;6
2025-01-15;Politecnico;2025;29;16;34;18;3
2025-01-15;Moli del Sol;2025;17;12;NA;17;4
2025-01-16;Avda. Francia;2025;26;15;27;41;3
2025-01-16;Viveros;2025;25;14;20;41;5
2025-01-16;Pista Silla;2025;15;13;17;32;4
2025-01-16;Politecnico;2025;23;13;21;34;3
2025-01-16;Moli del Sol;2025;10;6;NA;43;4
2025-01-17;Avda. Francia;2025;17;10;20;46;3
2025-01-17;Viveros;2025;13;6;13;47;3
2025-01-17;Pista Silla;2025;11;7;14;35;3
2025-01-17;Politecnico;2025;12;9;10;35;3
2025-01-17;Moli del Sol;2025;5;4;NA;46;4
2025-01-18;Avda. Francia;2025;27;16;33;31;3
2025-01-18;Viveros;2025;25;11;25;31;4
2025-01-18;Pista Silla;2025;16;11;25;25;4
2025-01-18;Politecnico;2025;19;13;19;26;3
2025-01-18;Moli del Sol;2025;9;7;NA;32;4
2025-01-19;Avda. Francia;2025;31;18;27;35;3
2025-01-19;Viveros;2025;23;11;21;33;4
2025-01-19;Pista Silla;2025;17;11;20;26;4
2025-01-19;Politecnico;2025;16;13;18;27;3
2025-01-19;Moli del Sol;2025;9;7;NA;34;4
2025-01-20;Avda. Francia;2025;37;21;45;24;3
2025-01-20;Viveros;2025;27;15;34;22;4
2025-01-20;Pista Silla;2025;20;14;36;17;5
2025-01-20;Politecnico;2025;20;13;24;23;3
2025-01-20;Moli del Sol;2025;13;9;NA;19;4
2025-01-21;Avda. Francia;2025;57;33;52;9;3
2025-01-21;Viveros;2025;30;18;37;9;3
2025-01-21;Pista Silla;2025;27;19;41;7;6
2025-01-21;Politecnico;2025;29;23;37;9;3
2025-01-21;Moli del Sol;2025;21;16;57;5;4
2025-01-22;Avda. Francia;2025;44;25;37;19;3
2025-01-22;Viveros;2025;36;20;31;18;3
2025-01-22;Pista Silla;2025;21;15;33;13;5
2025-01-22;Politecnico;2025;29;18;24;17;3
2025-01-22;Moli del Sol;2025;18;13;37;19;4
2025-01-23;Avda. Francia;2025;15;8;28;35;3
2025-01-23;Viveros;2025;18;10;24;36;3
2025-01-23;Pista Silla;2025;7;3;19;31;4
2025-01-23;Politecnico;2025;12;6;14;36;3
2025-01-23;Moli del Sol;2025;5;3;26;39;4
2025-01-24;Avda. Francia;2025;22;12;27;36;3
2025-01-24;Viveros;2025;19;10;26;36;3
2025-01-24;Pista Silla;2025;11;6;20;29;4
2025-01-24;Politecnico;2025;13;8;20;29;3
2025-01-24;Moli del Sol;2025;7;5;29;36;3
2025-01-25;Avda. Francia;2025;14;8;14;53;3
2025-01-25;Viveros;2025;14;6;10;50;3
2025-01-25;Pista Silla;2025;7;3;7;40;3
2025-01-25;Politecnico;2025;8;5;6;48;3
2025-01-25;Moli del Sol;2025;5;4;14;52;3
2025-01-26;Avda. Francia;2025;10;6;10;56;3
2025-01-26;Viveros;2025;11;5;11;48;3
2025-01-26;Pista Silla;2025;7;3;10;37;3
2025-01-26;Politecnico;2025;5;4;9;45;3
2025-01-26;Moli del Sol;2025;3;2;14;51;3
2025-01-27;Avda. Francia;2025;7;3;11;50;3
2025-01-27;Viveros;2025;21;15;10;50;3
2025-01-27;Pista Silla;2025;5;1;8;36;3
2025-01-27;Politecnico;2025;14;3;7;45;3
2025-01-27;Moli del Sol;2025;16;3;11;52;4
2025-01-28;Avda. Francia;2025;4;2;9;71;3
2025-01-28;Viveros;2025;20;10;6;68;3
2025-01-28;Pista Silla;2025;5;1;6;55;3
2025-01-28;Politecnico;2025;7;3;6;61;3
2025-01-28;Moli del Sol;2025;7;2;8;73;5
2025-01-29;Avda. Francia;2025;12;7;18;51;3
2025-01-29;Viveros;2025;16;6;15;49;3
2025-01-29;Pista Silla;2025;8;3;14;50;3
2025-01-29;Politecnico;2025;10;6;16;42;3
2025-01-29;Moli del Sol;2025;6;3;17;60;5
2025-01-30;Avda. Francia;2025;6;3;16;55;3
2025-01-30;Viveros;2025;13;5;12;55;3
2025-01-30;Pista Silla;2025;5;2;13;58;3
2025-01-30;Politecnico;2025;7;3;12;48;3
2025-01-30;Moli del Sol;2025;8;4;18;61;5
2025-01-31;Avda. Francia;2025;7;4;20;53;3
2025-01-31;Viveros;2025;11;6;18;50;3
2025-01-31;Pista Silla;2025;7;3;23;47;4
2025-01-31;Politecnico;2025;7;4;12;46;3
2025-01-31;Moli del Sol;2025;5;3;24;57;5
2025-02-01;Avda. Francia;2025;16;9;18;42;3
2025-02-01;Viveros;2025;14;9;16;39;3
2025-02-01;Pista Silla;2025;11;6;14;43;3
2025-02-01;Politecnico;2025;10;7;11;35;3
2025-02-01;Moli del Sol;2025;9;6;25;38;NA
2025-02-02;Avda. Francia;2025;17;10;20;40;3
2025-02-02;Viveros;2025;14;8;14;39;3
2025-02-02;Pista Silla;2025;10;5;17;37;4
2025-02-02;Politecnico;2025;8;7;9;37;3
2025-02-02;Moli del Sol;2025;7;5;20;41;NA
2025-02-03;Avda. Francia;2025;22;13;42;24;3
2025-02-03;Viveros;2025;17;10;29;27;4
2025-02-03;Pista Silla;2025;13;8;32;26;5
2025-02-03;Politecnico;2025;15;9;23;20;3
2025-02-03;Moli del Sol;2025;9;6;36;32;NA
2025-02-04;Avda. Francia;2025;28;16;37;34;3
2025-02-04;Viveros;2025;NA;14;30;31;4
2025-02-04;Pista Silla;2025;16;10;35;28;5
2025-02-04;Politecnico;2025;18;11;20;24;3
2025-02-04;Moli del Sol;2025;13;7;37;37;NA
2025-02-05;Avda. Francia;2025;31;18;44;25;3
2025-02-05;Viveros;2025;19;15;34;25;3
2025-02-05;Pista Silla;2025;18;12;37;21;5
2025-02-05;Politecnico;2025;18;12;18;22;3
2025-02-05;Moli del Sol;2025;15;10;43;27;NA
2025-02-06;Avda. Francia;2025;43;25;47;26;3
2025-02-06;Viveros;2025;27;18;36;25;4
2025-02-06;Pista Silla;2025;22;15;40;22;6
2025-02-06;Politecnico;2025;24;18;20;23;3
2025-02-06;Moli del Sol;2025;17;12;41;33;NA
2025-02-07;Avda. Francia;2025;55;32;39;35;3
2025-02-07;Viveros;2025;29;19;32;34;4
2025-02-07;Pista Silla;2025;25;18;30;33;4
2025-02-07;Politecnico;2025;23;18;19;32;3
2025-02-07;Moli del Sol;2025;20;13;33;43;NA
2025-02-08;Avda. Francia;2025;15;9;29;42;3
2025-02-08;Viveros;2025;19;9;17;45;3
2025-02-08;Pista Silla;2025;9;5;19;41;4
2025-02-08;Politecnico;2025;9;7;9;42;3
2025-02-08;Moli del Sol;2025;7;5;25;50;NA
2025-02-09;Avda. Francia;2025;22;13;25;39;3
2025-02-09;Viveros;2025;19;11;17;39;3
2025-02-09;Pista Silla;2025;12;8;16;37;3
2025-02-09;Politecnico;2025;12;10;12;30;3
2025-02-09;Moli del Sol;2025;9;7;23;42;NA
2025-02-10;Avda. Francia;2025;24;14;30;40;3
2025-02-10;Viveros;2025;NA;11;24;38;3
2025-02-10;Pista Silla;2025;13;8;26;31;4
2025-02-10;Politecnico;2025;15;11;14;36;3
2025-02-10;Moli del Sol;2025;11;8;32;43;NA
2025-02-11;Avda. Francia;2025;19;11;33;43;3
2025-02-11;Viveros;2025;19;10;24;41;3
2025-02-11;Pista Silla;2025;12;7;26;37;4
2025-02-11;Politecnico;2025;15;11;24;34;3
2025-02-11;Moli del Sol;2025;12;8;32;43;NA
2025-02-12;Avda. Francia;2025;42;24;28;38;3
2025-02-12;Viveros;2025;NA;13;22;38;3
2025-02-12;Pista Silla;2025;19;13;23;31;4
2025-02-12;Politecnico;2025;23;19;19;34;3
2025-02-12;Moli del Sol;2025;18;13;25;39;NA
2025-02-13;Avda. Francia;2025;14;8;30;37;3
2025-02-13;Viveros;2025;16;9;25;35;3
2025-02-13;Pista Silla;2025;9;5;28;28;4
2025-02-13;Politecnico;2025;12;6;22;27;3
2025-02-13;Moli del Sol;2025;8;4;28;37;NA
2025-02-14;Avda. Francia;2025;26;15;39;25;3
2025-02-14;Viveros;2025;NA;14;29;28;3
2025-02-14;Pista Silla;2025;15;9;35;21;5
2025-02-14;Politecnico;2025;17;10;41;24;3
2025-02-14;Moli del Sol;2025;13;8;36;27;NA
2025-02-15;Avda. Francia;2025;37;22;25;44;3
2025-02-15;Viveros;2025;22;13;13;44;3
2025-02-15;Pista Silla;2025;18;12;16;38;3
2025-02-15;Politecnico;2025;23;19;27;35;3
2025-02-15;Moli del Sol;2025;18;14;23;39;NA
2025-02-16;Avda. Francia;2025;54;32;22;42;4
2025-02-16;Viveros;2025;NA;14;15;42;3
2025-02-16;Pista Silla;2025;24;17;15;35;3
2025-02-16;Politecnico;2025;25;21;25;37;3
2025-02-16;Moli del Sol;2025;21;17;18;42;NA
2025-02-17;Avda. Francia;2025;74;46;21;47;3
2025-02-17;Viveros;2025;30;20;15;46;3
2025-02-17;Pista Silla;2025;35;25;18;38;3
2025-02-17;Politecnico;2025;33;29;26;40;3
2025-02-17;Moli del Sol;2025;28;22;21;52;NA
2025-02-18;Avda. Francia;2025;NA;NA;20;64;3
2025-02-18;Viveros;2025;NA;16;13;61;3
2025-02-18;Pista Silla;2025;25;17;20;46;4
2025-02-18;Politecnico;2025;25;21;23;53;3
2025-02-18;Moli del Sol;2025;22;17;22;60;NA
2025-02-19;Avda. Francia;2025;37;25;22;58;3
2025-02-19;Viveros;2025;31;18;15;51;3
2025-02-19;Pista Silla;2025;30;22;24;39;4
2025-02-19;Politecnico;2025;32;24;29;42;3
2025-02-19;Moli del Sol;2025;27;21;28;47;NA
2025-02-20;Avda. Francia;2025;31;21;24;53;3
2025-02-20;Viveros;2025;NA;15;20;52;3
2025-02-20;Pista Silla;2025;27;19;23;42;4
2025-02-20;Politecnico;2025;33;21;24;49;3
2025-02-20;Moli del Sol;2025;22;17;25;50;4
2025-02-21;Avda. Francia;2025;25;17;23;56;3
2025-02-21;Viveros;2025;35;13;19;59;3
2025-02-21;Pista Silla;2025;23;16;24;47;4
2025-02-21;Politecnico;2025;30;19;26;53;3
2025-02-21;Moli del Sol;2025;20;15;25;57;4
2025-02-22;Avda. Francia;2025;30;20;22;38;3
2025-02-22;Viveros;2025;NA;15;17;NA;3
2025-02-22;Pista Silla;2025;28;20;13;38;3
2025-02-22;Politecnico;2025;31;21;25;39;3
2025-02-22;Moli del Sol;2025;21;16;23;37;4
2025-02-23;Avda. Francia;2025;11;7;23;41;3
2025-02-23;Viveros;2025;14;7;13;NA;3
2025-02-23;Pista Silla;2025;19;13;16;38;4
2025-02-23;Politecnico;2025;18;10;24;39;3
2025-02-23;Moli del Sol;2025;9;7;17;46;4
2025-02-24;Avda. Francia;2025;11;7;23;30;3
2025-02-24;Viveros;2025;NA;12;28;NA;3
2025-02-24;Pista Silla;2025;10;6;22;30;4
2025-02-24;Politecnico;2025;16;8;31;30;3
2025-02-24;Moli del Sol;2025;10;5;26;37;4
2025-02-25;Avda. Francia;2025;6;4;17;39;3
2025-02-25;Viveros;2025;19;8;12;NA;3
2025-02-25;Pista Silla;2025;7;3;13;42;3
2025-02-25;Politecnico;2025;11;4;18;44;3
2025-02-25;Moli del Sol;2025;7;3;15;52;4
2025-02-26;Avda. Francia;2025;5;3;26;41;3
2025-02-26;Viveros;2025;19;7;20;55;3
2025-02-26;Pista Silla;2025;7;3;20;43;4
2025-02-26;Politecnico;2025;11;5;30;41;3
2025-02-26;Moli del Sol;2025;6;3;22;51;4
2025-02-27;Avda. Francia;2025;12;8;29;30;3
2025-02-27;Viveros;2025;27;13;24;41;3
2025-02-27;Pista Silla;2025;12;7;26;29;4
2025-02-27;Politecnico;2025;26;12;36;28;3
2025-02-27;Moli del Sol;2025;12;7;31;35;3
2025-02-28;Avda. Francia;2025;11;7;17;54;3
2025-02-28;Viveros;2025;31;14;15;67;3
2025-02-28;Pista Silla;2025;13;8;16;44;3
2025-02-28;Politecnico;2025;29;15;22;52;3
2025-02-28;Moli del Sol;2025;12;9;22;55;3
2025-03-01;Avda. Francia;2025;8;5;9;63;3
2025-03-01;Viveros;2025;21;9;6;79;3
2025-03-01;Pista Silla;2025;13;8;5;55;3
2025-03-01;Politecnico;2025;37;13;14;61;3
2025-03-01;Moli del Sol;2025;8;5;10;69;3
2025-03-02;Avda. Francia;2025;8;5;6;61;3
2025-03-02;Viveros;2025;20;8;4;76;3
2025-03-02;Pista Silla;2025;16;10;3;52;3
2025-03-02;Politecnico;2025;42;15;9;61;3
2025-03-02;Moli del Sol;2025;5;4;7;69;3
2025-03-03;Avda. Francia;2025;11;7;7;63;3
2025-03-03;Pista Silla;2025;12;8;14;43;3
2025-03-03;Politecnico;2025;89;27;10;65;3
2025-03-03;Moli del Sol;2025;11;8;13;68;3
2025-03-04;Avda. Francia;2025;14;9;7;64;3
2025-03-04;Pista Silla;2025;18;12;4;53;3
2025-03-04;Politecnico;2025;68;24;9;67;3
2025-03-04;Moli del Sol;2025;11;9;10;71;3
2025-03-05;Avda. Francia;2025;14;9;4;71;4
2025-03-05;Viveros;2025;NA;5;2;88;3
2025-03-05;Pista Silla;2025;16;10;4;61;3
2025-03-05;Politecnico;2025;64;24;6;73;3
2025-03-05;Moli del Sol;2025;10;8;7;82;3
2025-03-06;Avda. Francia;2025;17;12;6;66;3
2025-03-06;Viveros;2025;NA;7;3;86;3
2025-03-06;Pista Silla;2025;21;14;4;57;3
2025-03-06;Politecnico;2025;79;28;8;70;3
2025-03-06;Moli del Sol;2025;13;10;7;78;3
2025-03-07;Avda. Francia;2025;13;8;17;45;3
2025-03-07;Viveros;2025;NA;6;13;60;3
2025-03-07;Pista Silla;2025;22;15;17;38;3
2025-03-07;Politecnico;2025;34;14;23;44;3
2025-03-07;Moli del Sol;2025;11;8;19;50;3
2025-03-08;Avda. Francia;2025;18;12;20;45;3
2025-03-08;Viveros;2025;NA;9;14;66;3
2025-03-08;Pista Silla;2025;20;13;20;39;3
2025-03-08;Politecnico;2025;55;21;19;57;3
2025-03-08;Moli del Sol;2025;17;13;16;59;3
2025-03-09;Avda. Francia;2025;3;2;11;60;5
2025-03-09;Viveros;2025;NA;5;6;79;3
2025-03-09;Pista Silla;2025;14;9;7;61;3
2025-03-09;Politecnico;2025;6;4;14;59;3
2025-03-09;Moli del Sol;2025;3;2;4;76;3
2025-03-10;Avda. Francia;2025;4;3;15;46;3
2025-03-10;Viveros;2025;NA;5;15;59;3
2025-03-10;Pista Silla;2025;8;4;18;40;3
2025-03-10;Politecnico;2025;12;6;23;45;3
2025-03-10;Moli del Sol;2025;4;3;14;55;3
2025-03-11;Avda. Francia;2025;4;3;18;49;3
2025-03-11;Viveros;2025;12;6;15;74;3
2025-03-11;Pista Silla;2025;6;2;16;47;4
2025-03-11;Politecnico;2025;12;5;22;52;3
2025-03-11;Moli del Sol;2025;3;2;7;73;3
2025-03-12;Avda. Francia;2025;4;2;11;52;3
2025-03-12;Viveros;2025;13;7;7;79;3
2025-03-12;Pista Silla;2025;7;3;10;48;3
2025-03-12;Politecnico;2025;11;5;16;51;3
2025-03-12;Moli del Sol;2025;5;2;10;60;3
2025-03-13;Avda. Francia;2025;9;6;22;35;3
2025-03-13;Viveros;2025;17;9;20;58;3
2025-03-13;Pista Silla;2025;13;8;25;30;4
2025-03-13;Politecnico;2025;18;10;28;37;3
2025-03-13;Moli del Sol;2025;8;5;25;41;3
2025-03-14;Avda. Francia;2025;8;5;23;34;3
2025-03-14;Viveros;2025;11;8;21;50;3
2025-03-14;Pista Silla;2025;18;12;18;32;3
2025-03-14;Politecnico;2025;21;10;26;37;3
2025-03-14;Moli del Sol;2025;8;6;27;34;3
2025-03-15;Avda. Francia;2025;11;8;14;49;4
2025-03-15;Viveros;2025;17;11;17;56;4
2025-03-15;Pista Silla;2025;60;45;18;46;4
2025-03-15;Politecnico;2025;12;9;20;46;3
2025-03-15;Moli del Sol;2025;6;5;14;53;3
2025-03-16;Avda. Francia;2025;21;14;20;33;3
2025-03-16;Viveros;2025;18;13;16;43;3
2025-03-16;Pista Silla;2025;111;85;18;28;3
2025-03-16;Politecnico;2025;16;10;28;32;3
2025-03-16;Moli del Sol;2025;8;6;15;41;3
2025-03-17;Avda. Francia;2025;12;8;16;40;3
2025-03-17;Viveros;2025;13;9;14;49;3
2025-03-17;Pista Silla;2025;41;30;13;35;3
2025-03-17;Politecnico;2025;14;9;21;39;3
2025-03-17;Moli del Sol;2025;7;6;17;39;3
2025-03-18;Avda. Francia;2025;9;6;12;53;3
2025-03-18;Viveros;2025;9;6;10;64;3
2025-03-18;Pista Silla;2025;22;15;9;NA;3
2025-03-18;Politecnico;2025;27;12;17;53;3
2025-03-18;Moli del Sol;2025;8;6;13;59;3
2025-03-19;Avda. Francia;2025;20;13;8;61;3
2025-03-19;Viveros;2025;16;12;5;77;3
2025-03-19;Pista Silla;2025;103;79;6;NA;3
2025-03-19;Politecnico;2025;41;17;13;63;3
2025-03-19;Moli del Sol;2025;15;12;9;75;3
2025-03-20;Avda. Francia;2025;22;14;7;64;3
2025-03-20;Viveros;2025;43;9;4;81;3
2025-03-20;Pista Silla;2025;30;21;4;NA;3
2025-03-20;Politecnico;2025;107;38;10;68;3
2025-03-20;Moli del Sol;2025;18;14;10;73;3
2025-03-21;Avda. Francia;2025;16;10;17;40;3
2025-03-21;Viveros;2025;35;11;17;51;3
2025-03-21;Pista Silla;2025;21;9;15;45;3
2025-03-21;Politecnico;2025;52;18;22;43;3
2025-03-21;Moli del Sol;2025;14;10;13;50;3
2025-03-22;Avda. Francia;2025;3;2;6;59;3
2025-03-22;Viveros;2025;12;7;5;70;3
2025-03-22;Pista Silla;2025;13;2;5;64;3
2025-03-22;Politecnico;2025;8;4;10;58;3
2025-03-22;Moli del Sol;2025;4;2;3;71;3
2025-03-23;Avda. Francia;2025;2;2;6;58;4
2025-03-23;Viveros;2025;8;4;5;69;3
2025-03-23;Pista Silla;2025;6;2;4;66;3
2025-03-23;Politecnico;2025;7;4;13;53;3
2025-03-23;Moli del Sol;2025;2;1;4;69;3
2025-03-24;Avda. Francia;2025;4;3;14;47;4
2025-03-24;Viveros;2025;15;8;11;58;3
2025-03-24;Pista Silla;2025;12;2;9;50;3
2025-03-24;Politecnico;2025;13;5;18;45;3
2025-03-24;Moli del Sol;2025;4;3;9;56;3
2025-03-25;Avda. Francia;2025;9;6;18;41;4
2025-03-25;Viveros;2025;NA;10;18;46;3
2025-03-25;Pista Silla;2025;14;5;21;34;4
2025-03-25;Politecnico;2025;14;7;28;36;3
2025-03-25;Moli del Sol;2025;7;4;15;40;3
2025-03-26;Avda. Francia;2025;NA;NA;23;42;3
2025-03-26;Viveros;2025;21;10;18;54;3
2025-03-26;Pista Silla;2025;13;4;21;41;4
2025-03-26;Politecnico;2025;13;7;27;41;3
2025-03-26;Moli del Sol;2025;7;4;15;49;3
2025-03-27;Avda. Francia;2025;NA;NA;19;50;3
2025-03-27;Viveros;2025;NA;12;17;59;3
2025-03-27;Pista Silla;2025;18;6;17;48;3
2025-03-27;Politecnico;2025;19;9;29;40;3
2025-03-27;Moli del Sol;2025;18;16;19;65;3
2025-03-28;Avda. Francia;2025;NA;NA;20;49;3
2025-03-28;Viveros;2025;30;15;16;59;3
2025-03-28;Pista Silla;2025;21;7;20;43;4
2025-03-28;Politecnico;2025;20;9;27;40;3
2025-03-28;Moli del Sol;2025;33;24;27;53;3
2025-03-29;Avda. Francia;2025;NA;NA;4;80;4
2025-03-29;Viveros;2025;NA;20;3;85;3
2025-03-29;Pista Silla;2025;27;3;3;85;3
2025-03-29;Politecnico;2025;10;4;7;NA;3
2025-03-29;Moli del Sol;2025;28;10;11;85;3
2025-03-30;Avda. Francia;2025;NA;NA;16;58;3
2025-03-30;Viveros;2025;18;9;10;69;3
2025-03-30;Pista Silla;2025;8;2;10;59;3
2025-03-30;Politecnico;2025;12;6;24;NA;3
2025-03-30;Moli del Sol;2025;14;10;20;68;3
2025-03-31;Avda. Francia;2025;NA;NA;34;36;3
2025-03-31;Viveros;2025;NA;20;30;50;3
2025-03-31;Pista Silla;2025;25;8;26;36;4
2025-03-31;Politecnico;2025;27;10;38;39;3
2025-03-31;Moli del Sol;2025;44;20;36;52;3
2025-04-01;Avda. Francia;2025;NA;NA;20;63;3
2025-04-01;Viveros;2025;24;14;16;74;3
2025-04-01;Pista Silla;2025;19;9;17;NA;4
2025-04-01;Politecnico;2025;32;15;25;59;3
2025-04-01;Moli del Sol;2025;32;16;26;74;3
2025-04-02;Avda. Francia;2025;23;15;15;71;3
2025-04-02;Viveros;2025;22;9;13;81;3
2025-04-02;Pista Silla;2025;16;7;14;NA;3
2025-04-02;Politecnico;2025;30;13;19;68;3
2025-04-02;Moli del Sol;2025;22;12;23;78;3
2025-04-03;Avda. Francia;2025;NA;NA;4;81;3
2025-04-03;Viveros;2025;20;5;3;89;3
2025-04-03;Pista Silla;2025;12;6;5;NA;3
2025-04-03;Politecnico;2025;55;17;8;83;3
2025-04-03;Moli del Sol;2025;19;12;17;86;3
2025-04-04;Avda. Francia;2025;NA;NA;6;72;3
2025-04-04;Viveros;2025;20;6;6;80;3
2025-04-04;Pista Silla;2025;14;8;8;NA;3
2025-04-04;Politecnico;2025;49;18;13;74;3
2025-04-04;Moli del Sol;2025;25;15;19;76;3
2025-04-05;Avda. Francia;2025;11;8;12;48;3
2025-04-05;Viveros;2025;11;5;9;58;3
2025-04-05;Pista Silla;2025;8;3;7;NA;3
2025-04-05;Politecnico;2025;11;6;15;52;3
2025-04-05;Moli del Sol;2025;14;8;17;54;3
2025-04-06;Avda. Francia;2025;8;6;14;49;3
2025-04-06;Viveros;2025;12;6;9;61;3
2025-04-06;Pista Silla;2025;7;2;6;NA;3
2025-04-06;Politecnico;2025;10;6;24;45;3
2025-04-06;Moli del Sol;2025;7;4;11;57;3
2025-04-07;Avda. Francia;2025;26;15;22;50;4
2025-04-07;Viveros;2025;24;11;14;67;3
2025-04-07;Pista Silla;2025;17;6;18;NA;3
2025-04-07;Politecnico;2025;23;11;24;57;3
2025-04-07;Moli del Sol;2025;22;10;NA;61;3
2025-04-08;Avda. Francia;2025;34;29;11;67;3
2025-04-08;Viveros;2025;24;15;12;73;3
2025-04-08;Pista Silla;2025;21;13;12;NA;3
2025-04-08;Politecnico;2025;31;18;19;64;3
2025-04-08;Moli del Sol;2025;40;24;NA;58;3
2025-04-09;Avda. Francia;2025;43;36;17;57;3
2025-04-09;Viveros;2025;26;15;14;70;3
2025-04-09;Pista Silla;2025;24;16;16;NA;3
2025-04-09;Politecnico;2025;38;24;21;61;3
2025-04-09;Moli del Sol;2025;46;28;29;67;3
2025-04-10;Avda. Francia;2025;33;27;10;67;3
2025-04-10;Viveros;2025;24;11;8;78;3
2025-04-10;Pista Silla;2025;17;10;11;NA;3
2025-04-10;Politecnico;2025;32;16;16;66;3
2025-04-10;Moli del Sol;2025;31;18;26;65;3
2025-04-11;Avda. Francia;2025;33;27;9;67;3
2025-04-11;Viveros;2025;23;11;7;77;3
2025-04-11;Pista Silla;2025;17;10;6;72;3
2025-04-11;Politecnico;2025;37;16;18;65;3
2025-04-11;Moli del Sol;2025;30;19;21;76;3
2025-04-12;Avda. Francia;2025;49;43;21;40;3
2025-04-12;Viveros;2025;22;14;15;54;3
2025-04-12;Pista Silla;2025;25;19;14;49;3
2025-04-12;Politecnico;2025;36;22;25;44;3
2025-04-12;Moli del Sol;2025;54;35;26;48;3
2025-04-13;Avda. Francia;2025;65;59;14;47;3
2025-04-13;Viveros;2025;26;19;11;59;3
2025-04-13;Pista Silla;2025;29;24;12;51;3
2025-04-13;Politecnico;2025;46;32;16;52;3
2025-04-13;Moli del Sol;2025;65;43;24;50;3
2025-04-14;Avda. Francia;2025;39;34;22;47;3
2025-04-14;Viveros;2025;23;13;16;62;3
2025-04-14;Pista Silla;2025;24;16;16;57;3
2025-04-14;Politecnico;2025;32;19;18;60;3
2025-04-14;Moli del Sol;2025;46;29;35;50;3
2025-04-15;Avda. Francia;2025;18;5;8;68;3
2025-04-15;Viveros;2025;19;9;6;76;3
2025-04-15;Pista Silla;2025;28;3;4;NA;3
2025-04-15;Politecnico;2025;14;4;11;69;3
2025-04-15;Moli del Sol;2025;19;4;14;80;3
2025-04-16;Avda. Francia;2025;15;4;7;66;3
2025-04-16;Viveros;2025;21;12;5;75;3
2025-04-16;Pista Silla;2025;21;2;5;NA;3
2025-04-16;Politecnico;2025;9;3;9;68;3
2025-04-16;Moli del Sol;2025;18;4;11;76;3
2025-04-17;Avda. Francia;2025;12;6;11;61;3
2025-04-17;Viveros;2025;19;10;9;68;3
2025-04-17;Pista Silla;2025;16;3;8;54;3
2025-04-17;Moli del Sol;2025;14;5;16;68;3
2025-04-18;Avda. Francia;2025;11;8;15;46;3
2025-04-18;Viveros;2025;17;10;11;56;3
2025-04-18;Pista Silla;2025;11;4;9;40;3
2025-04-18;Moli del Sol;2025;15;8;19;50;3
2025-04-19;Avda. Francia;2025;17;7;5;64;4
2025-04-19;Viveros;2025;22;17;3;71;3
2025-04-19;Pista Silla;2025;32;4;3;60;3
2025-04-19;Moli del Sol;2025;24;6;9;71;3
2025-04-20;Avda. Francia;2025;5;3;7;63;3
2025-04-20;Viveros;2025;9;6;3;73;3
2025-04-20;Pista Silla;2025;6;1;4;58;3
2025-04-20;Moli del Sol;2025;6;3;10;73;3
2025-04-21;Avda. Francia;2025;8;5;9;58;3
2025-04-21;Viveros;2025;12;9;6;68;3
2025-04-21;Pista Silla;2025;8;2;4;NA;3
2025-04-21;Moli del Sol;2025;9;4;15;63;3
2025-04-22;Avda. Francia;2025;19;16;24;35;3
2025-04-22;Viveros;2025;16;12;19;44;3
2025-04-22;Pista Silla;2025;14;8;17;NA;3
2025-04-22;Moli del Sol;2025;27;17;32;35;3
2025-04-23;Avda. Francia;2025;20;12;24;39;3
2025-04-23;Viveros;2025;NA;11;16;53;3
2025-04-23;Pista Silla;2025;13;5;14;NA;3
2025-04-23;Moli del Sol;2025;15;8;23;54;3
2025-04-24;Avda. Francia;2025;18;12;24;40;3
2025-04-24;Viveros;2025;18;13;16;55;3
2025-04-24;Pista Silla;2025;13;5;15;NA;3
2025-04-24;Moli del Sol;2025;21;11;26;51;3
2025-04-25;Avda. Francia;2025;26;22;15;50;3
2025-04-25;Viveros;2025;NA;14;10;66;3
2025-04-25;Pista Silla;2025;18;12;17;NA;3
2025-04-25;Moli del Sol;2025;36;22;21;58;3
2025-04-26;Avda. Francia;2025;21;18;12;50;3
2025-04-26;Viveros;2025;18;15;9;59;3
2025-04-26;Pista Silla;2025;12;8;10;NA;3
2025-04-26;Politecnico;2025;24;15;21;53;3
2025-04-26;Moli del Sol;2025;30;19;19;53;3
2025-04-27;Avda. Francia;2025;3;2;6;67;4
2025-04-27;Viveros;2025;NA;11;6;73;3
2025-04-27;Pista Silla;2025;4;1;5;NA;3
2025-04-27;Politecnico;2025;8;3;11;67;3
2025-04-27;Moli del Sol;2025;5;2;12;71;3
2025-04-28;Avda. Francia;2025;8;6;15;54;3
2025-04-28;Moli del Sol;2025;10;5;21;57;3
2025-04-29;Avda. Francia;2025;13;10;7;71;3
2025-04-29;Viveros;2025;NA;13;5;91;3
2025-04-29;Pista Silla;2025;10;4;8;NA;3
2025-04-29;Politecnico;2025;20;9;15;69;3
2025-04-29;Moli del Sol;2025;17;9;17;69;3
2025-04-30;Avda. Francia;2025;18;14;6;73;3
2025-04-30;Viveros;2025;26;16;5;83;3
2025-04-30;Pista Silla;2025;11;5;5;NA;3
2025-04-30;Politecnico;2025;34;12;13;74;4
2025-04-30;Moli del Sol;2025;18;10;14;80;3
2025-05-01;Avda. Francia;2025;25;20;4;77;3
2025-05-01;Viveros;2025;NA;13;3;89;3
2025-05-01;Pista Silla;2025;13;7;2;73;3
2025-05-01;Politecnico;2025;44;16;10;80;4
2025-05-01;Moli del Sol;2025;24;15;10;82;3
2025-05-02;Avda. Francia;2025;33;27;5;77;3
2025-05-02;Viveros;2025;30;12;5;90;3
2025-05-02;Pista Silla;2025;16;10;5;71;3
2025-05-02;Politecnico;2025;54;21;11;83;4
2025-05-02;Moli del Sol;2025;37;24;17;81;3
2025-05-03;Avda. Francia;2025;35;29;13;57;3
2025-05-03;Pista Silla;2025;20;12;11;54;3
2025-05-03;Politecnico;2025;50;22;17;68;4
2025-05-03;Moli del Sol;2025;40;24;19;67;4
2025-05-04;Avda. Francia;2025;12;6;4;68;3
2025-05-04;Pista Silla;2025;20;3;3;NA;3
2025-05-04;Politecnico;2025;11;5;7;69;4
2025-05-04;Moli del Sol;2025;17;5;7;79;3
2025-05-05;Avda. Francia;2025;9;4;17;51;3
2025-05-05;Viveros;2025;NA;NA;14;61;3
2025-05-05;Pista Silla;2025;11;2;12;NA;3
2025-05-05;Politecnico;2025;11;4;18;58;4
2025-05-05;Moli del Sol;2025;9;3;13;68;3
2025-05-06;Avda. Francia;2025;10;5;13;69;4
2025-05-06;Viveros;2025;16;7;8;81;3
2025-05-06;Pista Silla;2025;10;2;11;NA;3
2025-05-06;Politecnico;2025;17;6;14;72;4
2025-05-06;Moli del Sol;2025;12;5;14;82;3
2025-05-07;Avda. Francia;2025;12;7;14;66;3
2025-05-07;Viveros;2025;NA;8;11;78;4
2025-05-07;Pista Silla;2025;9;2;13;NA;3
2025-05-07;Politecnico;2025;16;7;21;67;4
2025-05-07;Moli del Sol;2025;13;6;20;73;3
2025-05-08;Avda. Francia;2025;15;12;20;51;3
2025-05-08;Viveros;2025;16;9;18;60;3
2025-05-08;Pista Silla;2025;11;6;21;NA;4
2025-05-08;Politecnico;2025;20;10;20;63;4
2025-05-08;Moli del Sol;2025;18;11;25;57;3
2025-05-09;Avda. Francia;2025;19;17;13;56;3
2025-05-09;Viveros;2025;NA;13;11;66;4
2025-05-09;Pista Silla;2025;14;9;16;NA;3
2025-05-09;Politecnico;2025;20;13;18;63;4
2025-05-09;Moli del Sol;2025;26;17;23;58;3
2025-05-10;Avda. Francia;2025;17;15;7;63;3
2025-05-10;Viveros;2025;16;10;6;73;3
2025-05-10;Pista Silla;2025;11;7;7;68;3
2025-05-10;Politecnico;2025;24;12;14;65;4
2025-05-10;Moli del Sol;2025;19;11;14;69;3
2025-05-11;Avda. Francia;2025;14;11;8;58;3
2025-05-11;Viveros;2025;NA;9;5;68;3
2025-05-11;Pista Silla;2025;10;4;4;NA;3
2025-05-11;Politecnico;2025;14;9;12;57;4
2025-05-11;Moli del Sol;2025;11;7;10;62;3
2025-05-12;Avda. Francia;2025;12;8;14;59;3
2025-05-12;Viveros;2025;17;10;12;69;3
2025-05-12;Pista Silla;2025;11;2;11;52;3
2025-05-12;Politecnico;2025;23;8;22;59;4
2025-05-12;Moli del Sol;2025;12;6;17;68;3
2025-05-13;Avda. Francia;2025;17;14;12;65;5
2025-05-13;Viveros;2025;NA;11;8;79;3
2025-05-13;Pista Silla;2025;12;6;12;52;3
2025-05-13;Politecnico;2025;19;11;18;68;4
2025-05-13;Moli del Sol;2025;20;10;17;71;3
2025-05-14;Avda. Francia;2025;21;18;8;64;3
2025-05-14;Viveros;2025;19;9;5;80;3
2025-05-14;Pista Silla;2025;11;6;5;64;3
2025-05-14;Politecnico;2025;26;14;16;65;4
2025-05-14;Moli del Sol;2025;22;11;14;72;3
2025-05-15;Avda. Francia;2025;16;9;21;46;3
2025-05-15;Viveros;2025;NA;10;13;62;3
2025-05-15;Pista Silla;2025;16;7;16;50;3
2025-05-15;Politecnico;2025;17;8;26;48;4
2025-05-15;Moli del Sol;2025;14;6;19;60;3
2025-05-16;Avda. Francia;2025;17;10;19;59;3
2025-05-16;Viveros;2025;22;13;17;72;3
2025-05-16;Pista Silla;2025;25;10;15;59;3
2025-05-16;Politecnico;2025;21;8;22;68;4
2025-05-16;Moli del Sol;2025;18;7;23;70;3
2025-05-17;Avda. Francia;2025;17;14;10;70;3
2025-05-17;Viveros;2025;NA;12;7;85;3
2025-05-17;Pista Silla;2025;24;13;9;77;3
2025-05-17;Politecnico;2025;21;11;15;73;4
2025-05-17;Moli del Sol;2025;19;10;15;76;3
2025-05-18;Avda. Francia;2025;27;23;12;69;3
2025-05-18;Viveros;2025;21;12;7;86;3
2025-05-18;Pista Silla;2025;27;16;7;79;3
2025-05-18;Politecnico;2025;27;15;13;78;4
2025-05-18;Moli del Sol;2025;20;12;15;76;3
2025-05-19;Avda. Francia;2025;28;12;15;62;3
2025-05-19;Viveros;2025;NA;14;11;72;3
2025-05-19;Pista Silla;2025;47;10;11;62;3
2025-05-19;Politecnico;2025;24;8;19;62;5
2025-05-19;Moli del Sol;2025;24;7;18;67;3
2025-05-20;Avda. Francia;2025;17;9;16;73;3
2025-05-20;Viveros;2025;NA;23;14;82;3
2025-05-20;Pista Silla;2025;23;8;13;78;3
2025-05-20;Politecnico;2025;19;7;19;76;5
2025-05-20;Moli del Sol;2025;15;6;20;79;3
2025-05-21;Avda. Francia;2025;22;12;22;59;3
2025-05-21;Viveros;2025;NA;13;18;72;3
2025-05-21;Pista Silla;2025;25;10;14;69;3
2025-05-21;Politecnico;2025;24;9;NA;NA;4
2025-05-21;Moli del Sol;2025;18;7;19;77;3
2025-05-22;Avda. Francia;2025;14;9;12;61;3
2025-05-22;Viveros;2025;22;11;10;71;3
2025-05-22;Pista Silla;2025;21;9;12;66;3
2025-05-22;Politecnico;2025;19;7;NA;NA;3
2025-05-22;Moli del Sol;2025;18;8;19;62;3
2025-05-23;Avda. Francia;2025;15;8;12;64;3
2025-05-23;Viveros;2025;NA;12;10;74;3
2025-05-23;Pista Silla;2025;21;8;10;70;3
2025-05-23;Politecnico;2025;19;6;11;NA;3
2025-05-23;Moli del Sol;2025;15;6;17;67;3
2025-05-24;Avda. Francia;2025;14;10;12;61;3
2025-05-24;Viveros;2025;NA;12;6;77;3
2025-05-24;Pista Silla;2025;19;9;9;64;3
2025-05-24;Politecnico;2025;15;7;NA;NA;3
2025-05-24;Moli del Sol;2025;13;6;15;72;3
2025-05-25;Avda. Francia;2025;17;12;14;68;3
2025-05-25;Viveros;2025;NA;13;10;82;3
2025-05-25;Pista Silla;2025;22;11;9;76;3
2025-05-25;Politecnico;2025;19;9;NA;NA;3
2025-05-25;Moli del Sol;2025;15;8;18;77;3
2025-05-26;Avda. Francia;2025;21;17;9;82;3
2025-05-26;Viveros;2025;26;14;6;NA;3
2025-05-26;Pista Silla;2025;29;14;9;86;3
2025-05-26;Politecnico;2025;24;11;NA;NA;3
2025-05-26;Moli del Sol;2025;25;12;20;74;3
2025-05-27;Avda. Francia;2025;18;14;11;70;3
2025-05-27;Viveros;2025;NA;14;10;78;3
2025-05-27;Pista Silla;2025;23;12;14;73;3
2025-05-27;Politecnico;2025;19;10;NA;NA;3
2025-05-27;Moli del Sol;2025;21;11;20;67;3
2025-05-28;Avda. Francia;2025;21;15;20;47;3
2025-05-28;Viveros;2025;29;17;15;61;3
2025-05-28;Pista Silla;2025;27;12;14;56;3
2025-05-28;Politecnico;2025;25;10;15;47;3
2025-05-28;Moli del Sol;2025;21;9;24;58;3
2025-05-29;Avda. Francia;2025;21;15;21;54;3
2025-05-29;Viveros;2025;NA;18;11;72;3
2025-05-29;Pista Silla;2025;30;13;20;58;4
2025-05-29;Politecnico;2025;22;10;14;60;3
2025-05-29;Moli del Sol;2025;25;11;25;62;3
2025-05-30;Avda. Francia;2025;20;16;18;60;3
2025-05-30;Viveros;2025;29;16;13;75;3
2025-05-30;Pista Silla;2025;30;13;15;68;3
2025-05-30;Politecnico;2025;23;10;14;68;3
2025-05-30;Moli del Sol;2025;26;10;22;66;3
2025-05-31;Avda. Francia;2025;17;13;14;63;3
2025-05-31;Viveros;2025;NA;15;9;77;3
2025-05-31;Pista Silla;2025;26;12;11;68;3
2025-05-31;Politecnico;2025;20;9;11;70;3
2025-05-31;Moli del Sol;2025;20;9;18;71;3
2025-06-01;Avda. Francia;2025;20;15;15;66;3
2025-06-01;Viveros;2025;29;17;10;81;3
2025-06-01;Pista Silla;2025;26;12;8;74;3
2025-06-01;Politecnico;2025;23;10;12;74;3
2025-06-01;Moli del Sol;2025;20;9;17;76;3
2025-06-02;Avda. Francia;2025;19;14;7;70;3
2025-06-02;Viveros;2025;NA;16;5;81;3
2025-06-02;Pista Silla;2025;27;11;7;76;3
2025-06-02;Politecnico;2025;25;9;9;76;3
2025-06-02;Moli del Sol;2025;22;8;13;78;4
2025-06-03;Avda. Francia;2025;21;15;16;56;3
2025-06-03;Viveros;2025;31;16;13;65;3
2025-06-03;Pista Silla;2025;31;13;14;56;3
2025-06-03;Politecnico;2025;30;11;13;61;3
2025-06-03;Moli del Sol;2025;25;10;21;60;4
2025-06-04;Avda. Francia;2025;32;24;21;56;3
2025-06-04;Viveros;2025;NA;20;14;70;3
2025-06-04;Pista Silla;2025;33;17;15;62;3
2025-06-04;Politecnico;2025;30;15;15;64;3
2025-06-04;Moli del Sol;2025;25;14;23;72;4
2025-06-05;Avda. Francia;2025;43;36;17;65;3
2025-06-05;Viveros;2025;30;22;10;82;3
2025-06-05;Pista Silla;2025;44;26;17;68;3
2025-06-05;Politecnico;2025;36;20;12;76;3
2025-06-05;Moli del Sol;2025;31;19;21;77;4
2025-06-06;Avda. Francia;2025;33;28;8;76;3
2025-06-06;Viveros;2025;NA;18;7;79;3
2025-06-06;Pista Silla;2025;40;22;12;68;3
2025-06-06;Politecnico;2025;33;18;9;71;3
2025-06-06;Moli del Sol;2025;31;18;18;72;4
2025-06-07;Avda. Francia;2025;32;27;10;65;3
2025-06-07;Viveros;2025;29;16;6;79;3
2025-06-07;Pista Silla;2025;35;19;9;67;3
2025-06-07;Politecnico;2025;30;16;9;72;3
2025-06-07;Moli del Sol;2025;25;15;16;73;4
2025-06-08;Avda. Francia;2025;32;28;5;64;3
2025-06-08;Viveros;2025;NA;14;3;73;3
2025-06-08;Pista Silla;2025;35;19;3;68;3
2025-06-08;Politecnico;2025;30;16;9;61;4
2025-06-08;Moli del Sol;2025;26;15;9;65;4
2025-06-09;Avda. Francia;2025;29;23;12;52;3
2025-06-09;Viveros;2025;NA;NA;9;60;3
2025-06-09;Pista Silla;2025;38;17;13;49;3
2025-06-09;Politecnico;2025;30;14;10;53;4
2025-06-09;Moli del Sol;2025;26;14;21;51;4
2025-06-10;Avda. Francia;2025;29;24;22;52;3
2025-06-10;Viveros;2025;NA;NA;16;62;3
2025-06-10;Pista Silla;2025;30;17;21;50;4
2025-06-10;Politecnico;2025;25;14;12;62;4
2025-06-10;Moli del Sol;2025;24;13;28;56;4
2025-06-11;Avda. Francia;2025;43;31;29;53;3
2025-06-11;Viveros;2025;38;NA;18;68;3
2025-06-11;Pista Silla;2025;40;21;27;50;4
2025-06-11;Politecnico;2025;32;18;19;55;4
2025-06-11;Moli del Sol;2025;31;17;31;61;4
2025-06-12;Avda. Francia;2025;41;34;14;68;3
2025-06-12;Viveros;2025;NA;NA;10;80;3
2025-06-12;Pista Silla;2025;42;24;15;69;3
2025-06-12;Politecnico;2025;36;21;12;67;4
2025-06-12;Moli del Sol;2025;33;20;20;76;4
2025-06-13;Avda. Francia;2025;51;44;7;79;3
2025-06-13;Viveros;2025;39;NA;4;89;3
2025-06-13;Pista Silla;2025;55;30;8;82;3
2025-06-13;Politecnico;2025;45;26;9;75;4
2025-06-13;Moli del Sol;2025;41;24;16;73;4
2025-06-14;Avda. Francia;2025;53;46;7;81;3
2025-06-14;Pista Silla;2025;50;31;8;83;3
2025-06-14;Politecnico;2025;44;28;9;74;4
2025-06-14;Moli del Sol;2025;38;26;12;89;4
2025-06-15;Avda. Francia;2025;46;38;5;76;3
2025-06-15;Viveros;2025;36;NA;NA;NA;NA
2025-06-15;Pista Silla;2025;47;25;3;83;3
2025-06-15;Politecnico;2025;41;23;8;68;4
2025-06-15;Moli del Sol;2025;33;21;11;77;4
2025-06-16;Avda. Francia;2025;31;22;11;58;3
2025-06-16;Pista Silla;2025;46;20;11;58;3
2025-06-16;Politecnico;2025;35;17;10;57;5
2025-06-16;Moli del Sol;2025;35;16;16;59;4
2025-06-17;Avda. Francia;2025;35;26;16;53;3
2025-06-17;Viveros;2025;NA;NA;15;64;3
2025-06-17;Pista Silla;2025;50;22;13;62;3
2025-06-17;Politecnico;2025;39;18;12;55;5
2025-06-17;Moli del Sol;2025;32;16;NA;64;5
2025-06-18;Avda. Francia;2025;29;22;12;60;3
2025-06-18;Viveros;2025;NA;NA;6;75;3
2025-06-18;Pista Silla;2025;38;19;12;65;3
2025-06-18;Politecnico;2025;29;15;10;66;5
2025-06-18;Moli del Sol;2025;27;16;NA;66;4
2025-06-19;Avda. Francia;2025;27;20;13;64;3
2025-06-19;Viveros;2025;NA;NA;12;71;3
2025-06-19;Pista Silla;2025;36;19;15;60;3
2025-06-19;Politecnico;2025;26;14;10;66;6
2025-06-19;Moli del Sol;2025;28;15;NA;61;5
2025-06-20;Avda. Francia;2025;31;22;18;65;3
2025-06-20;Viveros;2025;NA;NA;15;74;3
2025-06-20;Pista Silla;2025;41;20;15;67;3
2025-06-20;Politecnico;2025;31;15;12;68;4
2025-06-20;Moli del Sol;2025;28;15;NA;69;5
2025-06-21;Avda. Francia;2025;28;20;15;69;3
2025-06-21;Viveros;2025;NA;NA;10;78;3
2025-06-21;Pista Silla;2025;37;19;12;72;3
2025-06-21;Politecnico;2025;28;14;11;68;3
2025-06-21;Moli del Sol;2025;27;16;NA;68;4
2025-06-22;Avda. Francia;2025;30;22;12;75;3
2025-06-22;Viveros;2025;NA;NA;8;83;3
2025-06-22;Pista Silla;2025;35;18;8;76;3
2025-06-22;Politecnico;2025;27;14;8;75;3
2025-06-22;Moli del Sol;2025;24;14;NA;78;5
2025-06-23;Avda. Francia;2025;29;18;15;68;3
2025-06-23;Viveros;2025;NA;NA;13;75;3
2025-06-23;Pista Silla;2025;36;16;13;66;3
2025-06-23;Politecnico;2025;30;13;11;67;4
2025-06-23;Moli del Sol;2025;23;12;NA;75;4
2025-06-24;Avda. Francia;2025;24;12;19;64;3
2025-06-24;Viveros;2025;NA;NA;13;73;3
2025-06-24;Pista Silla;2025;30;14;15;61;3
2025-06-24;Politecnico;2025;27;12;14;62;4
2025-06-24;Moli del Sol;2025;23;11;NA;68;4
2025-06-25;Avda. Francia;2025;28;14;20;60;3
2025-06-25;Viveros;2025;NA;NA;14;74;3
2025-06-25;Pista Silla;2025;36;15;20;58;4
2025-06-25;Politecnico;2025;26;12;14;61;4
2025-06-25;Moli del Sol;2025;23;11;NA;68;4
2025-06-26;Avda. Francia;2025;31;16;13;64;3
2025-06-26;Viveros;2025;NA;NA;10;75;3
2025-06-26;Pista Silla;2025;42;17;16;60;3
2025-06-26;Politecnico;2025;30;14;12;61;4
2025-06-26;Moli del Sol;2025;29;14;NA;64;4
2025-06-27;Avda. Francia;2025;31;17;18;65;3
2025-06-27;Viveros;2025;NA;NA;14;75;3
2025-06-27;Pista Silla;2025;44;19;15;67;3
2025-06-27;Politecnico;2025;37;15;12;66;4
2025-06-27;Moli del Sol;2025;28;14;NA;67;4
2025-06-28;Avda. Francia;2025;29;17;22;62;3
2025-06-28;Viveros;2025;NA;NA;15;76;3
2025-06-28;Pista Silla;2025;36;18;15;66;3
2025-06-28;Politecnico;2025;29;14;16;52;3
2025-06-28;Moli del Sol;2025;26;14;NA;69;4
2025-06-29;Viveros;2025;NA;NA;9;82;3
2025-06-29;Pista Silla;2025;32;17;14;66;3
2025-06-29;Politecnico;2025;24;13;11;64;3
2025-06-29;Moli del Sol;2025;23;13;NA;74;4
2025-06-30;Avda. Francia;2025;30;12;22;60;3
2025-06-30;Viveros;2025;NA;NA;15;74;3
2025-06-30;Pista Silla;2025;34;14;18;62;4
2025-06-30;Politecnico;2025;26;11;15;56;3
2025-06-30;Moli del Sol;2025;24;11;NA;73;4
2025-07-01;Avda. Francia;2025;27;13;33;47;3
2025-07-01;Viveros;2025;NA;NA;22;62;3
2025-07-01;Pista Silla;2025;32;15;26;49;4
2025-07-01;Politecnico;2025;31;11;20;49;3
2025-07-01;Moli del Sol;2025;23;11;44;60;4
2025-07-02;Avda. Francia;2025;27;14;21;52;3
2025-07-02;Viveros;2025;NA;NA;17;64;3
2025-07-02;Pista Silla;2025;35;14;18;59;3
2025-07-02;Politecnico;2025;30;11;15;66;3
2025-07-02;Moli del Sol;2025;23;10;31;60;4
2025-07-03;Avda. Francia;2025;22;14;13;49;3
2025-07-03;Viveros;2025;22;NA;NA;NA;NA
2025-07-03;Pista Silla;2025;26;14;12;59;3
2025-07-03;Politecnico;2025;20;10;12;NA;3
2025-07-03;Moli del Sol;2025;16;10;NA;61;4
2025-07-04;Avda. Francia;2025;27;16;12;69;4
2025-07-04;Pista Silla;2025;32;16;14;71;3
2025-07-04;Politecnico;2025;23;12;10;NA;4
2025-07-04;Moli del Sol;2025;22;11;18;72;4
2025-07-05;Avda. Francia;2025;26;14;10;75;4
2025-07-05;Viveros;2025;32;NA;NA;NA;NA
2025-07-05;Pista Silla;2025;33;15;8;74;3
2025-07-05;Politecnico;2025;24;12;10;NA;5
2025-07-05;Moli del Sol;2025;24;11;10;82;4
2025-07-06;Avda. Francia;2025;16;10;11;82;3
2025-07-06;Pista Silla;2025;21;10;6;89;3
2025-07-06;Politecnico;2025;19;8;9;86;4
2025-07-06;Moli del Sol;2025;13;7;9;89;4
2025-07-07;Avda. Francia;2025;19;12;8;62;3
2025-07-07;Pista Silla;2025;29;13;8;66;3
2025-07-07;Politecnico;2025;24;10;9;NA;4
2025-07-07;Moli del Sol;2025;17;9;12;68;4
2025-07-08;Avda. Francia;2025;25;14;9;53;3
2025-07-08;Viveros;2025;NA;NA;4;68;NA
2025-07-08;Pista Silla;2025;41;18;7;57;3
2025-07-08;Moli del Sol;2025;23;13;10;60;4
2025-07-09;Avda. Francia;2025;23;13;13;52;3
2025-07-09;Viveros;2025;NA;NA;7;75;NA
2025-07-09;Pista Silla;2025;54;16;8;67;3
2025-07-09;Moli del Sol;2025;20;10;9;61;4
2025-07-10;Avda. Francia;2025;23;14;8;61;3
2025-07-10;Viveros;2025;NA;NA;5;85;NA
2025-07-10;Pista Silla;2025;43;15;7;76;3
2025-07-10;Moli del Sol;2025;19;11;8;72;4
2025-07-11;Avda. Francia;2025;26;16;8;69;3
2025-07-11;Viveros;2025;NA;NA;7;86;NA
2025-07-11;Pista Silla;2025;42;16;9;76;3
2025-07-11;Moli del Sol;2025;20;11;9;74;4
2025-07-12;Avda. Francia;2025;15;9;8;78;3
2025-07-12;Viveros;2025;NA;NA;5;88;NA
2025-07-12;Pista Silla;2025;26;11;5;82;3
2025-07-12;Moli del Sol;2025;12;7;7;84;4
2025-07-13;Avda. Francia;2025;15;8;9;65;3
2025-07-13;Viveros;2025;NA;NA;8;82;NA
2025-07-13;Pista Silla;2025;25;11;7;71;3
2025-07-13;Moli del Sol;2025;13;7;9;72;4
2025-07-14;Avda. Francia;2025;17;10;9;62;3
2025-07-14;Viveros;2025;NA;NA;4;81;NA
2025-07-14;Pista Silla;2025;30;13;8;70;3
2025-07-14;Moli del Sol;2025;15;8;9;67;4
2025-07-15;Avda. Francia;2025;18;10;13;52;3
2025-07-15;Viveros;2025;NA;NA;8;69;NA
2025-07-15;Pista Silla;2025;28;13;14;52;3
2025-07-15;Politecnico;2025;19;10;10;57;4
2025-07-15;Moli del Sol;2025;15;8;13;57;4
2025-07-16;Avda. Francia;2025;19;11;17;47;3
2025-07-16;Viveros;2025;NA;NA;15;65;NA
2025-07-16;Pista Silla;2025;30;13;15;51;3
2025-07-16;Politecnico;2025;22;10;13;54;4
2025-07-16;Moli del Sol;2025;18;9;19;56;5
2025-07-17;Avda. Francia;2025;26;14;15;48;3
2025-07-17;Viveros;2025;NA;NA;15;75;NA
2025-07-17;Pista Silla;2025;41;16;14;62;3
2025-07-17;Politecnico;2025;31;12;13;60;4
2025-07-17;Moli del Sol;2025;24;11;19;60;5
2025-07-18;Avda. Francia;2025;30;19;10;55;3
2025-07-18;Viveros;2025;NA;NA;7;85;NA
2025-07-18;Pista Silla;2025;51;19;10;73;3
2025-07-18;Politecnico;2025;36;16;11;60;5
2025-07-18;Moli del Sol;2025;22;13;13;65;5
2025-07-19;Avda. Francia;2025;33;20;12;53;3
2025-07-19;Viveros;2025;NA;NA;5;78;NA
2025-07-19;Pista Silla;2025;43;18;7;66;3
2025-07-19;Politecnico;2025;32;15;9;61;5
2025-07-19;Moli del Sol;2025;26;14;8;64;5
2025-07-20;Avda. Francia;2025;24;12;10;53;3
2025-07-20;Viveros;2025;NA;NA;13;60;NA
2025-07-20;Pista Silla;2025;31;13;7;48;3
2025-07-20;Politecnico;2025;23;11;12;46;5
2025-07-20;Moli del Sol;2025;20;9;12;51;4
2025-07-21;Avda. Francia;2025;20;9;9;55;3
2025-07-21;Viveros;2025;NA;NA;6;68;3
2025-07-21;Pista Silla;2025;32;10;8;59;3
2025-07-21;Politecnico;2025;23;8;8;60;5
2025-07-21;Moli del Sol;2025;18;7;10;64;4
2025-07-22;Avda. Francia;2025;19;11;9;47;3
2025-07-22;Viveros;2025;NA;NA;4;72;4
2025-07-22;Pista Silla;2025;38;14;6;68;3
2025-07-22;Politecnico;2025;27;10;9;57;4
2025-07-22;Moli del Sol;2025;21;10;7;65;5
2025-07-23;Avda. Francia;2025;18;10;8;53;3
2025-07-23;Viveros;2025;NA;NA;7;69;3
2025-07-23;Pista Silla;2025;34;12;8;64;3
2025-07-23;Politecnico;2025;23;9;8;62;5
2025-07-23;Moli del Sol;2025;22;10;9;60;4
2025-07-24;Avda. Francia;2025;14;8;9;48;3
2025-07-24;Viveros;2025;NA;NA;8;54;3
2025-07-24;Pista Silla;2025;25;10;6;50;3
2025-07-24;Politecnico;2025;20;8;9;44;6
2025-07-24;Moli del Sol;2025;16;8;12;49;4
2025-07-25;Avda. Francia;2025;10;5;8;60;3
2025-07-25;Viveros;2025;NA;NA;9;63;3
2025-07-25;Pista Silla;2025;19;8;9;54;3
2025-07-25;Politecnico;2025;14;5;8;54;5
2025-07-25;Moli del Sol;2025;13;6;13;56;4
2025-07-26;Avda. Francia;2025;14;8;13;59;3
2025-07-26;Viveros;2025;NA;NA;9;70;3
2025-07-26;Pista Silla;2025;24;11;10;59;3
2025-07-26;Politecnico;2025;16;8;10;61;5
2025-07-26;Moli del Sol;2025;15;8;14;62;4
2025-07-27;Avda. Francia;2025;12;7;8;70;3
2025-07-27;Viveros;2025;NA;NA;6;78;3
2025-07-27;Pista Silla;2025;20;10;6;71;3
2025-07-27;Politecnico;2025;14;7;8;71;5
2025-07-27;Moli del Sol;2025;13;8;9;72;4
2025-07-28;Avda. Francia;2025;17;8;13;49;3
2025-07-28;Viveros;2025;NA;NA;12;57;3
2025-07-28;Pista Silla;2025;30;12;13;51;3
2025-07-28;Politecnico;2025;18;8;10;51;5
2025-07-28;Moli del Sol;2025;18;9;17;48;4
2025-07-29;Avda. Francia;2025;16;9;10;61;3
2025-07-29;Viveros;2025;NA;NA;8;71;3
2025-07-29;Pista Silla;2025;26;10;7;67;3
2025-07-29;Politecnico;2025;19;8;9;60;5
2025-07-29;Moli del Sol;2025;16;8;9;67;4
2025-07-30;Avda. Francia;2025;18;10;10;70;3
2025-07-30;Viveros;2025;NA;NA;7;78;3
2025-07-30;Pista Silla;2025;30;12;10;71;3
2025-07-30;Politecnico;2025;25;10;9;71;5
2025-07-30;Moli del Sol;2025;19;10;11;74;4
2025-07-31;Avda. Francia;2025;14;8;10;76;3
2025-07-31;Viveros;2025;NA;NA;8;78;3
2025-07-31;Pista Silla;2025;23;11;11;73;3
2025-07-31;Politecnico;2025;18;8;8;75;5
2025-07-31;Moli del Sol;2025;16;9;12;75;4
2025-08-01;Avda. Francia;2025;16;9;10;66;3
2025-08-01;Viveros;2025;NA;NA;8;73;3
2025-08-01;Pista Silla;2025;27;12;10;64;3
2025-08-01;Politecnico;2025;18;9;11;58;5
2025-08-01;Moli del Sol;2025;17;9;12;65;4
2025-08-02;Avda. Francia;2025;14;9;10;56;3
2025-08-02;Viveros;2025;14;NA;5;72;3
2025-08-02;Pista Silla;2025;23;11;8;62;3
2025-08-02;Politecnico;2025;15;8;8;62;5
2025-08-02;Moli del Sol;2025;15;8;9;63;4
2025-08-03;Avda. Francia;2025;15;10;8;59;3
2025-08-03;Viveros;2025;NA;NA;5;71;3
2025-08-03;Pista Silla;2025;22;12;6;67;3
2025-08-03;Politecnico;2025;13;7;8;61;3
2025-08-03;Moli del Sol;2025;13;8;8;63;5
2025-08-04;Avda. Francia;2025;19;10;12;62;3
2025-08-04;Viveros;2025;NA;NA;9;74;3
2025-08-04;Pista Silla;2025;30;11;7;70;3
2025-08-04;Politecnico;2025;29;9;10;64;3
2025-08-04;Moli del Sol;2025;17;9;10;67;4
2025-08-05;Avda. Francia;2025;17;9;12;62;3
2025-08-05;Viveros;2025;NA;NA;9;74;4
2025-08-05;Pista Silla;2025;28;12;12;68;3
2025-08-05;Politecnico;2025;21;9;11;63;3
2025-08-05;Moli del Sol;2025;23;9;14;65;5
2025-08-06;Avda. Francia;2025;17;9;10;70;3
2025-08-06;Viveros;2025;NA;NA;7;80;4
2025-08-06;Pista Silla;2025;27;11;10;72;3
2025-08-06;Politecnico;2025;21;8;11;62;3
2025-08-06;Moli del Sol;2025;21;9;12;71;5
2025-08-07;Avda. Francia;2025;25;15;7;72;3
2025-08-07;Viveros;2025;NA;NA;6;86;4
2025-08-07;Pista Silla;2025;32;16;8;81;3
2025-08-07;Politecnico;2025;21;12;9;74;3
2025-08-07;Moli del Sol;2025;24;13;10;75;5
2025-08-08;Avda. Francia;2025;31;20;15;59;3
2025-08-08;Viveros;2025;NA;NA;10;72;4
2025-08-08;Pista Silla;2025;29;17;12;74;3
2025-08-08;Politecnico;2025;26;16;11;62;3
2025-08-08;Moli del Sol;2025;28;17;15;63;5
2025-08-09;Avda. Francia;2025;31;20;9;75;3
2025-08-09;Viveros;2025;NA;NA;6;84;4
2025-08-09;Pista Silla;2025;26;18;8;79;3
2025-08-09;Politecnico;2025;22;15;9;69;3
2025-08-09;Moli del Sol;2025;23;16;9;77;5
2025-08-10;Avda. Francia;2025;29;17;16;60;3
2025-08-10;Viveros;2025;NA;NA;14;71;4
2025-08-10;Pista Silla;2025;27;17;11;59;3
2025-08-10;Politecnico;2025;23;15;12;59;3
2025-08-10;Moli del Sol;2025;24;15;13;69;5
2025-08-11;Avda. Francia;2025;58;23;26;61;3
2025-08-11;Viveros;2025;NA;NA;16;84;3
2025-08-11;Pista Silla;2025;49;21;25;52;4
2025-08-11;Politecnico;2025;41;19;19;65;3
2025-08-11;Moli del Sol;2025;41;18;17;84;4
2025-08-12;Avda. Francia;2025;34;22;7;71;3
2025-08-12;Viveros;2025;NA;NA;8;NA;4
2025-08-12;Pista Silla;2025;33;18;7;NA;3
2025-08-12;Politecnico;2025;29;16;11;77;3
2025-08-12;Moli del Sol;2025;38;20;13;74;5
2025-08-13;Avda. Francia;2025;34;21;15;56;3
2025-08-13;Viveros;2025;NA;NA;13;82;3
2025-08-13;Pista Silla;2025;35;18;17;NA;3
2025-08-13;Politecnico;2025;27;16;14;56;3
2025-08-13;Moli del Sol;2025;32;16;18;65;5
2025-08-14;Avda. Francia;2025;30;17;17;NA;3
2025-08-14;Viveros;2025;NA;NA;13;80;3
2025-08-14;Pista Silla;2025;30;16;17;59;3
2025-08-14;Politecnico;2025;22;13;13;57;3
2025-08-14;Moli del Sol;2025;25;14;24;57;5
2025-08-15;Avda. Francia;2025;32;20;21;NA;3
2025-08-15;Viveros;2025;NA;NA;16;86;3
2025-08-15;Pista Silla;2025;29;18;13;62;3
2025-08-15;Politecnico;2025;24;15;19;47;3
2025-08-15;Moli del Sol;2025;27;15;17;65;5
2025-08-16;Avda. Francia;2025;38;22;14;60;3
2025-08-16;Viveros;2025;NA;NA;15;93;3
2025-08-16;Pista Silla;2025;32;18;15;59;3
2025-08-16;Politecnico;2025;25;16;13;60;3
2025-08-16;Moli del Sol;2025;27;15;16;69;5
2025-08-17;Avda. Francia;2025;42;23;22;54;3
2025-08-17;Viveros;2025;NA;NA;21;83;3
2025-08-17;Pista Silla;2025;38;22;21;55;4
2025-08-17;Politecnico;2025;35;21;15;59;3
2025-08-17;Moli del Sol;2025;35;21;25;66;5
2025-08-18;Avda. Francia;2025;58;36;13;NA;4
2025-08-18;Viveros;2025;NA;NA;12;92;3
2025-08-18;Pista Silla;2025;48;25;13;69;4
2025-08-18;Politecnico;2025;42;23;10;NA;3
2025-08-18;Moli del Sol;2025;41;23;18;67;6
2025-08-19;Avda. Francia;2025;32;20;7;NA;3
2025-08-19;Viveros;2025;NA;NA;4;110;3
2025-08-19;Pista Silla;2025;32;17;6;84;3
2025-08-19;Politecnico;2025;32;16;8;69;3
2025-08-19;Moli del Sol;2025;28;15;7;87;6
2025-08-20;Avda. Francia;2025;29;18;11;67;3
2025-08-20;Viveros;2025;NA;NA;9;93;3
2025-08-20;Pista Silla;2025;32;18;12;66;3
2025-08-20;Politecnico;2025;30;16;9;55;3
2025-08-20;Moli del Sol;2025;28;16;11;71;5
2025-08-21;Avda. Francia;2025;26;14;13;NA;3
2025-08-21;Viveros;2025;NA;NA;7;84;3
2025-08-21;Pista Silla;2025;27;14;8;61;3
2025-08-21;Politecnico;2025;23;12;12;44;3
2025-08-21;Moli del Sol;2025;21;12;8;66;5
2025-08-22;Avda. Francia;2025;15;8;9;76;3
2025-08-22;Viveros;2025;NA;NA;6;94;3
2025-08-22;Pista Silla;2025;20;10;9;68;3
2025-08-22;Politecnico;2025;16;8;10;54;3
2025-08-22;Moli del Sol;2025;15;8;7;80;5
2025-08-23;Avda. Francia;2025;17;11;11;70;3
2025-08-23;Viveros;2025;NA;NA;5;93;3
2025-08-23;Pista Silla;2025;20;11;6;70;3
2025-08-23;Politecnico;2025;18;10;9;56;3
2025-08-23;Moli del Sol;2025;17;10;7;72;5
2025-08-24;Avda. Francia;2025;22;14;10;NA;3
2025-08-24;Viveros;2025;NA;NA;7;93;3
2025-08-24;Pista Silla;2025;24;14;5;69;3
2025-08-24;Politecnico;2025;21;12;8;60;3
2025-08-24;Moli del Sol;2025;20;12;6;72;5
2025-08-25;Avda. Francia;2025;26;16;9;NA;3
2025-08-25;Viveros;2025;NA;NA;5;97;3
2025-08-25;Pista Silla;2025;26;15;6;76;3
2025-08-25;Politecnico;2025;25;14;8;58;3
2025-08-25;Moli del Sol;2025;24;14;9;70;5
2025-08-26;Avda. Francia;2025;28;16;13;NA;3
2025-08-26;Viveros;2025;NA;NA;9;84;3
2025-08-26;Pista Silla;2025;32;17;12;62;3
2025-08-26;Politecnico;2025;26;15;10;56;3
2025-08-26;Moli del Sol;2025;26;14;12;68;5
2025-08-27;Avda. Francia;2025;30;18;11;NA;3
2025-08-27;Viveros;2025;NA;NA;8;80;3
2025-08-27;Pista Silla;2025;33;16;9;64;3
2025-08-27;Politecnico;2025;30;15;9;66;3
2025-08-28;Avda. Francia;2025;35;19;19;51;3
2025-08-28;Viveros;2025;NA;NA;7;80;3
2025-08-28;Pista Silla;2025;43;18;13;52;3
2025-08-28;Politecnico;2025;37;17;8;67;3
2025-08-29;Avda. Francia;2025;31;14;14;57;3
2025-08-29;Viveros;2025;NA;NA;9;80;3
2025-08-29;Pista Silla;2025;38;14;7;53;3
2025-08-29;Politecnico;2025;26;12;10;54;3
2025-08-29;Moli del Sol;2025;27;12;7;69;3
2025-08-30;Avda. Francia;2025;19;9;20;57;3
2025-08-30;Viveros;2025;NA;NA;9;86;3
2025-08-30;Pista Silla;2025;24;11;9;60;3
2025-08-30;Politecnico;2025;24;9;10;66;3
2025-08-30;Moli del Sol;2025;20;9;8;74;3
2025-08-31;Avda. Francia;2025;19;9;11;65;3
2025-08-31;Viveros;2025;NA;NA;6;90;3
2025-08-31;Pista Silla;2025;26;11;7;65;3
2025-08-31;Politecnico;2025;24;9;9;70;3
2025-08-31;Moli del Sol;2025;22;9;7;78;3
